s,ell,m,n,branch_id,chi_grid_family,chi_grid_index,chi_numerator,chi_denominator,chi_float,chi_float_hex,omega_re_M,omega_im_M,angular_A_re,angular_A_im,root_solver_success,optimizer_residual_abs,continued_fraction_error,continued_fraction_terms,angular_padding,angular_refinement_padding,angular_refinement_abs,repeat_polish_delta_abs,branch_seed_delta_abs,branch_seed_optimizer_residual_abs,continuation_step_maximum,nearest_overtone_separation_abs,reference_member,reference_row,reference_abs_delta_omega_M,reference_abs_delta_A
-2,2,-2,0,schwarzschild-overtone-continuation,ell23-uniform-40,0,0,1,0.0,0x0.0p+0,0.3736716844180417,-0.08896231568893412,4.0,0.0,true,1.0728799188324372e-13,7.632783294297951e-17,1000,20,24,0.0,0.0,0.0,4.7004933890560566e-14,0.004,,KerrQNMEFs-2/l2/s-2l2m-2n0.dat,1,1.5859585452872752e-15,0.0
-2,2,-2,0,schwarzschild-overtone-continuation,ell23-uniform-40,1,19,780,0.02435897435897436,0x1.8f18f18f18f19p-6,0.37065003555144505,-0.08900789984737985,4.024019954224148,-0.00575294688192762,true,1.0017559023596051e-13,1.2412670766236366e-16,1000,20,24,5.3290843530542645e-15,0.0,6.156875516883687e-15,1.22041389073449e-13,0.004,,,,,
-2,2,-2,0,schwarzschild-overtone-continuation,ell23-uniform-40,2,19,390,0.04871794871794872,0x1.8f18f18f18f19p-5,0.36770952376222865,-0.08904765610586975,4.047548914295641,-0.011454514324371414,true,1.652704112758165e-14,5.428769931944591e-16,1000,20,24,1.0658304230166624e-14,0.0,2.6199631514184598e-15,1.2747178328302916e-13,0.004,,,,,
-2,2,-2,0,schwarzschild-overtone-continuation,ell23-uniform-40,3,19,260,0.07307692307692308,0x1.2b52b52b52b53p-4,0.3648463966702139,-0.08908191934040137,4.070607557302838,-0.017105059387560323,true,1.2700412776847836e-13,4.1191555942998253e-16,1000,20,24,5.329291871547129e-15,0.0,0.0,1.8567300956055586e-13,0.004,,,,,
-2,2,-2,0,schwarzschild-overtone-continuation,ell23-uniform-40,4,19,195,0.09743589743589744,0x1.8f18f18f18f19p-4,0.362057149125134,-0.08911099649555272,4.0932152659592775,-0.022704962164913942,true,1.847930122711355e-13,3.859827952908071e-16,1000,20,24,1.5987285340413164e-14,0.0,0.0,2.0186837557289389e-13,0.004,,,,,
-2,2,-2,0,schwarzschild-overtone-continuation,ell23-uniform-40,5,19,156,0.12179487179487179,0x1.f2df2df2df2dfp-4,0.3593385020699242,-0.08913516938843824,4.115390235250963,-0.028254620770370387,true,2.3123576330665573e-14,3.331391796911832e-16,1000,20,24,8.882174501207515e-15,1.0235750533041806e-15,3.612732295661811e-15,1.1779801132289415e-13,0.004,,,,,
-2,2,-2,0,schwarzschild-overtone-continuation,ell23-uniform-40,6,19,130,0.14615384615384616,0x1.2b52b52b52b53p-3,0.35668738359772095,-0.08915469718637173,4.137149568209552,-0.033754447103062316,true,7.349450014533785e-14,1.22614398128331e-16,1000,20,24,8.88188177466077e-15,0.0,5.23943008812145e-15,2.3072272283804074e-13,0.004,,,,,
-2,2,-2,0,schwarzschild-overtone-continuation,ell23-uniform-40,7,133,780,0.17051282051282052,0x1.5d35d35d35d36p-3,0.3541009119354343,-0.08916981860242833,4.158509362118016,-0.0392048632703949,true,1.246617817651181e-14,1.8319205572553517e-16,1000,20,24,1.7807424444409652e-15,0.0,3.3313917969118324e-15,1.0986160316453369e-14,0.004,,,,,
-2,2,-2,0,schwarzschild-overtone-continuation,ell23-uniform-40,8,38,195,0.19487179487179487,0x1.8f18f18f18f19p-3,0.3515763801239183,-0.08918075384647346,4.179484786276069,-0.0446062985703892,true,1.4022253051002082e-14,1.1364755910069911e-16,1000,20,24,1.4210861491463966e-14,0.0,6.195464776079161e-15,4.412602326645539e-14,0.004,,,,,
-2,2,-2,0,schwarzschild-overtone-continuation,ell23-uniform-40,9,57,260,0.21923076923076923,0x1.c0fc0fc0fc0fcp-3,0.34911124219627676,-0.08918770636369183,4.200090152300331,-0.04995918695043712,true,2.401779625492033e-15,3.808340345537821e-16,1000,20,24,1.2435125148379805e-14,7.850462293418876e-16,2.9052345828309737e-15,2.0038218502588872e-14,0.004,,,,,
-2,2,-2,0,schwarzschild-overtone-continuation,ell23-uniform-40,10,19,78,0.24358974358974358,0x1.f2df2df2df2dfp-3,0.34670310068231935,-0.08919086438791167,4.220338977804251,-0.05526396487300381,true,6.575670183899638e-14,2.7548807028800633e-16,1000,20,24,1.7772239894833365e-15,3.359026730943447e-15,4.063917697506171e-15,1.4928863154818698e-13,0.004,,,,,
-2,2,-2,0,schwarzschild-overtone-continuation,ell23-uniform-40,11,209,780,0.26794871794871794,0x1.1261261261261p-2,0.34434969528998244,-0.08919040233348526,4.240244044194353,-0.060521069530146826,true,1.582759113744879e-14,4.440892098500626e-16,1000,20,24,1.2434528852968096e-14,0.0,1.479726242848267e-14,1.284364422307125e-13,0.004,,,,,
-2,2,-2,0,schwarzschild-overtone-continuation,ell23-uniform-40,12,19,65,0.2923076923076923,0x1.2b52b52b52b53p-2,0.3420488926337714,-0.0891864820458886,4.259817449224792,-0.06573093735785439,true,1.0223701381680905e-14,7.632783294297951e-17,1000,20,24,1.4213564962188567e-14,0.0,0.0,5.484097192022683e-14,0.004,,,,,
-2,2,-2,0,schwarzschild-overtone-continuation,ell23-uniform-40,13,19,60,0.31666666666666665,0x1.4444444444444p-2,0.33979867689670556,-0.08917925392843565,4.279070654871779,-0.07089400280889009,true,2.3102244613642867e-14,1.153297605929378e-16,1000,20,24,1.0658719261875218e-14,0.0,6.728895541882085e-15,2.7144542007527713e-13,0.004,,,,,
-2,2,-2,0,schwarzschild-overtone-continuation,ell23-uniform-40,14,133,390,0.34102564102564104,0x1.5d35d35d35d36p-2,0.3375971413266575,-0.08916885796048127,4.298014531021273,-0.07601069734951553,true,1.1042383353244525e-13,7.91033905045424e-16,1000,20,24,5.345308810812644e-15,0.0,0.0,4.803559250984065e-14,0.004,,,,,
-2,2,-2,0,schwarzschild-overtone-continuation,ell23-uniform-40,15,19,52,0.36538461538461536,0x1.7627627627627p-2,0.33544248048002134,-0.08915542462008277,4.316659395403905,-0.08108144865061637,true,1.5988753456670228e-14,1.3530843112619095e-16,1000,20,24,3.553689326789271e-15,0.0,6.7440908628701735e-15,4.1968779943414965e-14,0.004,,,,,
-2,2,-2,0,schwarzschild-overtone-continuation,ell23-uniform-40,16,76,195,0.38974358974358975,0x1.8f18f18f18f19p-2,0.3333329831362024,-0.08913907572245582,4.335015050158798,-0.08610667994828002,true,7.266390612863127e-14,1.491862189340054e-16,1000,20,24,8.884559321017418e-15,0.0,1.0302703672092977e-14,2.537756134075358e-13,0.004,,,,,
-2,2,-2,0,schwarzschild-overtone-continuation,ell23-uniform-40,17,323,780,0.41410256410256413,0x1.a80a80a80a80bp-2,0.33126702581575,-0.08911992518431489,4.353090815365772,-0.09108680955286808,true,4.886040951764182e-14,4.936012307796018e-16,1000,20,24,8.882868333007365e-15,0.0,0.0,1.7593220543068354e-13,0.004,,,,,
-2,2,-2,0,schwarzschild-overtone-continuation,ell23-uniform-40,18,57,130,0.43846153846153846,0x1.c0fc0fc0fc0fcp-2,0.32924306684262516,-0.08909807972246289,4.370895559844724,-0.09602225048838739,true,1.0977832271282736e-13,4.471281307293777e-16,1000,20,24,2.486975468154407e-14,4.550919999621727e-15,7.23117977615587e-15,2.0134928376224944e-13,0.004,,,,,
-2,2,-2,0,schwarzschild-overtone-continuation,ell23-uniform-40,19,361,780,0.46282051282051284,0x1.d9ed9ed9ed9eep-2,0.32725964089826326,-0.08907363949421007,4.388437729489641,-0.10091341024686226,true,1.0598112465794591e-13,6.919785635576268e-16,1000,20,24,1.2436015666210312e-14,0.0,0.0,1.374743046559573e-13,0.004,,,,,
-2,2,-2,0,schwarzschild-overtone-continuation,ell23-uniform-40,20,19,39,0.48717948717948717,0x1.f2df2df2df2dfp-2,0.3253153540208811,-0.08904669868582056,4.405725373373959,-0.10576069064412372,true,4.1066247746084546e-14,5.369578658860689e-16,1000,20,24,1.4216952044357956e-14,0.0,4.9404924595819466e-15,8.12185624685521e-14,0.004,,,,,
-2,2,-2,0,schwarzschild-overtone-continuation,ell23-uniform-40,21,133,260,0.5115384615384615,0x1.05e85e85e85e8p-1,0.3234088790091045,-0.0890173460549076,4.422766167840102,-0.11056448776583003,true,1.963180725269685e-14,3.974145096771201e-16,1000,20,24,2.309305590927385e-14,0.0,0.0,3.4557018087284134e-14,0.004,,,,,
-2,2,-2,0,schwarzschild-overtone-continuation,ell23-uniform-40,22,209,390,0.5358974358974359,0x1.1261261261261p-1,0.32153895119303116,-0.08898566543072577,4.439567438762261,-0.11532519199251715,true,2.2293112463882273e-13,4.449557262054371e-16,1000,20,24,1.4210963135005665e-14,0.0,0.0,8.504772156723561e-14,0.004,,,,,
-2,2,-2,0,schwarzschild-overtone-continuation,ell23-uniform-40,23,437,780,0.5602564102564103,0x1.1ed9ed9ed9edap-1,0.3197043645405722,-0.08895173617686478,4.456136182153539,-0.12004318809492204,true,8.64252826497267e-14,3.0436364816617974e-16,1000,20,24,3.0199341774834515e-14,3.638866052308818e-15,1.0645783002129433e-14,2.3375676575699393e-13,0.004,,,,,
-2,2,-2,0,schwarzschild-overtone-continuation,ell23-uniform-40,24,38,65,0.5846153846153846,0x1.2b52b52b52b53p-1,0.31790396806981214,-0.08891563361910272,4.472479083270326,-0.1247188553902473,true,1.6013357514562894e-13,6.929259500104541e-16,1000,20,24,1.2438957793485555e-14,4.574957514952759e-15,1.1624592087939278e-14,2.5056708028935063e-13,0.004,,,,,
-2,2,-2,0,schwarzschild-overtone-continuation,ell23-uniform-40,25,95,156,0.6089743589743589,0x1.37cb7cb7cb7cbp-1,0.31613666254155026,-0.08887742944085303,4.488602534351917,-0.12935256795072,true,4.418910792780146e-14,2.882983075955557e-16,1000,20,24,3.197678417342919e-14,1.466587386380936e-15,9.180605055836266e-15,2.1111760027289807e-14,0.004,,,,,
-2,2,-2,0,schwarzschild-overtone-continuation,ell23-uniform-40,26,19,30,0.6333333333333333,0x1.4444444444444p-1,0.31440139740868633,-0.08883719204809096,4.504512651119842,-0.1339446948559549,true,8.757682428023574e-14,3.3682237275240584e-16,1000,20,24,1.4213564962188567e-14,0.0,0.0,1.6286044667014777e-13,0.004,,,,,
-2,2,-2,0,schwarzschild-overtone-continuation,ell23-uniform-40,27,171,260,0.6576923076923077,0x1.50bd0bd0bd0bdp-1,0.3126971680012566,-0.08879498690471109,4.520215288148743,-0.13849560047995316,true,3.2467143154296425e-14,5.898059818321144e-17,1000,20,24,1.0658719261875218e-14,0.0,0.0,1.0112858147186434e-13,0.004,,,,,
-2,2,-2,0,schwarzschild-overtone-continuation,ell23-uniform-40,28,133,195,0.6820512820512821,0x1.5d35d35d35d36p-1,0.3110230129279148,-0.08875087683888208,4.535716053210358,-0.1430056448033491,true,1.2438383049424385e-13,2.3263411494723067e-16,1000,20,24,2.1316354352825292e-14,0.0,0.0,2.8773965219720077e-13,0.004,,,,,
-2,2,-2,0,schwarzschild-overtone-continuation,ell23-uniform-40,29,551,780,0.7064102564102565,0x1.69ae9ae9ae9afp-1,0.30937801167609613,-0.08870492232051175,4.551020320680894,-0.14747518374102014,true,2.181902077756535e-13,4.494775313252277e-16,1000,20,24,5.3302268750589315e-15,5.950836838078908e-15,9.187734891009031e-15,2.3633777292935343e-13,0.004,,,,,
-2,2,-2,0,schwarzschild-overtone-continuation,ell23-uniform-40,30,19,26,0.7307692307692307,0x1.7627627627627p-1,0.30776128239402484,-0.08865718170917569,4.566133244092389,-0.1519045694740178,true,5.720310336735898e-14,1.8041124150158794e-16,1000,20,24,2.8424365601609406e-14,0.0,0.0,9.565252737894383e-14,0.004,,,,,
-2,2,-2,0,schwarzschild-overtone-continuation,ell23-uniform-40,31,589,780,0.7551282051282051,0x1.82a02a02a02a0p-1,0.3061719798390302,-0.08860771147231014,4.581059767900437,-0.1562941507754044,true,4.16308468418619e-14,6.783900038130591e-16,1000,20,24,2.6650035932803227e-14,0.0,3.607477487138822e-15,5.064369672624437e-14,0.004,,,,,
-2,2,-2,0,schwarzschild-overtone-continuation,ell23-uniform-40,32,152,195,0.7794871794871795,0x1.8f18f18f18f19p-1,0.3046092934765442,-0.08855656637269625,4.595804638530353,-0.1606442733183239,true,6.17539539710995e-14,3.316363021242753e-16,1000,20,24,7.105644194726877e-15,2.234280737922546e-15,9.623302769313212e-15,4.352031206853475e-13,0.004,,,,,
-2,2,-2,0,schwarzschild-overtone-continuation,ell23-uniform-40,33,209,260,0.8038461538461539,0x1.9b91b91b91b92p-1,0.30307244571523295,-0.0885037996253417,4.610372414756021,-0.1649552799564376,true,2.5894628196555747e-13,6.302181390449324e-16,1000,20,24,5.3362936375102066e-15,0.0,4.731491273748397e-15,1.6136823366346515e-13,0.004,,,,,
-2,2,-2,0,schwarzschild-overtone-continuation,ell23-uniform-40,34,323,390,0.8282051282051283,0x1.a80a80a80a80bp-1,0.3015606902635445,-0.08844946302415015,4.624767477457414,-0.16922751096780417,true,4.7994518887528756e-14,6.591949208711867e-17,1000,20,24,2.487519042106764e-14,0.0,0.0,2.9876611110962357e-13,0.004,,,,,
-2,2,-2,0,schwarzschild-overtone-continuation,ell23-uniform-40,35,133,156,0.8525641025641025,0x1.b483483483483p-1,0.30007331059397124,-0.08839360704013066,4.638994038796071,-0.1734613042563773,true,4.981723002963235e-14,9.336938611713343e-16,1000,20,24,3.554447978966673e-15,0.0,0.0,8.46150198001862e-14,0.004,,,,,
-2,2,-2,0,schwarzschild-overtone-continuation,ell23-uniform-40,36,57,65,0.8769230769230769,0x1.c0fc0fc0fc0fcp-1,0.29860961850216405,-0.08833628089410923,4.653056150841904,-0.17765699550872,true,2.0258452209910593e-14,5.07832705342619e-16,1000,20,24,2.3093239385599483e-14,0.0,3.4116785035959496e-15,3.5727439234870027e-13,0.004,,,,,
-2,2,-2,0,schwarzschild-overtone-continuation,ell23-uniform-40,37,703,780,0.9012820512820513,0x1.cd74d74d74d75p-1,0.2971689527495926,-0.08827753260814228,4.666957713681164,-0.1818149183074897,true,2.0717273311536708e-13,2.306595211858756e-16,1000,20,24,1.790180836524724e-15,0.0,1.8512537200309924e-14,5.92105993723124e-13,0.004,,,,,
-2,2,-2,0,schwarzschild-overtone-continuation,ell23-uniform-40,38,361,390,0.9256410256410257,0x1.d9ed9ed9ed9eep-1,0.2957506777808815,-0.08821740904086627,4.680702483034782,-0.18593540420712545,true,3.05618890311454e-13,2.396682302503803e-16,1000,20,24,2.309590796736608e-14,0.0,3.1295208469210264e-14,1.6677013308652812e-13,0.004,,,,,
-2,2,-2,0,schwarzschild-overtone-continuation,ell23-uniform-40,39,19,20,0.95,0x1.e666666666666p-1,0.29435418250879297,-0.08815595591154839,4.694294077414756,-0.19001878277822276,true,3.475139236338301e-13,4.632458786145298e-16,1000,20,24,1.4211288389453755e-14,0.0,2.8893540884658353e-14,6.077035914468551e-13,0.004,,KerrQNMEFs-2/l2/s-2l2m-2n0.dat,951,6.392239223708233e-15,2.8175668990751907e-15
-2,2,-2,0,schwarzschild-overtone-continuation,ell23-supplemental-high,40,97,100,0.97,0x1.f0a3d70a3d70ap-1,0.29322345476679945,-0.08810453707731168,4.705341435687922,-0.1933439407996112,true,9.576445820953305e-13,3.9933696130060543e-16,1000,20,24,7.106294666405892e-15,0.0,0.0,1.1830109790314612e-12,0.004,,KerrQNMEFs-2/l2/s-2l2m-2n0.dat,971,1.684697136118116e-14,5.264544246623344e-14
-2,2,-2,0,schwarzschild-overtone-continuation,ell23-supplemental-high,41,49,50,0.98,0x1.f5c28f5c28f5cp-1,0.2926633494814681,-0.08807851039013521,4.710827860964592,-0.1949972783831806,true,1.479794009088106e-12,8.902512316785585e-16,1000,20,24,3.376556750925877e-14,2.979811504227038e-14,4.180823561906395e-14,7.484035066633026e-13,0.004,,KerrQNMEFs-2/l2/s-2l2m-2n0.dat,981,3.047312253134901e-14,7.390955407097532e-14
-2,2,-2,0,schwarzschild-overtone-continuation,ell23-supplemental-high,42,99,100,0.99,0x1.fae147ae147aep-1,0.2921066985964093,-0.08805227615824822,4.7162897559150405,-0.19664448497918197,true,1.4621477907589778e-12,9.992970910418892e-16,1000,20,24,5.34321864568505e-15,0.0,0.0,1.4691158390608082e-12,0.004,,KerrQNMEFs-2/l2/s-2l2m-2n0.dat,991,4.239340499304571e-15,9.462982547496794e-15
-2,2,-2,0,schwarzschild-overtone-continuation,ell23-supplemental-high,43,199,200,0.995,0x1.fd70a3d70a3d7p-1,0.2918296567352361,-0.08803908213231568,4.719011574964122,-0.197465796160103,true,7.883831279264801e-12,9.982945356238896e-15,1101,20,24,3.553689326789271e-14,1.080595469283033e-13,2.0633435921708626e-13,8.50026301763257e-12,0.004,,KerrQNMEFs-2/l2/s-2l2m-2n0.dat,996,2.911839147590226e-13,6.3009538696985e-13
-2,2,-2,0,schwarzschild-overtone-continuation,ell23-supplemental-high,44,997,1000,0.997,0x1.fe76c8b439581p-1,0.2917190781083834,-0.08803379028099745,4.720098607465548,-0.19779389365742395,true,6.4588686433464855e-12,9.885092460718937e-15,1393,20,24,1.2442425513123379e-14,0.0,0.0,2.407272229719578e-12,0.004,,KerrQNMEFs-2/l2/s-2l2m-2n0.dat,998,2.9125597346618976e-13,6.451580244580726e-13
-2,2,-2,0,schwarzschild-overtone-continuation,ell23-supplemental-high,45,999,1000,0.999,0x1.ff7ced916872bp-1,0.29160863510305324,-0.08802849032686827,4.721184673988323,-0.1981217474371385,true,7.320287006020855e-12,9.629039997915031e-15,2295,20,24,1.7767817958208732e-14,5.706854133566731e-14,7.018397946811547e-14,2.492747976532137e-11,0.004,,KerrQNMEFs-2/l2/s-2l2m-2n0.dat,1000,5.047243983312974e-13,1.1386241313216127e-12
-2,2,-2,1,schwarzschild-overtone-continuation,ell23-uniform-40,0,0,1,0.0,0x0.0p+0,0.3467109968791629,-0.27391487529123804,4.0,0.0,true,4.966061220874334e-14,7.021666937153402e-16,1000,20,24,0.0,1.656056835017272e-15,2.171330583734304e-15,2.24210082701936e-14,0.004,0.1869072710624518,KerrQNMEFs-2/l2/s-2l2m-2n1.dat,1,3.2671507653874523e-15,0.0
-2,2,-2,1,schwarzschild-overtone-continuation,ell23-uniform-40,1,19,780,0.02435897435897436,0x1.8f18f18f18f19p-6,0.34325053152558505,-0.2742159604430991,4.022277982625047,-0.01773023415163242,true,2.971501088633813e-14,8.125323285481904e-16,1000,20,24,2.7755575615628914e-17,0.0,0.0,3.259142845718936e-14,0.004,0.18722381934596552,,,,
-2,2,-2,1,schwarzschild-overtone-continuation,ell23-uniform-40,2,19,390,0.04871794871794872,0x1.8f18f18f18f19p-5,0.3398760085438308,-0.2744978681099548,4.044084463296244,-0.035336065778914905,true,3.2454992276941864e-14,6.004849988450171e-16,1000,20,24,1.7768446633946356e-15,2.176999863837412e-15,1.1091817021906583e-14,3.772158160196514e-13,0.004,0.187527293218275,,,,
-2,2,-2,1,schwarzschild-overtone-continuation,ell23-uniform-40,3,19,260,0.07307692307692308,0x1.2b52b52b52b53p-4,0.3365836364709187,-0.2747616338867819,4.065441343084742,-0.052818532513292396,true,7.302533614639538e-14,8.121767085755589e-16,1000,20,24,1.954000408431075e-14,1.3877787807814457e-15,4.682062045615508e-15,3.1203548404473953e-13,0.004,0.18781836973019495,,,,
-2,2,-2,1,schwarzschild-overtone-continuation,ell23-uniform-40,4,19,195,0.09743589743589744,0x1.8f18f18f18f19p-4,0.33336987438189486,-0.2750082114261362,4.086369164670159,-0.0701787392371148,true,5.293610441439131e-13,1.0510763836891818e-15,1000,20,24,8.881957667654818e-15,1.6767124621531268e-14,1.7651673253117776e-14,1.8129503472526063e-13,0.004,0.1880976721045256,,,,
-2,2,-2,1,schwarzschild-overtone-continuation,ell23-uniform-40,5,19,156,0.12179487179487179,0x1.f2df2df2df2dfp-4,0.3302314100526178,-0.27523848019062497,4.106887224197377,-0.08741784335916591,true,2.697391426665323e-13,2.0014830212433605e-16,1000,20,24,1.2434776667520737e-14,0.0,0.0,1.978012424922372e-13,0.004,0.18836577475018984,,,,
-2,2,-2,1,schwarzschild-overtone-continuation,ell23-uniform-40,6,19,130,0.14615384615384616,0x1.2b52b52b52b53p-3,0.32716514040829625,-0.2754532523123936,4.127013671549878,-0.10453704219535498,true,6.429485483757162e-14,9.09180472805593e-16,1000,20,24,1.786950432383069e-15,0.0,0.0,1.3554545541108105e-13,0.004,0.18862320770514676,,,,
-2,2,-2,1,schwarzschild-overtone-continuation,ell23-uniform-40,7,133,780,0.17051282051282052,0x1.5d35d35d35d36p-3,0.3241681539756423,-0.27565327868226636,4.146765600442754,-0.12153756214244746,true,1.3346635568859918e-13,1.6199010924212654e-16,1000,20,24,8.882478059288706e-15,0.0,6.1687352198956276e-15,2.420237302633816e-13,0.004,0.18887046058721843,,,,
-2,2,-2,1,schwarzschild-overtone-continuation,ell23-uniform-40,8,38,195,0.19487179487179487,0x1.8f18f18f18f19p-3,0.3212377150945228,-0.2758392543724948,4.16615912954291,-0.1384206493853599,true,1.366070671273436e-14,4.041272810440265e-16,1000,20,24,1.4221692604176232e-14,0.0,0.0,1.0923263116166655e-13,0.004,0.18910798612006996,,,,
-2,2,-2,1,schwarzschild-overtone-continuation,ell23-uniform-40,9,57,260,0.21923076923076923,0x1.c0fc0fc0fc0fcp-3,0.3183712496799387,-0.27601182348197206,4.185209475658135,-0.15518756192200586,true,2.954274888803738e-13,6.958641650980174e-16,1000,20,24,1.4211830463658726e-14,0.0,1.4313913902343122e-14,1.4300568982448152e-13,0.004,0.18933620329173553,,,,
-2,2,-2,1,schwarzschild-overtone-continuation,ell23-uniform-40,10,19,78,0.24358974358974358,0x1.f2df2df2df2dfp-3,0.3155663323530783,-0.27617158347996984,4.20393101989738,-0.17183956272555986,true,3.6363829451485456e-14,5.855456244815921e-16,1000,20,24,5.3316719684500096e-15,2.899893189269637e-15,3.2864289324620454e-15,2.629851906434331e-13,0.004,0.18955550019498774,,,,
-2,2,-2,1,schwarzschild-overtone-continuation,ell23-uniform-40,11,209,780,0.26794871794871794,0x1.1261261261261p-2,0.3128206747847968,-0.27631908911383646,4.2223373675860705,-0.18837791389390468,true,3.6859946148905514e-13,6.379255420885912e-16,1000,20,24,3.5539667955116063e-14,1.0880752066901082e-14,1.334543955039318e-14,2.527430457603325e-13,0.004,0.18976623659164243,,,,
-2,2,-2,1,schwarzschild-overtone-continuation,ell23-uniform-40,12,19,65,0.2923076923076923,0x1.2b52b52b52b53p-2,0.3101321151152266,-0.2764548559372174,4.240441402619357,-0.20480387166091352,true,2.927566122177641e-13,2.3592239273284576e-16,1000,20,24,2.8443385208352465e-14,0.0,9.52416713611659e-15,8.59676880610561e-14,0.004,0.18996874623756094,,,,
-2,2,-2,1,schwarzschild-overtone-continuation,ell23-uniform-40,13,19,60,0.31666666666666665,0x1.4444444444444p-2,0.3074986083315648,-0.2765793635078409,4.258255336850484,-0.22111868216517033,true,3.3820826609804605e-14,5.678457721415499e-16,1000,20,24,1.790180836524724e-15,0.0,2.884978136427359e-15,1.7735235110768843e-13,0.004,0.1901633390001498,,,,
-2,2,-2,1,schwarzschild-overtone-continuation,ell23-uniform-40,14,133,390,0.34102564102564104,0x1.5d35d35d35d36p-2,0.3049182175009265,-0.27669305829764346,4.275790755038358,-0.23732357788932962,true,2.686299264438413e-13,6.938893903907228e-17,1000,20,24,5.3579045697976356e-15,0.0,0.0,2.4692797724690424e-13,0.004,0.1903503027959243,,,,
-2,2,-2,1,schwarzschild-overtone-continuation,ell23-uniform-40,15,19,52,0.36538461538461536,0x1.7627627627627p-2,0.30238910576880307,-0.2767963563525123,4.29305865581587,-0.2534197746981134,true,8.173654633220534e-14,8.539351410930558e-16,1000,20,24,9.992007221626409e-16,0.0,9.646170688990899e-15,2.7903224477379565e-13,0.004,0.19052990537239683,,,,
-2,2,-2,1,schwarzschild-overtone-continuation,ell23-uniform-40,16,76,195,0.38974358974358975,0x1.8f18f18f18f19p-2,0.29990952904509827,-0.27688964573442193,4.31006948908656,-0.2694084694154871,true,2.660494684414762e-13,1.1857187100668868e-16,1000,20,24,8.981148454337477e-15,7.484953687915974e-15,1.4131377288630564e-14,2.063486211134827e-13,0.004,0.19070239595557872,,,,
-2,2,-2,1,schwarzschild-overtone-continuation,ell23-uniform-40,17,323,780,0.41410256410256413,0x1.a80a80a80a80bp-2,0.2974778293098474,-0.2769732887746616,4.326833190212461,-0.28529083789207754,true,1.7481158703494988e-13,3.888257972851056e-16,1000,20,24,3.568292035180542e-15,4.860317512866426e-15,6.828097252802292e-15,3.8438736653003506e-14,0.004,0.1908680067814444,,,,
-2,2,-2,1,schwarzschild-overtone-continuation,ell23-uniform-40,18,57,130,0.43846153846153846,0x1.c0fc0fc0fc0fcp-2,0.2950924284799533,-0.2770476241633265,4.34335921131606,-0.3010680335225512,true,1.7025305376605485e-13,5.0895734351719815e-16,1000,20,24,3.568292035180542e-15,0.0,0.0,4.965068306494546e-14,0.004,0.19102695452764293,,,,
-2,2,-2,1,schwarzschild-overtone-continuation,ell23-uniform-40,19,361,780,0.46282051282051284,0x1.d9ed9ed9ed9eep-2,0.29275182278560186,-0.2771129688970954,4.359656549986406,-0.31674118617990527,true,5.432465452699231e-13,4.441434166503682e-16,1000,20,24,2.3095040712113947e-14,0.0,0.0,2.316413761128489e-13,0.004,0.19117944165935663,,,,
-2,2,-2,1,schwarzschild-overtone-continuation,ell23-uniform-40,20,19,39,0.48717948717948717,0x1.f2df2df2df2dfp-2,0.2904545776128091,-0.2771696201043643,4.375733775651988,-0.3323114015391042,true,8.310165810337988e-14,2.45228796256662e-16,1000,20,24,1.2494325815035072e-14,2.248030287623391e-15,5.6419650939040945e-15,1.0895672426551289e-13,0.004,0.19132565770126383,,,,
-2,2,-2,1,schwarzschild-overtone-continuation,ell23-uniform-40,21,133,260,0.5115384615384615,0x1.05e85e85e85e8p-1,0.2881993227742804,-0.27721785676392957,4.3915990538573855,-0.3477797607665347,true,2.6512720915788665e-13,2.237726045655905e-16,1000,20,24,2.3099309961998994e-14,0.0,0.0,3.102273850532274e-14,0.004,0.1914657804449399,,,,
-2,2,-2,1,schwarzschild-overtone-continuation,ell23-uniform-40,22,209,390,0.5358974358974359,0x1.1261261261261p-1,0.2859847481768191,-0.27725794133071213,4.4072601686626784,-0.3631473205542064,true,1.4246683630114667e-13,4.1777673608052093e-16,1000,20,24,1.5990680625176796e-14,0.0,0.0,8.728132538933693e-14,0.004,0.1915999770998906,,,,
-2,2,-2,1,schwarzschild-overtone-continuation,ell23-uniform-40,23,437,780,0.5602564102564103,0x1.1ed9ed9ed9edap-1,0.28380959985798365,-0.27729012127903335,4.422724543365647,-0.37841511347837,true,2.867472026495073e-13,8.582937747229195e-16,1000,20,24,3.972054645195637e-15,0.0,1.2488035141237784e-14,6.919948774992489e-13,0.004,0.19172840539291813,,,,
-2,2,-2,1,schwarzschild-overtone-continuation,ell23-uniform-40,24,38,65,0.5846153846153846,0x1.2b52b52b52b53p-1,0.28167267636969207,-0.27731463057089095,4.437999259733322,-0.39358414866095315,true,1.7357924246294925e-13,4.510281037539698e-16,1000,20,24,5.421936431859633e-15,0.0,1.0823962785272514e-14,2.1408048021859704e-13,0.004,0.19185121461877458,,,,
-2,2,-2,1,schwarzschild-overtone-continuation,ell23-uniform-40,25,95,156,0.6089743589743589,0x1.37cb7cb7cb7cbp-1,0.27957282548924617,-0.2773316910534523,4.453091075915822,-0.40865541270934647,true,1.8381699461054377e-13,2.582350176184633e-16,1000,20,24,1.2531265855673069e-14,0.0,7.093273899344904e-15,1.5546230658420853e-13,0.004,0.1919685466422493,,,,
-2,2,-2,1,schwarzschild-overtone-continuation,ell23-uniform-40,26,19,30,0.6333333333333333,0x1.4444444444444p-1,0.27750894124189385,-0.2773415137861487,4.468006443204252,-0.42362987090434034,true,2.9496751654977377e-13,7.818812650250153e-16,1000,20,24,2.8458331869140986e-14,0.0,1.5327914544639682e-14,4.840696649265224e-13,0.004,0.1920805368483332,,,,
-2,2,-2,1,schwarzschild-overtone-continuation,ell23-uniform-40,27,171,260,0.6576923076923077,0x1.50bd0bd0bd0bdp-1,0.2754799612196748,-0.2773443002941871,4.4827515217811,-0.4385084685993259,true,8.604794277845588e-14,5.556425174043347e-16,1000,20,24,1.248396301611496e-14,0.0,0.0,3.7037146597555505e-13,0.004,0.19218731503474898,,,,
-2,2,-2,1,schwarzschild-overtone-continuation,ell23-uniform-40,28,133,195,0.6820512820512821,0x1.5d35d35d35d36p-1,0.27348486418254747,-0.27734024374099336,4.4973321955994345,-0.4532921327840591,true,7.317641576792503e-14,6.795954956635687e-16,1000,20,24,1.0886980803209723e-14,0.0,0.0,1.0689643318349149e-13,0.004,0.1922890062374042,,,,
-2,2,-2,1,schwarzschild-overtone-continuation,ell23-uniform-40,29,551,780,0.7064102564102565,0x1.69ae9ae9ae9afp-1,0.27152266792627633,-0.2773295300083011,4.511754086511633,-0.4679817737561587,true,8.829226163936474e-14,1.115420450384655e-15,1000,20,24,1.0770880041763767e-14,6.239512662686193e-15,1.1839631965237795e-14,1.5701678213131321e-13,0.004,0.19238573147660784,,,,
-2,2,-2,1,schwarzschild-overtone-continuation,ell23-uniform-40,30,19,26,0.7307692307692307,0x1.7627627627627p-1,0.26959242739838174,-0.2773123386696345,4.526022567747716,-0.48257828683352044,true,7.382707639747274e-14,2.6370079266951707e-16,1000,20,24,3.7327276539370134e-14,0.0,0.0,4.4950603646635165e-13,0.004,0.19247760841057274,,,,
-2,2,-2,1,schwarzschild-overtone-continuation,ell23-uniform-40,31,589,780,0.7551282051282051,0x1.82a02a02a02a0p-1,0.26769323303893855,-0.27728884384081065,4.540142776821175,-0.49708255403224233,true,1.3971529300579066e-13,9.159339953157541e-16,1000,20,24,5.773159728050814e-15,0.0,1.4055835653816859e-14,3.3446964390091087e-13,0.004,0.192564751881452,,,,
-2,2,-2,1,schwarzschild-overtone-continuation,ell23-uniform-40,32,152,195,0.7794871794871795,0x1.8f18f18f18f19p-1,0.2658242093167718,-0.27725921489187033,4.554119627911705,-0.5114954456316629,true,4.292879717059357e-13,1.0035821348945274e-15,1000,20,24,2.3119311561848286e-14,1.1454682677892636e-14,2.399982750620886e-14,4.665642747695242e-13,0.004,0.19264727434207723,,,,
-2,2,-2,1,schwarzschild-overtone-continuation,ell23-uniform-40,33,209,260,0.8038461538461539,0x1.9b91b91b91b92p-1,0.2639845134242499,-0.2772236170090241,4.567957823742231,-0.5258178215534804,true,1.2536851548783466e-13,8.724538166977352e-16,1000,20,24,1.9560100690747752e-14,0.0,7.021008625018216e-15,4.793821146222347e-13,0.004,0.19272528615652618,,,,
-2,2,-2,1,schwarzschild-overtone-continuation,ell23-uniform-40,34,323,390,0.8282051282051283,0x1.a80a80a80a80bp-1,0.2621733340886396,-0.2771822116033325,4.581661866938733,-0.5400505324979163,true,3.768431240687384e-13,2.220717083251841e-16,1000,20,24,1.897149936107019e-15,0.0,0.0,5.197361787198434e-13,0.004,0.19279889577666592,,,,
-2,2,-2,1,schwarzschild-overtone-continuation,ell23-uniform-40,35,133,156,0.8525641025641025,0x1.b483483483483p-1,0.26038989045609534,-0.27713515657494,4.595236070839833,-0.5541944208080527,true,4.70372658198532e-13,4.2480540932182583e-16,1000,20,24,5.4930801582266845e-15,1.3489323969187856e-14,3.099436682322196e-14,1.1554856477198504e-13,0.004,0.19286820980825237,,,,
-2,2,-2,1,schwarzschild-overtone-continuation,ell23-uniform-40,36,57,65,0.8769230769230769,0x1.c0fc0fc0fc0fcp-1,0.25863343100834435,-0.27708260645597643,4.6086845697133345,-0.5682503210704878,true,6.494940955898143e-13,1.2994827337208943e-15,1000,20,24,1.0667388882858398e-14,0.0,0.0,1.3048743615197835e-13,0.004,0.19293333299263607,,,,
-2,2,-2,1,schwarzschild-overtone-continuation,ell23-uniform-40,37,703,780,0.9012820512820513,0x1.cd74d74d74d75p-1,0.2569032324854617,-0.2770247124654054,4.622011328353495,-0.5822190604925871,true,1.3551169579079438e-12,5.739182596318286e-16,1000,20,24,1.0770880041763767e-14,0.0,0.0,2.895025699614792e-13,0.004,0.1929943681366357,,,,
-2,2,-2,1,schwarzschild-overtone-continuation,ell23-uniform-40,38,361,390,0.9256410256410257,0x1.d9ed9ed9ed9eep-1,0.2551985988039639,-0.2769616225131014,4.6352201510580775,-0.5961014591173979,true,1.6040286484090635e-12,9.86354676812233e-16,1000,20,24,2.13728745827402e-14,5.490131436200675e-14,5.576959241103635e-14,3.767763929377459e-13,0.004,0.19305141602330408,,,,
-2,2,-2,1,schwarzschild-overtone-continuation,ell23-uniform-40,39,19,20,0.95,0x1.e666666666666p-1,0.2535188599750116,-0.2768934811817463,4.6483146900147005,-0.6098983299297732,true,1.618246700133914e-13,2.514331927660129e-16,1000,20,24,1.59933782709568e-14,0.0,4.3001117715867266e-14,1.2105803438650919e-12,0.004,0.19310457532527947,KerrQNMEFs-2/l2/s-2l2m-2n1.dat,951,3.4038114404659604e-14,7.100742059479892e-14
-2,2,-2,1,schwarzschild-overtone-continuation,ell23-supplemental-high,40,97,100,0.97,0x1.f0a3d70a3d70ap-1,0.2521578629629594,-0.2768338565951186,4.658983028708936,-0.6211629140906527,true,1.219286533940171e-12,9.981460801374063e-15,1045,20,24,1.6534497496617697e-14,0.0,0.0,2.8220742443882954e-13,0.004,0.19314538274536638,KerrQNMEFs-2/l2/s-2l2m-2n1.dat,971,1.4044870876974495e-13,3.147325625690199e-13
-2,2,-2,1,schwarzschild-overtone-continuation,ell23-supplemental-high,41,49,50,0.98,0x1.f5c28f5c28f5cp-1,0.2514833864276317,-0.2768028270099763,4.66428978255955,-0.6267739271478288,true,3.92608016089165e-13,9.830971033996317e-15,1237,20,24,1.9539925233402755e-14,0.0,1.1154461338640035e-13,1.7992103205993916e-12,0.004,0.19316484421535243,KerrQNMEFs-2/l2/s-2l2m-2n1.dat,981,3.5302482364257274e-13,8.276858219802944e-13
-2,2,-2,1,schwarzschild-overtone-continuation,ell23-supplemental-high,42,99,100,0.99,0x1.fae147ae147aep-1,0.25081286817091003,-0.2767709984828161,4.669578565171173,-0.6323708276136489,true,1.0451501571081334e-12,9.992989129264992e-15,1640,20,24,2.6660151455011122e-14,0.0,0.0,1.3681684423181664e-12,0.004,0.19318368613065454,KerrQNMEFs-2/l2/s-2l2m-2n1.dat,991,6.357498175997242e-13,1.4879975061552487e-12
-2,2,-2,1,schwarzschild-overtone-continuation,ell23-supplemental-high,43,199,200,0.995,0x1.fd70a3d70a3d7p-1,0.2504790804157647,-0.2767547875325688,4.672216287638514,-0.6351640027632843,true,2.6530793081036006e-11,9.977971439128769e-15,2209,20,24,4.076197102228689e-15,1.9607459603717295e-12,1.7843627134037425e-12,2.7130675770672082e-11,0.004,0.1931928767492931,KerrQNMEFs-2/l2/s-2l2m-2n1.dat,996,1.8908611689238593e-12,4.393256520826742e-12
-2,2,-2,1,schwarzschild-overtone-continuation,ell23-supplemental-high,44,997,1000,0.997,0x1.fe76c8b439581p-1,0.2503458383360348,-0.2767482481417813,4.673270140605853,-0.6362802903195075,true,1.1792896857925464e-11,9.931859001998571e-15,2700,20,24,1.7776054015095464e-14,0.0,0.0,2.805953528035918e-11,0.004,0.1931965102556198,KerrQNMEFs-2/l2/s-2l2m-2n1.dat,998,2.598366538452353e-12,6.033014373196577e-12
-2,2,-2,1,schwarzschild-overtone-continuation,ell23-supplemental-high,45,999,1000,0.999,0x1.ff7ced916872bp-1,0.2502127517799452,-0.27674167741263234,4.674323289925178,-0.6373960170673061,true,1.1207848520163035e-10,9.98111502922088e-15,4371,20,24,7.119291619286993e-15,2.480798297198126e-12,9.624821824476702e-12,1.3198152293187676e-10,0.004,0.19320011939998114,KerrQNMEFs-2/l2/s-2l2m-2n1.dat,1000,7.132023444091161e-12,1.658820811160893e-11
-2,2,-2,2,schwarzschild-overtone-continuation,ell23-uniform-40,0,0,1,0.0,0x0.0p+0,0.3010534546123659,-0.4782769832230724,4.0,0.0,true,9.792645392892016e-15,9.469747252991004e-16,1000,20,24,0.0,0.0,7.547067148719817e-15,4.3215356719464793e-13,0.004,0.20940029208238242,KerrQNMEFs-2/l2/s-2l2m-2n2.dat,1,7.468261590855957e-16,0.0
-2,2,-2,2,schwarzschild-overtone-continuation,ell23-uniform-40,1,19,780,0.02435897435897436,0x1.8f18f18f18f19p-6,0.29691120037511415,-0.4793523564780662,4.019348189840399,-0.031013214668954237,true,2.294751228482473e-13,3.0531133177191805e-16,1000,20,24,1.0658872847744044e-14,0.0,0.0,9.075080082570822e-14,0.004,0.21030519391990266,,,,
-2,2,-2,2,schwarzschild-overtone-continuation,ell23-uniform-40,2,19,390,0.04871794871794872,0x1.8f18f18f18f19p-5,0.29286470000141385,-0.48039389954191447,4.038299290175912,-0.06191907002916058,true,2.8110846983508964e-13,2.607399605677454e-16,1000,20,24,3.019827035422946e-14,0.0,0.0,3.6105982186949276e-14,0.004,0.21119478897525112,,,,
-2,2,-2,2,schwarzschild-overtone-continuation,ell23-uniform-40,3,19,260,0.07307692307692308,0x1.2b52b52b52b53p-4,0.2889101776009968,-0.48140342420306603,4.056878751544462,-0.09271966314092828,true,1.3751572135562573e-13,1.1124975193284016e-15,1000,20,24,5.329359630937609e-15,2.6535259329201464e-15,4.030965858799381e-15,2.1157297371323468e-13,0.004,0.2120697719755017,,,,
-2,2,-2,2,schwarzschild-overtone-continuation,ell23-uniform-40,4,19,195,0.09743589743589744,0x1.8f18f18f18f19p-4,0.28504410529712754,-0.4823826049352473,4.075110566012282,-0.12341718239211119,true,3.6721485420789896e-13,4.443059973708341e-16,1000,20,24,1.2449481814941202e-14,2.800426169986423e-15,3.652785602073406e-15,3.069746385892205e-13,0.004,0.21293078462473652,,,,
-2,2,-2,2,schwarzschild-overtone-continuation,ell23-uniform-40,5,19,156,0.12179487179487179,0x1.f2df2df2df2dfp-4,0.28126318112446036,-0.4833329904760353,4.093017386931018,-0.15401388154040765,true,8.979501393446224e-14,7.818812650250153e-16,1000,20,24,8.882478059288706e-15,1.6662594659381951e-15,1.8619006149354546e-15,1.1644625412542891e-13,0.004,0.21377841952658638,,,,
-2,2,-2,2,schwarzschild-overtone-continuation,ell23-uniform-40,6,19,130,0.14615384615384616,0x1.2b52b52b52b53p-3,0.2775643092371542,-0.4842560141332925,4.110620636107533,-0.18451205691232084,true,1.258779462713606e-13,7.021666937153402e-16,1000,20,24,3.885780586188048e-16,0.0,0.0,3.89637353555733e-13,0.004,0.21461322372329059,,,,
-2,2,-2,2,schwarzschild-overtone-continuation,ell23-uniform-40,7,133,780,0.17051282051282052,0x1.5d35d35d35d36p-3,0.27394458212505823,-0.48515300299150155,4.127940599881304,-0.21491402733105835,true,4.064568797251566e-14,4.793364605007606e-16,1000,20,24,7.108895957933346e-15,0.0,5.5901134966697714e-15,1.844253887205757e-13,0.004,0.21543570190448083,,,,
-2,2,-2,2,schwarzschild-overtone-continuation,ell23-uniform-40,8,38,195,0.19487179487179487,0x1.8f18f18f18f19p-3,0.27040126457965297,-0.4860251861655882,4.1449965153894865,-0.24522211641808633,true,1.4909034489744382e-13,2.9504581591051765e-16,1000,20,24,1.2452327962373347e-14,0.0,8.159383942282529e-15,5.225177119457217e-14,0.004,0.2162463193321027,,,,
-2,2,-2,2,schwarzschild-overtone-continuation,ell23-uniform-40,9,57,260,0.21923076923076923,0x1.c0fc0fc0fc0fcp-3,0.2669317791885666,-0.48687370222971116,4.161806648119301,-0.2754386369740609,true,5.322590277181739e-14,4.875529749534861e-16,1000,20,24,2.1334777765716796e-14,0.0,0.0,2.930911404808463e-13,0.004,0.21704550452257462,,,,
-2,2,-2,2,schwarzschild-overtone-continuation,ell23-uniform-40,10,19,78,0.24358974358974358,0x1.f2df2df2df2dfp-3,0.2635336931684439,-0.4876996059321957,4.178388361697096,-0.3055658771969123,true,1.2438065937884222e-13,7.860575515876907e-16,1000,20,24,1.7769118642034836e-14,0.0,0.0,1.9232344459069235e-13,0.004,0.21783365172320762,,,,
-2,2,-2,2,schwarzschild-overtone-continuation,ell23-uniform-40,11,209,780,0.26794871794871794,0x1.1261261261261p-2,0.2602047063727736,-0.48850387429412295,4.194758180735076,-0.3356060885394818,true,2.6180970430807184e-13,7.438546047598635e-16,1000,20,24,1.955537393550759e-14,0.0,0.0,8.379058453350832e-15,0.004,0.2186111232164076,,,,
-2,2,-2,2,schwarzschild-overtone-continuation,ell23-uniform-40,12,19,65,0.2923076923076923,0x1.2b52b52b52b53p-2,0.25694264033404784,-0.48928741217811167,4.210931847451432,-0.3655614750480358,true,2.1757289629111084e-13,5.27766632335736e-16,1000,20,24,1.0864880988549206e-14,1.3788683915077173e-15,2.3714374201337737e-15,4.1480309483100023e-13,0.004,0.21937825148252746,,,,
-2,2,-2,2,schwarzschild-overtone-continuation,ell23-uniform-40,13,19,60,0.31666666666666665,0x1.4444444444444p-2,0.2537454282194648,-0.4900510574047798,4.226924372687947,-0.3954341840572003,true,3.7128327974726045e-13,6.497413668604471e-16,1000,20,24,1.776495611857741e-14,0.0,3.679681763552389e-15,2.058318755465877e-13,0.004,0.2201353412503141,,,,
-2,2,-2,2,schwarzschild-overtone-continuation,ell23-uniform-40,14,133,390,0.34102564102564104,0x1.5d35d35d35d36p-2,0.2506111055969358,-0.4907955854867023,4.242750081876508,-0.42522629814703217,true,3.4970439206834014e-14,1.6199010924212654e-16,1000,20,24,5.3854400208818836e-15,0.0,2.8576114088871287e-15,1.6080751751199654e-13,0.004,0.22088267146178367,,,,
-2,2,-2,2,schwarzschild-overtone-continuation,ell23-uniform-40,15,19,52,0.36538461538461536,0x1.7627627627627p-2,0.24753780192361796,-0.4915217140438537,4.25842265644253,-0.45493982829518254,true,1.5773421095308333e-13,9.992970910418892e-16,1000,20,24,3.580361673049448e-15,2.288783399261119e-15,8.261282845494494e-15,1.2537166161668538e-13,0.004,0.22162049717747526,,,,
-2,2,-2,2,schwarzschild-overtone-continuation,ell23-uniform-40,16,76,195,0.38974358974358975,0x1.8f18f18f18f19p-2,0.24452373268382802,-0.49223010695880837,4.273955171084138,-0.48457670818079845,true,3.979693505048128e-13,9.77990265100482e-16,1000,20,24,1.897149936107019e-15,0.0,0.0,1.1029248557238297e-13,0.004,0.22234905144592718,,,,
-2,2,-2,2,schwarzschild-overtone-continuation,ell23-uniform-40,17,323,780,0.41410256410256413,0x1.a80a80a80a80bp-2,0.24156719211600994,-0.49292137832589944,4.289360127326089,-0.5141387896184346,true,3.2235401516742254e-13,4.996003610813204e-16,1000,20,24,3.7356983887120036e-14,0.0,2.865687575934818e-15,2.1328121164008897e-13,0.004,0.22306854716039723,,,,
-2,2,-2,2,schwarzschild-overtone-continuation,ell23-uniform-40,18,57,130,0.43846153846153846,0x1.c0fc0fc0fc0fcp-2,0.23866654648162447,-0.49359609624385103,4.304649483718355,-0.5436278391179531,true,5.118597739093477e-14,9.39188966358397e-16,1000,20,24,1.7962296908674955e-14,0.0,3.8146502182784986e-15,1.5173560682905132e-13,0.004,0.22377917892355187,,,,
-2,2,-2,2,schwarzschild-overtone-continuation,ell23-uniform-40,19,361,780,0.46282051282051284,0x1.d9ed9ed9ed9eep-2,0.2358202278407229,-0.4942547864972884,4.319834683027431,-0.5730455355812248,true,4.926789020614799e-14,1.0235750533041806e-15,1000,20,24,1.955127648994194e-14,1.0778315928076987e-15,3.8223166480711104e-15,1.4912936209878577e-13,0.004,0.22448112493856412,,,,
-2,2,-2,2,schwarzschild-overtone-continuation,ell23-uniform-40,20,19,39,0.48717948717948717,0x1.f2df2df2df2dfp-2,0.23302672831144147,-0.4948979361676354,4.334926676758516,-0.6023934691565649,true,5.914356355068759e-13,7.424616477180734e-16,1000,20,24,5.515473566030869e-15,7.928966916353063e-15,1.1815532565599485e-14,2.6810780396072737e-13,0.004,0.22517454894176708,,,,
-2,2,-2,2,schwarzschild-overtone-continuation,ell23-uniform-40,21,133,260,0.5115384615384615,0x1.05e85e85e85e8p-1,0.2302845948025537,-0.4955259972079236,4.349935947340681,-0.6316731412762079,true,2.1174674610315256e-13,1.3472894910096233e-16,1000,20,24,5.333694441429199e-15,0.0,0.0,2.8585170742698725e-13,0.004,0.2258596021871856,,,,
-2,2,-2,2,schwarzschild-overtone-continuation,ell23-uniform-40,22,209,390,0.5358974358974359,0x1.1261261261261p-1,0.22759242422028136,-0.4961393900085452,4.364872528311733,-0.6608859658994573,true,3.9233893101513277e-13,5.993212282476064e-16,1000,20,24,8.045862168512413e-15,0.0,5.106120759944544e-15,4.966061220874334e-13,0.004,0.2265364254868345,,,,
-2,2,-2,2,schwarzschild-overtone-continuation,ell23-uniform-40,23,437,780,0.5602564102564103,0x1.1ed9ed9ed9edap-1,0.22494885916183993,-0.49673850697116173,4.3797460228467395,-0.6900332719717471,true,1.462153185969057e-13,1.0183166650441783e-15,1000,20,24,2.094764613337708e-15,0.0,3.4494050496316523e-15,3.2635813585725936e-13,0.004,0.22720515130203323,,,,
-2,2,-2,2,schwarzschild-overtone-continuation,ell23-uniform-40,24,38,65,0.5846153846153846,0x1.2b52b52b52b53p-1,0.2223525841185706,-0.497323716094969,4.394565620986989,-0.7191163070859962,true,1.2081267186692572e-13,8.326672684688674e-17,1000,20,24,8.89287949701369e-15,0.0,3.0616802944333612e-15,2.973501437345902e-13,0.004,0.22786590586970806,,,,
-2,2,-2,2,schwarzschild-overtone-continuation,ell23-uniform-40,25,95,156,0.6089743589743589,0x1.37cb7cb7cb7cbp-1,0.21980232221944956,-0.49789536456298433,4.409340115935699,-0.7481362422942075,true,3.33957743245403e-13,6.955873419482872e-16,1000,20,24,7.119291619286993e-15,0.0,0.0,3.2610665398292533e-13,0.004,0.22851881133321217,,,,
-2,2,-2,2,schwarzschild-overtone-continuation,ell23-uniform-40,26,19,30,0.6333333333333333,0x1.4444444444444p-1,0.21729683254981982,-0.49845378229543996,4.424077919793008,-0.777094177963352,true,1.623235667132574e-13,1.2828511751091367e-15,1000,20,24,3.8778423131653425e-15,0.0,0.0,2.8559079804474996e-13,0.004,0.22916398783070402,,,,
-2,2,-2,2,schwarzschild-overtone-continuation,ell23-uniform-40,27,171,260,0.6576923076923077,0x1.50bd0bd0bd0bdp-1,0.21483490807792469,-0.4989992854130682,4.438787079093022,-0.8059911504991566,true,5.403646045395303e-13,1.2769261682520425e-15,1000,20,24,2.1345174550040826e-14,7.183280244430314e-15,1.315625995342026e-14,8.623791680787539e-13,0.004,0.22980155547475542,,,,
-2,2,-2,2,schwarzschild-overtone-continuation,ell23-uniform-40,28,133,195,0.6820512820512821,0x1.5d35d35d35d36p-1,0.21241537421041934,-0.499532179526322,4.453475290474405,-0.8348281396776651,true,1.4947807959523676e-13,3.957384481672112e-15,1000,20,24,2.3603665272841412e-15,0.0,0.0,9.451174130785985e-14,0.004,0.23043163613854645,,,,
-2,2,-2,2,schwarzschild-overtone-continuation,ell23-uniform-40,29,551,780,0.7064102564102565,0x1.69ae9ae9ae9afp-1,0.21003708797448703,-0.5000527627401842,4.468149916750203,-0.8636060762340969,true,2.457816135090447e-13,6.5668226980050504e-15,1000,20,24,3.033571409653787e-14,0.0,3.5709896874363505e-15,4.766269036228992e-13,0.004,0.2310543549482425,,,,
-2,2,-2,2,schwarzschild-overtone-continuation,ell23-uniform-40,30,19,26,0.7307692307692307,0x1.7627627627627p-1,0.207698937785698,-0.5005613282454134,4.482818003532983,-0.8923258492796691,true,4.0273774434797173e-13,9.797917216643393e-15,1038,20,24,1.248396301611496e-14,0.0,7.092622233518052e-15,2.789007521669991e-13,0.004,0.23166984137569924,,,,
-2,2,-2,2,schwarzschild-overtone-continuation,ell23-uniform-40,31,589,780,0.7551282051282051,0x1.82a02a02a02a0p-1,0.2053998437078773,-0.5010581663611933,4.497486296415958,-0.9209883130682985,true,2.2581401398825142e-13,9.984535479747883e-15,1098,20,24,5.617333549722722e-15,0.0,3.4582155199852684e-15,7.191274396934819e-13,0.004,0.23227822983564816,,,,
-2,2,-2,2,schwarzschild-overtone-continuation,ell23-uniform-40,32,152,195,0.7794871794871795,0x1.8f18f18f18f19p-1,0.2031387580493067,-0.5015435659156917,4.512161258517186,-0.9495942926537639,true,7.101895970835725e-13,9.980599721690742e-15,1154,20,24,1.4501059790511035e-14,0.0,1.0916977458004159e-14,4.814918349576419e-13,0.004,0.23287965972747054,,,,
-2,2,-2,2,schwarzschild-overtone-continuation,ell23-uniform-40,33,209,260,0.8038461538461539,0x1.9b91b91b91b92p-1,0.20091466608107345,-0.502017814907,4.5268490879987375,-0.9781445880915276,true,6.57439241528413e-13,9.884502468194171e-15,1233,20,24,3.580361673049448e-14,1.1022563465713405e-14,1.111110848057422e-14,1.5496104657276808e-13,0.004,0.2334742749265665,,,,
-2,2,-2,2,schwarzschild-overtone-continuation,ell23-uniform-40,34,323,390,0.8282051282051283,0x1.a80a80a80a80bp-1,0.1987265866340807,-0.5024812004798996,4.541555735033681,-1.0066399770592898,true,4.5153020190521037e-13,9.923666946366046e-15,1320,20,24,3.66205343881779e-15,0.0,1.0619654652552137e-14,8.892539077280395e-13,0.004,0.23406222281984357,,,,
-2,2,-2,2,schwarzschild-overtone-continuation,ell23-uniform-40,35,133,156,0.8525641025641025,0x1.b483483483483p-1,0.196573572356736,-0.5029340083670938,4.556286917691829,-1.0350812160628358,true,4.04378036664554e-13,9.817797435614007e-15,1423,20,24,1.1724291566434251e-14,0.0,3.14166756874016e-14,1.1038729517971273e-12,0.004,0.2346436530708079,,,,
-2,2,-2,2,schwarzschild-overtone-continuation,ell23-uniform-40,36,57,65,0.8769230769230769,0x1.c0fc0fc0fc0fcp-1,0.19445470951376811,-0.5033765220342082,4.571048136395942,-1.0634690406525718,true,1.1612477700904052e-12,9.880984919163893e-15,1551,20,24,2.1320907500235726e-14,0.0,0.0,3.650424110041787e-13,0.004,0.23521871634801148,,,,
-2,2,-2,2,schwarzschild-overtone-continuation,ell23-uniform-40,37,703,780,0.9012820512820513,0x1.cd74d74d74d75p-1,0.19236911735024054,-0.5038090217784291,4.5858446869126155,-1.0918041651586774,true,4.4462268465440536e-13,9.850361134991699e-15,1730,20,24,1.432144669219779e-14,1.04638520070921e-14,2.42209981212133e-14,2.1499791502033624e-12,0.004,0.2357875632150076,,,,
-2,2,-2,2,schwarzschild-overtone-continuation,ell23-uniform-40,38,361,390,0.9256410256410257,0x1.d9ed9ed9ed9eep-1,0.1903159471572088,-0.5042317839420136,4.6006816721038195,-1.1200872823008823,true,1.3630793647548737e-12,9.901079482221412e-15,1969,20,24,4.189529226675416e-15,0.0,0.0,4.777791093790419e-13,0.004,0.23635034326321167,,,,
-2,2,-2,2,schwarzschild-overtone-continuation,ell23-uniform-40,39,19,20,0.95,0x1.e666666666666p-1,0.18829438118695235,-0.5046450802778544,4.615564012710095,-1.1483190627855029,true,1.0880501030724802e-12,9.986184564106219e-15,2346,20,24,1.7763568394002505e-14,0.0,0.0,1.2151218916199048e-12,0.004,0.2369072044577968,KerrQNMEFs-2/l2/s-2l2m-2n2.dat,951,9.806135602452922e-14,2.257494858550061e-13
-2,2,-2,2,schwarzschild-overtone-continuation,ell23-supplemental-high,40,97,100,0.97,0x1.f0a3d70a3d70ap-1,0.18665764130237492,-0.5049775293913024,4.627820448319892,-1.1714609181194588,true,1.0234852637706807e-11,9.89756067962168e-15,2827,20,24,5.347542221830668e-15,0.0,4.393802124656317e-13,6.797699225398482e-12,0.004,0.23736009452837234,KerrQNMEFs-2/l2/s-2l2m-2n2.dat,971,2.6082175508550196e-13,6.236342417971116e-13
-2,2,-2,2,schwarzschild-overtone-continuation,ell23-supplemental-high,41,49,50,0.98,0x1.f5c28f5c28f5cp-1,0.18584692919427928,-0.5051414738178093,4.633962131796613,-1.1830191409757915,true,4.84934876023096e-12,9.979756056871433e-15,3391,20,24,1.3322676295501878e-15,3.0098310519156634e-13,5.817237433223792e-13,9.31490908142777e-12,0.004,0.23758510505538427,KerrQNMEFs-2/l2/s-2l2m-2n2.dat,981,6.278022408333746e-13,1.5116955864866003e-12
-2,2,-2,2,schwarzschild-overtone-continuation,ell23-supplemental-high,42,99,100,0.99,0x1.fae147ae147aep-1,0.18504125336123334,-0.5053039220245203,4.640113209223986,-1.1945689507409898,true,4.534661528147605e-12,9.828004472177764e-15,4464,20,24,8.981148454337477e-15,0.0,0.0,1.3415957579463652e-11,0.004,0.2378091723571463,KerrQNMEFs-2/l2/s-2l2m-2n2.dat,991,1.0356577089489643e-12,2.520936315204928e-12
-2,2,-2,2,schwarzschild-overtone-continuation,ell23-supplemental-high,43,199,200,0.995,0x1.fd70a3d70a3d7p-1,0.184640288159955,-0.5053845905781363,4.643192366829631,-1.2003407137838644,true,3.666521847260288e-11,9.918823948887314e-15,5818,20,24,3.431864408007651e-14,4.1078987795804735e-12,4.9271853390956365e-12,3.274407015688275e-11,0.004,0.23792085534134805,KerrQNMEFs-2/l2/s-2l2m-2n2.dat,996,3.3682923567366192e-12,8.248191999684134e-12
-2,2,-2,2,schwarzschild-overtone-continuation,ell23-supplemental-high,44,997,1000,0.997,0x1.fe76c8b439581p-1,0.18448024964394485,-0.5054167549958531,4.644424717460958,-1.2026488341769528,true,2.4408369844009116e-11,9.98322105758644e-15,7119,20,24,4.440892098500626e-15,0.0,0.0,1.9261711420501835e-11,0.004,0.23796546346187775,KerrQNMEFs-2/l2/s-2l2m-2n2.dat,998,1.1755186537821239e-11,2.8819898951414584e-11
-2,2,-2,2,schwarzschild-overtone-continuation,ell23-supplemental-high,45,999,1000,0.999,0x1.ff7ced916872bp-1,0.18432040916431439,-0.5054488607611184,4.645657464697068,-1.204956620850187,true,1.954686227096323e-10,9.966600986539018e-15,10749,20,24,2.324585382549742e-14,1.966296368888112e-11,0.0,1.3679482165058273e-10,0.004,0.23801003451655917,KerrQNMEFs-2/l2/s-2l2m-2n2.dat,1000,9.273868228089967e-12,2.2774017062300596e-11
-2,2,-1,0,schwarzschild-overtone-continuation,ell23-uniform-40,0,0,1,0.0,0x0.0p+0,0.37367168441804177,-0.08896231568893413,4.0,0.0,true,9.831963606719085e-14,7.979727989493313e-17,1000,20,24,0.0,0.0,0.0,3.477320601100914e-14,0.004,,KerrQNMEFs-2/l2/s-2l2m-1n0.dat,1,1.5691722129514915e-15,0.0
-2,2,-1,0,schwarzschild-overtone-continuation,ell23-uniform-40,1,19,780,0.02435897435897436,0x1.8f18f18f18f19p-6,0.37216623141021016,-0.08898305066009363,4.012042791167387,-0.0028674073414127967,true,6.362265728429862e-15,1.0408340855860843e-16,1000,20,24,3.552714631712439e-15,0.0,1.3947004136484323e-15,1.1223278546786018e-13,0.004,,,,,
-2,2,-1,0,schwarzschild-overtone-continuation,ell23-uniform-40,2,19,390,0.04871794871794872,0x1.8f18f18f18f19p-5,0.37071221200131277,-0.0889967880304848,4.0239034095237205,-0.005690862864573841,true,4.0157551039599683e-14,3.803279846206874e-16,1000,20,24,1.7763582708853544e-14,1.7565135271065668e-15,2.659470836043833e-15,4.896322696446009e-14,0.004,,,,,
-2,2,-1,0,schwarzschild-overtone-continuation,ell23-uniform-40,3,19,260,0.07307692307692308,0x1.2b52b52b52b53p-4,0.3693079274618492,-0.08900372875129352,4.03558895576731,-0.008470343742045848,true,5.417888360170764e-14,2.5648108051662706e-16,1000,20,24,7.105481567502833e-15,0.0,0.0,1.1759940109134363e-13,0.004,,,,,
-2,2,-1,0,schwarzschild-overtone-continuation,ell23-uniform-40,4,19,195,0.09743589743589744,0x1.8f18f18f18f19p-4,0.36795179663620176,-0.0890040437186547,4.047106152193657,-0.011205829207509035,true,1.6792346208119906e-13,9.485749680535094e-16,1000,20,24,1.776370391875708e-15,7.33904079493401e-15,1.1539787375324793e-14,6.525476905729966e-14,0.004,,,,,
-2,2,-1,0,schwarzschild-overtone-continuation,ell23-uniform-40,5,19,156,0.12179487179487179,0x1.f2df2df2df2dfp-4,0.3666423473576431,-0.08899787550781277,4.058461371394089,-0.013897297022905226,true,9.712084816111428e-14,4.919401737756418e-16,1000,20,24,3.5529576159146815e-15,4.23524983088896e-15,7.999012912691474e-15,3.342785473591692e-14,0.004,,,,,
-2,2,-1,0,schwarzschild-overtone-continuation,ell23-uniform-40,6,19,130,0.14615384615384616,0x1.2b52b52b52b53p-3,0.36537820872951327,-0.08898533981300587,4.06966066228292,-0.016544720268162536,true,1.5557390092271957e-14,5.377642775528102e-16,1000,20,24,3.1974550352122955e-14,0.0,3.5501106399758966e-15,1.4045668384523375e-13,0.004,,,,,
-2,2,-1,0,schwarzschild-overtone-continuation,ell23-uniform-40,7,133,780,0.17051282051282052,0x1.5d35d35d35d36p-3,0.36415810417334976,-0.0889665266207274,4.080709773748641,-0.019148064391521787,true,2.503640309065241e-13,5.810469165661947e-16,1000,20,24,1.598730792783822e-14,1.015665410685238e-14,1.1735062622051273e-14,9.60260127315948e-14,0.004,,,,,
-2,2,-1,0,schwarzschild-overtone-continuation,ell23-uniform-40,8,38,195,0.19487179487179487,0x1.8f18f18f18f19p-3,0.36298084515740997,-0.0889415011379983,4.091614176186682,-0.021707284466389427,true,3.846710502390266e-14,1.942890293094024e-16,1000,20,24,1.0658150071415777e-14,0.0,0.0,7.538046433999677e-14,0.004,,,,,
-2,2,-1,0,schwarzschild-overtone-continuation,ell23-uniform-40,9,57,260,0.21923076923076923,0x1.c0fc0fc0fc0fcp-3,0.3618453255298155,-0.08891030449326516,4.102379081136141,-0.024222322607140356,true,3.279727348538939e-14,4.90457592513324e-16,1000,20,24,1.7764110486817194e-15,0.0,4.080754006815926e-15,4.5854361419663215e-14,0.004,,,,,
-2,2,-1,0,schwarzschild-overtone-continuation,ell23-uniform-40,10,19,78,0.24358974358974358,0x1.f2df2df2df2dfp-3,0.36075051638974326,-0.08887295422346138,4.113009459216098,-0.02669310550147383,true,2.3019129766941286e-13,1.0755285551056204e-16,1000,20,24,1.7790111516265277e-15,0.0,0.0,3.598647120078721e-14,0.004,,,,,
-2,2,-1,0,schwarzschild-overtone-continuation,ell23-uniform-40,11,209,780,0.26794871794871794,0x1.1261261261261p-2,0.35969546143756026,-0.08882944455690049,4.123510056530395,-0.02911954202092669,true,9.937779876656633e-14,4.561234287365988e-16,1000,20,24,1.7763634801261442e-14,0.0,0.0,5.5110468959241055e-14,0.004,,,,,
-2,2,-1,0,schwarzschild-overtone-continuation,ell23-uniform-40,12,19,65,0.2923076923076923,0x1.2b52b52b52b53p-2,0.3586792727512038,-0.08877974649868117,4.133885409689029,-0.03150152087436458,true,2.1320907500235726e-14,4.663148376188252e-16,1000,20,24,5.329142797855409e-15,0.0,2.2218333946210646e-15,3.0201331455116262e-15,0.004,,,,,
-2,2,-1,0,schwarzschild-overtone-continuation,ell23-uniform-40,13,19,60,0.31666666666666665,0x1.4444444444444p-2,0.3577011269413117,-0.08872380772211953,4.144139859574614,-0.033838908271607265,true,1.0893251238894355e-13,3.0674698832338827e-16,1000,20,24,2.6645529676770137e-14,4.709152826639504e-15,7.957916085970063e-15,8.188720846142519e-14,0.004,,,,,
-2,2,-1,0,schwarzschild-overtone-continuation,ell23-uniform-40,14,133,390,0.34102564102564104,0x1.5d35d35d35d36p-2,0.35676026164182806,-0.0886615522671003,4.154277563964945,-0.03613154556611752,true,8.528478622453147e-14,3.8163916471489756e-17,1000,20,24,7.105549329298523e-15,0.0,0.0,2.0856218435838075e-13,0.004,,,,,
-2,2,-1,0,schwarzschild-overtone-continuation,ell23-uniform-40,15,19,52,0.36538461538461536,0x1.7627627627627p-2,0.355855972296003,-0.08859288004307556,4.164302509108491,-0.03837924684662855,true,1.148485875818876e-13,4.443059973708341e-16,1000,20,24,1.9540102647498285e-14,0.0,0.0,3.274471394148892e-13,0.004,,,,,
-2,2,-1,0,schwarzschild-overtone-continuation,ell23-uniform-40,16,76,195,0.38974358974358975,0x1.8f18f18f18f19p-2,0.35498760920018974,-0.0885176661325306,4.174218520333643,-0.04058179644845459,true,2.2403409359891383e-14,3.7470027081099033e-16,1000,20,24,1.7764007490455363e-14,0.0,2.4980018054066022e-15,1.0063423070609533e-13,0.004,,,,,
-2,2,-1,0,schwarzschild-overtone-continuation,ell23-uniform-40,17,323,780,0.41410256410256413,0x1.a80a80a80a80bp-2,0.35415457476918,-0.08843575988738848,4.184029271761682,-0.04273894635510624,true,2.4046518324426962e-14,3.554447978966673e-16,1000,20,24,1.2434505620100574e-14,0.0,5.198097665566664e-15,3.5461156026402595e-14,0.004,,,,,
-2,2,-1,0,schwarzschild-overtone-continuation,ell23-uniform-40,18,57,130,0.43846153846153846,0x1.c0fc0fc0fc0fcp-2,0.353356320987581,-0.08834698380903723,4.193738295179511,-0.044850413460939875,true,4.7829871682254534e-14,5.250799068724542e-16,1000,20,24,3.197588072556782e-14,0.0,0.0,1.9765163030843244e-13,0.004,,,,,
-2,2,-1,0,schwarzschild-overtone-continuation,ell23-uniform-40,19,361,780,0.46282051282051284,0x1.d9ed9ed9ed9eep-2,0.3525923470112473,-0.08825113219962506,4.203348988116582,-0.0469158766648744,true,5.687116766346677e-15,1.0008918511183778e-15,1000,20,24,1.7763568394002505e-15,0.0,1.415262216750919e-15,4.133191979648027e-14,0.004,,,,,
-2,2,-1,0,schwarzschild-overtone-continuation,ell23-uniform-40,20,19,39,0.48717948717948717,0x1.f2df2df2df2dfp-2,0.3518621968814968,-0.0881479695702359,4.212864621158934,-0.04893497376473151,true,2.797472996688223e-13,5.598724278897605e-16,1000,20,24,3.554447978966673e-15,1.191882234262062e-14,1.4450136181903185e-14,2.545933849443511e-13,0.004,,,,,
-2,2,-1,0,schwarzschild-overtone-continuation,ell23-uniform-40,21,133,260,0.5115384615384615,0x1.05e85e85e85e8p-1,0.351165457312273,-0.08803722878908696,4.222288344520555,-0.05090729812099401,true,2.350940706300376e-13,5.923820329225954e-16,1000,20,24,1.0658719261875218e-14,0.0,0.0,2.0269984855139258e-13,0.004,,,,,
-2,2,-1,0,schwarzschild-overtone-continuation,ell23-uniform-40,22,209,390,0.5358974358974359,0x1.1261261261261p-1,0.35050175550676693,-0.0879186089511942,4.231623193879702,-0.05283239505841221,true,2.7469888235128916e-14,7.632783294297951e-17,1000,20,24,5.329522249959877e-15,0.0,0.0,7.938055806988077e-14,0.004,,,,,
-2,2,-1,0,schwarzschild-overtone-continuation,ell23-uniform-40,23,437,780,0.5602564102564103,0x1.1ed9ed9ed9edap-1,0.34987075695445485,-0.08779177294882734,4.2408720954738515,-0.05470975797349949,true,1.9756842188111655e-13,1.9157505709963722e-16,1000,20,24,1.066251308843905e-14,0.0,0.0,6.218557277375498e-14,0.004,,,,,
-2,2,-1,0,schwarzschild-overtone-continuation,ell23-uniform-40,24,38,65,0.5846153846153846,0x1.2b52b52b52b53p-1,0.3492721631528661,-0.08765634472166886,4.2500378704317265,-0.056538824116873845,true,1.5882088642075617e-13,1.457167719820518e-16,1000,20,24,3.555991877924255e-15,0.0,0.0,9.782595851955132e-14,0.004,,,,,
-2,2,-1,0,schwarzschild-overtone-continuation,ell23-uniform-40,25,95,156,0.6089743589743589,0x1.37cb7cb7cb7cbp-1,0.3487057091893472,-0.0875119061657727,4.259123238304453,-0.058318970021399366,true,3.6374674614104e-14,4.460365043975677e-16,1000,20,24,3.563539207208429e-15,0.0,0.0,8.972937600205703e-14,0.004,,,,,
-2,2,-1,0,schwarzschild-overtone-continuation,ell23-uniform-40,26,19,30,0.6333333333333333,0x1.4444444444444p-1,0.3481711611070529,-0.08735799368176261,4.268130819738223,-0.060049506550758205,true,5.4522237755852004e-14,1.97758476261356e-16,1000,20,24,7.105915231829363e-15,0.0,8.339072507238034e-15,2.960637383094397e-13,0.004,,,,,
-2,2,-1,0,schwarzschild-overtone-continuation,ell23-uniform-40,27,171,260,0.6576923076923077,0x1.50bd0bd0bd0bdp-1,0.3476683129660639,-0.0871940943476438,4.277063138209425,-0.06172967355050299,true,5.51927140963145e-14,1.210359718951479e-15,1000,20,24,3.730375176988648e-14,2.3142641556975435e-15,1.081801822223827e-14,2.462586789581623e-13,0.004,,,,,
-2,2,-1,0,schwarzschild-overtone-continuation,ell23-uniform-40,28,133,195,0.6820512820512821,0x1.5d35d35d35d36p-1,0.3471969834949978,-0.08701964170909589,4.28592262072044,-0.06335863409484327,true,3.673076861643703e-14,7.065756787731808e-16,1000,20,24,3.553689326789271e-15,0.0,1.0759716576983128e-14,9.101472657930757e-14,0.004,,,,,
-2,2,-1,0,schwarzschild-overtone-continuation,ell23-uniform-40,29,551,780,0.7064102564102565,0x1.69ae9ae9ae9afp-1,0.3467570122105824,-0.08683401119301684,4.294711597326024,-0.06493546834006646,true,4.8416417501409715e-14,4.451856111102413e-16,1000,20,24,1.6653345369377348e-16,1.98995089352843e-15,2.0977285060972652e-14,3.6447287780262217e-13,0.004,,,,,
-2,2,-1,0,schwarzschild-overtone-continuation,ell23-uniform-40,30,19,26,0.7307692307692307,0x1.7627627627627p-1,0.3463482548642959,-0.08663651516987582,4.3034322993354746,-0.06645916702161217,true,2.8304373391024112e-14,5.551115123125783e-17,1000,20,24,1.2434528852968096e-14,0.0,0.0,8.042797661766892e-14,0.004,,,,,
-2,2,-1,0,schwarzschild-overtone-continuation,ell23-uniform-40,31,589,780,0.7551282051282051,0x1.82a02a02a02a0p-1,0.3459705780567045,-0.08642639771860122,4.312086856006195,-0.06792862466868392,true,1.4269022378479302e-13,7.4664078341933465e-16,1000,20,24,3.375119080166417e-14,4.45829198214451e-15,6.110829802711985e-15,9.739358317368926e-14,0.004,,,,,
-2,2,-1,0,schwarzschild-overtone-continuation,ell23-uniform-40,32,152,195,0.7794871794871795,0x1.8f18f18f18f19p-1,0.3456238528467774,-0.08620282918738839,4.320677289524396,-0.06934263266123719,true,5.621155985694616e-13,2.600234183879298e-16,1000,20,24,1.8452761694870047e-15,0.0,0.0,1.987234708454171e-13,0.004,,,,,
-2,2,-1,0,schwarzschild-overtone-continuation,ell23-uniform-40,33,209,260,0.8038461538461539,0x1.9b91b91b91b92p-1,0.34530794717849267,-0.0859649006941407,4.329205508055136,-0.0706998723196919,true,5.934243325575025e-14,4.518280359883027e-16,1000,20,24,1.2436480258895385e-14,0.0,1.4301772388124635e-14,2.949187047247097e-13,0.004,,,,,
-2,2,-1,0,schwarzschild-overtone-continuation,ell23-uniform-40,34,323,390,0.8282051282051283,0x1.a80a80a80a80bp-1,0.3450227169600438,-0.08571161877141346,4.337673296652609,-0.0719989082980756,true,2.754105084946167e-13,5.095246377785861e-16,1000,20,24,1.776669062186882e-14,1.0679812083153573e-14,1.436623874980359e-14,1.7355552332989315e-13,0.004,,,,,
-2,2,-1,0,schwarzschild-overtone-continuation,ell23-uniform-40,35,133,156,0.8525641025641025,0x1.b483483483483p-1,0.34476799566899796,-0.08544190042329047,4.346082305858005,-0.0732381826379655,true,9.494893174802984e-14,4.3368086899420177e-16,1000,20,24,8.881957667654818e-15,0.0,2.2021040879812377e-14,3.642443955628102e-13,0.004,,,,,
-2,2,-1,0,schwarzschild-overtone-continuation,ell23-uniform-40,36,57,65,0.8769230769230769,0x1.c0fc0fc0fc0fcp-1,0.3445435824270951,-0.08515456891093476,4.3544340378880255,-0.07441600991825809,true,3.2453655402693573e-13,1.4444945617105257e-15,1000,20,24,1.4210963135005665e-14,0.0,0.0,5.538844699397623e-14,0.004,,,,,
-2,2,-1,0,schwarzschild-overtone-continuation,ell23-uniform-40,37,703,780,0.9012820512820513,0x1.cd74d74d74d75p-1,0.3443492285814448,-0.08484835059159733,4.362729830426187,-0.07553057397519608,true,2.747516453150268e-13,2.949029909160572e-16,1000,20,24,2.3092638912203256e-14,0.0,0.0,5.753312400962914e-14,0.004,,,,,
-2,2,-1,0,schwarzschild-overtone-continuation,ell23-uniform-40,38,361,390,0.9256410256410257,0x1.d9ed9ed9ed9eep-1,0.34418462290843327,-0.08452187308117727,4.3709708381343395,-0.0765799266428242,true,1.4504527390211362e-13,4.518280359883027e-16,1000,20,24,7.109817020454388e-15,0.0,0.0,5.120292741100622e-13,0.004,,,,,
-2,2,-1,0,schwarzschild-overtone-continuation,ell23-uniform-40,39,19,20,0.95,0x1.e666666666666p-1,0.3440493755538866,-0.08417366491283336,4.379158012039726,-0.07756198889010943,true,1.714397177492741e-13,8.183262666721595e-16,1000,20,24,1.2434621784004102e-14,0.0,0.0,1.4572623500437262e-13,0.004,,KerrQNMEFs-2/l2/s-2l2m-1n0.dat,951,6.16212847776912e-15,8.006713876107084e-15
-2,2,-1,0,schwarzschild-overtone-continuation,ell23-supplemental-high,40,97,100,0.97,0x1.f0a3d70a3d70ap-1,0.3439599402763588,-0.08387042188524774,4.385840384294045,-0.07831646105902747,true,2.5011331388797804e-13,8.293955854428266e-16,1000,20,24,8.882478059288706e-15,0.0,1.3972086190361482e-14,4.753372912715793e-13,0.004,,KerrQNMEFs-2/l2/s-2l2m-1n0.dat,971,1.1085877107349717e-14,5.7572751634672216e-15
-2,2,-1,0,schwarzschild-overtone-continuation,ell23-supplemental-high,41,49,50,0.98,0x1.f5c28f5c28f5cp-1,0.34392242275054097,-0.08371262609760678,4.389168237205974,-0.0786757308783065,true,5.071032111364023e-13,2.098646207102924e-15,1000,20,24,2.6648185822050824e-14,0.0,0.0,5.702963132370404e-13,0.004,,KerrQNMEFs-2/l2/s-2l2m-1n0.dat,981,9.905591252554558e-15,1.2920697442643975e-14
-2,2,-1,0,schwarzschild-overtone-continuation,ell23-supplemental-high,42,99,100,0.99,0x1.fae147ae147aep-1,0.3438896450362027,-0.08355055703573672,4.392487234694507,-0.07902280412950534,true,2.6366904434165475e-12,3.055527177423061e-16,1000,20,24,1.2435613005176604e-14,0.0,0.0,9.664426065637203e-13,0.004,,KerrQNMEFs-2/l2/s-2l2m-1n0.dat,991,6.538794794026731e-15,6.599584873787779e-15
-2,2,-1,0,schwarzschild-overtone-continuation,ell23-supplemental-high,43,199,200,0.995,0x1.fd70a3d70a3d7p-1,0.3438750181165707,-0.08346788232538607,4.3941434176808025,-0.07919171462373455,true,1.0172446680626308e-12,1.973802034499297e-15,1000,20,24,5.339468714465245e-15,0.0,0.0,4.2161746322202855e-12,0.004,,KerrQNMEFs-2/l2/s-2l2m-1n0.dat,996,1.938293289467355e-14,1.8673629697835417e-14
-2,2,-1,0,schwarzschild-overtone-continuation,ell23-supplemental-high,44,997,1000,0.997,0x1.fe76c8b439581p-1,0.34386949416705004,-0.08343450142352932,4.394805272350479,-0.07925840854520146,true,6.459124879762178e-12,9.759300970863406e-15,1123,20,24,1.5991933160166966e-14,7.699673326056061e-14,1.673045646451758e-13,4.542547001183159e-12,0.004,,KerrQNMEFs-2/l2/s-2l2m-1n0.dat,998,3.913560767733075e-13,3.7300234786357647e-13
-2,2,-1,0,schwarzschild-overtone-continuation,ell23-supplemental-high,45,999,1000,0.999,0x1.ff7ced916872bp-1,0.343864156318719,-0.08340094131747049,4.395466773655733,-0.07932460311465671,true,9.972942541209449e-13,9.983589212704544e-15,1835,20,24,2.1318468435059098e-14,0.0,4.068600714925678e-13,4.6213131991989085e-11,0.004,,KerrQNMEFs-2/l2/s-2l2m-1n0.dat,1000,7.387620585681445e-13,7.065745482784476e-13
-2,2,-1,1,schwarzschild-overtone-continuation,ell23-uniform-40,0,0,1,0.0,0x0.0p+0,0.3467109968791647,-0.2739148752912369,4.0,0.0,true,6.123280070775359e-14,2.582350176184633e-16,1000,20,24,0.0,0.0,0.0,5.5709747947426275e-14,0.004,0.18690727106245045,KerrQNMEFs-2/l2/s-2l2m-1n1.dat,1,2.437438961788735e-15,0.0
-2,2,-1,1,schwarzschild-overtone-continuation,ell23-uniform-40,1,19,780,0.02435897435897436,0x1.8f18f18f18f19p-6,0.34499087170264514,-0.2740582108360781,4.0111897805290395,-0.008836379621682095,true,3.2421553883288786e-14,4.577566798522237e-16,1000,20,24,1.4210861491463966e-14,0.0,5.679525988368478e-15,2.6815276262992264e-13,0.004,0.18705965649867387,,,,
-2,2,-1,1,schwarzschild-overtone-continuation,ell23-uniform-40,2,19,390,0.04871794871794872,0x1.8f18f18f18f19p-5,0.3433340398558583,-0.2741776433977439,4.022243385955355,-0.017552540038404778,true,1.3630862372084348e-13,1.3183898417423734e-16,1000,20,24,1.2434515300467316e-14,0.0,0.0,7.357688469947061e-14,0.004,0.18719378596677796,,,,
-2,2,-1,1,schwarzschild-overtone-continuation,ell23-uniform-40,3,19,260,0.07307692307692308,0x1.2b52b52b52b53p-4,0.34173876476159476,-0.2742737953670355,4.033168952993857,-0.026148152001512236,true,2.3515572007431155e-13,6.742162969878415e-16,1000,20,24,8.881917010774366e-15,0.0,0.0,1.4565059823773475e-13,0.004,0.18731005396346073,,,,
-2,2,-1,1,schwarzschild-overtone-continuation,ell23-uniform-40,4,19,195,0.09743589743589744,0x1.8f18f18f18f19p-4,0.340203434616898,-0.27434718921131585,4.0439741711856065,-0.034622871635560395,true,4.5707222580880154e-14,2.2898349882893854e-16,1000,20,24,1.2434528852968096e-14,1.1157603309187458e-15,5.260395559362034e-15,2.9937344503883805e-13,0.004,0.18740878628246888,,,,
-2,2,-1,1,schwarzschild-overtone-continuation,ell23-uniform-40,5,19,156,0.12179487179487179,0x1.f2df2df2df2dfp-4,0.3387265531494549,-0.2743982524576277,4.054666314532938,-0.04297632854285347,true,7.332348592445723e-14,5.60334479738423e-16,1000,20,24,1.3877787807814457e-17,0.0,0.0,1.0574290042189832e-13,0.004,0.18749024331790545,,,,
-2,2,-1,1,schwarzschild-overtone-continuation,ell23-uniform-40,6,19,130,0.14615384615384616,0x1.2b52b52b52b53p-3,0.33730673117984294,-0.2744273217290689,4.065252269816448,-0.051208114844691885,true,2.095988163415007e-13,4.002966042486721e-16,1000,20,24,1.4210861491463966e-14,0.0,7.408607336813087e-15,1.6407293407041152e-13,0.004,0.18755462273369616,,,,
-2,2,-1,1,schwarzschild-overtone-continuation,ell23-uniform-40,7,133,780,0.17051282051282052,0x1.5d35d35d35d36p-3,0.3359426788751086,-0.2744346459133193,4.075738561906843,-0.059317774967743125,true,5.810827129917747e-14,2.9504581591051765e-16,1000,20,24,1.7783073324607987e-15,0.0,0.0,1.700397809731206e-13,0.004,0.18760206155235,,,,
-2,2,-1,1,schwarzschild-overtone-continuation,ell23-uniform-40,8,38,195,0.19487179487179487,0x1.8f18f18f18f19p-3,0.33463319858901375,-0.2744203885260149,4.086131376335306,-0.06730479600884227,true,2.5285801622286567e-14,9.586729210015212e-16,1000,20,24,5.3302268750589315e-15,0.0,9.612890276896698e-15,8.846102118092865e-14,0.004,0.18763263770640556,,,,
-2,2,-1,1,schwarzschild-overtone-continuation,ell23-uniform-40,9,57,260,0.21923076923076923,0x1.c0fc0fc0fc0fcp-3,0.3333771781917204,-0.2743846293175274,4.0964365793406134,-0.07516859853196696,true,1.6836194485944266e-13,9.618818769909475e-16,1000,20,24,8.883908979104366e-15,0.0,0.0,4.751183835736628e-14,0.004,0.1876463710863587,,,,
-2,2,-1,1,schwarzschild-overtone-continuation,ell23-uniform-40,10,19,78,0.24358974358974358,0x1.f2df2df2df2dfp-3,0.3321735847964079,-0.2743273651591492,4.106659735572706,-0.08290852766793444,true,3.619258947795101e-14,4.652682298944613e-16,1000,20,24,1.954325640703745e-14,0.0,6.66526902781645e-15,2.1676103057484454e-13,0.004,0.18764322411105905,,,,
-2,2,-1,1,schwarzschild-overtone-continuation,ell23-uniform-40,11,209,780,0.26794871794871794,0x1.1261261261261p-2,0.3310214587930693,-0.2742485102338204,4.1168061235940145,-0.0905238444014013,true,2.2310522142721808e-13,4.308824046522781e-16,1000,20,24,1.598723564796571e-14,7.0455438937398134e-15,1.2747033284182728e-14,2.970837325608023e-14,0.004,0.1876231018402537,,,,
-2,2,-1,1,schwarzschild-overtone-continuation,ell23-uniform-40,12,19,65,0.2923076923076923,0x1.2b52b52b52b53p-2,0.32991990809997146,-0.2741478955465459,4.126880749285722,-0.09801371694151406,true,2.770846217324862e-14,7.609091204154493e-16,1000,20,24,2.220446049250313e-16,0.0,0.0,1.7908692352567723e-14,0.004,0.18758585164285163,,,,
-2,2,-1,1,schwarzschild-overtone-continuation,ell23-uniform-40,13,19,60,0.31666666666666665,0x1.4444444444444p-2,0.3288681025408661,-0.2740252677609739,4.136888357232801,-0.10537721208286371,true,9.81025129326275e-14,8.41439240709249e-16,1000,20,24,1.7763655129964547e-14,0.0,1.4623158759217946e-14,5.49682216646755e-13,0.004,0.1875312624300488,,,,
-2,2,-1,1,schwarzschild-overtone-continuation,ell23-uniform-40,14,133,390,0.34102564102564104,0x1.5d35d35d35d36p-2,0.32786526825182,-0.27388028736068176,4.146833440128002,-0.11261328647261717,true,1.152794345257621e-13,3.053901726594225e-16,1000,20,24,1.2436015666210312e-14,0.0,1.2882893265393238e-14,2.709559283009512e-13,0.004,0.1874590634583319,,,,
-2,2,-1,1,schwarzschild-overtone-continuation,ell23-uniform-40,15,19,52,0.36538461538461536,0x1.7627627627627p-2,0.3269106820133051,-0.2737125261269947,4.15672024620152,-0.11972077770876532,true,4.120468278317311e-14,6.403362282114315e-16,1000,20,24,2.3100710637697648e-14,0.0,0.0,1.4134739373642499e-13,0.004,0.18736892270540792,,,,
-2,2,-1,1,schwarzschild-overtone-continuation,ell23-uniform-40,16,76,195,0.38974358974358975,0x1.8f18f18f18f19p-2,0.326003665392646,-0.27352146391947046,4.166552784647636,-0.12669839520380077,true,8.101920508338772e-14,5.4672143489065705e-16,1000,20,24,1.776573666601473e-14,0.0,1.1662098886596703e-14,2.7469825415972594e-13,0.004,0.18726044482012155,,,,
-2,2,-1,1,schwarzschild-overtone-continuation,ell23-uniform-40,17,323,780,0.41410256410256413,0x1.a80a80a80a80bp-2,0.32514357856680515,-0.2733064847409969,4.176334828982081,-0.1335447107589581,true,2.6261409832479854e-14,4.205336100044299e-16,1000,20,24,1.5987211554602254e-14,0.0,1.056171682913856e-14,1.7659904149643647e-13,0.004,0.18713316864883356,,,,
-2,2,-1,1,schwarzschild-overtone-continuation,ell23-uniform-40,18,57,130,0.43846153846153846,0x1.c0fc0fc0fc0fcp-2,0.32432981367707503,-0.2730668720672916,4.186069918222828,-0.14025814880740434,true,1.4878993424523968e-13,5.468975410105057e-16,1000,20,24,5.3362936375102066e-15,0.0,1.136352722139017e-14,3.616219826484815e-13,0.004,0.18698656434297314,,,,
-2,2,-1,1,schwarzschild-overtone-continuation,ell23-uniform-40,19,361,780,0.46282051282051284,0x1.d9ed9ed9ed9eep-2,0.32356178754158377,-0.27280180342107885,4.1957613557408875,-0.1468369763020808,true,3.3004411605169507e-13,3.6638411145107034e-16,1000,20,24,2.6645583886463338e-14,0.0,0.0,1.8515111858293103e-14,0.004,0.18682003005944198,,,,
-2,2,-1,1,schwarzschild-overtone-continuation,ell23-uniform-40,20,19,39,0.48717948717948717,0x1.f2df2df2df2dfp-2,0.3228389335221569,-0.2725103441758127,4.205412205576674,-0.15327929224716264,true,2.816579579700743e-13,7.642869566678791e-16,1000,20,24,1.790180836524724e-15,8.715427528620302e-15,1.0004643438210974e-14,3.079303181038944e-14,0.004,0.18663288827597518,,,,
-2,2,-1,1,schwarzschild-overtone-continuation,ell23-uniform-40,21,133,260,0.5115384615384615,0x1.05e85e85e85e8p-1,0.32216069230338046,-0.2721914405838897,4.215025285959041,-0.15958301690413526,true,2.502020048080049e-14,7.327682229021407e-16,1000,20,24,3.7309440776686157e-14,0.0,0.0,1.9541741877541e-13,0.004,0.18642438176104045,,,,
-2,2,-1,1,schwarzschild-overtone-continuation,ell23-uniform-40,22,209,390,0.5358974358974359,0x1.1261261261261p-1,0.3215265012959098,-0.27184391204261676,4.2246031596980504,-0.16574588074782332,true,2.6527891142754326e-13,1.2412670766236366e-16,1000,20,24,1.7979101253009106e-15,8.196123257993792e-15,1.2299196784829124e-14,1.799394459509018e-13,0.004,0.18619366926363382,,,,
-2,2,-1,1,schwarzschild-overtone-continuation,ell23-uniform-40,23,437,780,0.5602564102564103,0x1.1ed9ed9ed9edap-1,0.32093578232008235,-0.27146644264123115,4.2341481210475616,-0.17176541330950817,true,6.159887137044856e-14,7.001065424966057e-16,1000,20,24,7.216449660063518e-16,0.0,3.679681763552389e-15,5.248443108515323e-13,0.004,0.18593982102741044,,,,
-2,2,-1,1,schwarzschild-overtone-continuation,ell23-uniform-40,24,38,65,0.5846153846153846,0x1.2b52b52b52b53p-1,0.32038792716050746,-0.2710575720786713,4.243662178551359,-0.17763893212988346,true,7.842450733898298e-14,8.123249024840225e-16,1000,20,24,1.7763568394002505e-15,0.0,0.0,3.701757280232557e-14,0.004,0.18566181428855308,,,,
-2,2,-1,1,schwarzschild-overtone-continuation,ell23-uniform-40,25,95,156,0.6089743589743589,0x1.37cb7cb7cb7cbp-1,0.3198822805056015,-0.270615686111897,4.253147033295693,-0.18336353216341839,true,2.645207415988491e-13,4.494775313252277e-16,1000,20,24,1.776573666601473e-14,0.0,1.0846145974081456e-14,5.687116766346677e-14,0.004,0.1853585289962285,,,,
-2,2,-1,1,schwarzschild-overtone-continuation,ell23-uniform-40,26,19,30,0.6333333333333333,0x1.4444444444444p-1,0.31941811970201656,-0.2701390067973808,4.262604051898432,-0.1889360761390781,true,7.471264796099707e-14,4.454424009010536e-16,1000,20,24,1.7801777952136252e-14,0.0,9.901701917595273e-15,8.287738657538573e-14,0.004,0.18502874410645367,,,,
-2,2,-1,1,schwarzschild-overtone-continuation,ell23-uniform-40,27,171,260,0.6576923076923077,0x1.50bd0bd0bd0bdp-1,0.318994630664963,-0.2696255829363258,4.272034233477803,-0.19435318660547052,true,4.742459008353874e-14,6.722137407118775e-16,1000,20,24,5.551115123125783e-16,0.0,8.549798607289321e-15,5.595643876423948e-13,0.004,0.1846711349545101,,,,
-2,2,-1,1,schwarzschild-overtone-continuation,ell23-uniform-40,28,133,195,0.6820512820512821,0x1.5d35d35d35d36p-1,0.318610879203319,-0.2690732813434135,4.281438169776349,-0.19961124068973024,true,1.6448635104953647e-13,2.423651445728339e-16,1000,20,24,1.0667388882858398e-14,5.288730071418346e-15,9.060399436534878e-15,1.1144272504364551e-13,0.004,0.18428427242354875,,,,
-2,2,-1,1,schwarzschild-overtone-continuation,ell23-uniform-40,29,551,780,0.7064102564102565,0x1.69ae9ae9ae9afp-1,0.3182657769602541,-0.2684797798484247,4.290815997599358,-0.2047063689996721,true,1.7704976889033579e-13,4.380305591047026e-16,1000,20,24,1.9540240635125602e-14,0.0,1.1205142789562866e-14,1.9741750941201768e-13,0.004,0.18386662491192768,,,,
-2,2,-1,1,schwarzschild-overtone-continuation,ell23-uniform-40,30,19,26,0.7307692307692307,0x1.7627627627627p-1,0.31795804117150905,-0.2678425633296582,4.30016734280172,-0.2096344606169891,true,1.2314970930892997e-14,4.684781256633846e-16,1000,20,24,8.899114524108741e-15,0.0,0.0,1.1950951386501715e-13,0.004,0.18341656447335253,,,,
-2,2,-1,1,schwarzschild-overtone-continuation,ell23-uniform-40,31,589,780,0.7551282051282051,0x1.82a02a02a02a0p-1,0.3176861475576583,-0.26715892458334,4.309491255300536,-0.21439117677612357,true,5.407367426953949e-14,4.793364605007606e-16,1000,20,24,2.4870544563620814e-14,0.0,0.0,3.863576125695545e-13,0.004,0.18293237896985023,,,,
-2,2,-1,1,schwarzschild-overtone-continuation,ell23-uniform-40,32,152,195,0.7794871794871795,0x1.8f18f18f18f19p-1,0.31744827598044045,-0.2664259724496559,4.318786135101043,-0.21897197658106,true,4.002966042486721e-14,4.914872971652157e-16,1000,20,24,5.3302268750589315e-15,0.0,9.853033879809395e-15,8.900239411895266e-13,0.004,0.18241229262054312,,,,
-2,2,-1,1,schwarzschild-overtone-continuation,ell23-uniform-40,33,209,260,0.8038461538461539,0x1.9b91b91b91b92p-1,0.31724224912622223,-0.26564065029326567,4.328049650248669,-0.2233721589031954,true,7.157379058176173e-13,9.326296752376505e-16,1000,20,24,1.598962071124213e-14,0.0,0.0,6.593725863711878e-13,0.004,0.18185449788544872,,,,
-2,2,-1,1,schwarzschild-overtone-continuation,ell23-uniform-40,34,323,390,0.8282051282051283,0x1.a80a80a80a80bp-1,0.3170654655682264,-0.2647997685313027,4.3372786490992485,-0.2275869252388233,true,5.997230353255839e-13,1.0605390551611693e-15,1000,20,24,1.954000408431075e-14,2.224009780889905e-14,4.1486406591427397e-14,2.9299961448235413e-13,0.004,0.18125720203568682,,,,
-2,2,-1,1,schwarzschild-overtone-continuation,ell23-uniform-40,35,133,156,0.8525641025641025,0x1.b483483483483p-1,0.31691483019854355,-0.26390005511745157,4.346469071424424,-0.23161146842167762,true,5.133794195664061e-14,8.897017726212005e-16,1000,20,24,1.3322676295501878e-15,0.0,0.0,5.28598250423791e-13,0.004,0.18061869173363437,,,,
-2,2,-1,1,schwarzschild-overtone-continuation,ell23-uniform-40,36,57,65,0.8769230769230769,0x1.c0fc0fc0fc0fcp-1,0.31678668708542695,-0.26293822725025023,4.355615865445178,-0.2354410911408134,true,4.601552876321244e-13,3.712308238590367e-16,1000,20,24,1.0658141036401503e-14,0.0,0.0,3.24501610394545e-13,0.004,0.17993741804171465,,,,
-2,2,-1,1,schwarzschild-overtone-continuation,ell23-uniform-40,37,703,780,0.9012820512820513,0x1.cd74d74d74d75p-1,0.3166767616910625,-0.26191108559536025,4.364712920191051,-0.23907135570421761,true,5.436239661920927e-14,5.933464366067994e-16,1000,20,24,1.2452327962373347e-14,0.0,0.0,4.137913067650795e-13,0.004,0.17921210213267424,,,,
-2,2,-1,1,schwarzschild-overtone-continuation,ell23-uniform-40,38,361,390,0.9256410256410257,0x1.d9ed9ed9ed9eep-1,0.3165801198350902,-0.2608156291377133,4.37375302326075,-0.24249826265170837,true,1.223624941765033e-13,1.3092278833360675e-16,1000,20,24,8.93781251790792e-15,0.0,0.0,4.3087639728724873e-13,0.004,0.1784418589189421,,,,
-2,2,-1,1,schwarzschild-overtone-continuation,ell23-uniform-40,39,19,20,0.95,0x1.e666666666666p-1,0.31649114887449264,-0.2596491861599053,4.382727852247484,-0.24571845255196267,true,6.713453910956357e-13,2.3263411494723067e-16,1000,20,24,1.0672587275020413e-14,0.0,0.0,2.625048094951636e-13,0.004,0.177626333674499,KerrQNMEFs-2/l2/s-2l2m-1n1.dat,951,3.6990591939155735e-14,3.9499334028462495e-14
-2,2,-1,1,schwarzschild-overtone-continuation,ell23-supplemental-high,40,97,100,0.97,0x1.f0a3d70a3d70ap-1,0.3164194360752146,-0.25863684153283467,4.390041284196581,-0.24820606792571037,true,1.3394514622734674e-12,3.290674871864012e-16,1000,20,24,2.487519042106764e-14,1.2814121334314917e-13,1.7389844303466483e-13,2.598476778048118e-12,0.004,0.17692309291918254,KerrQNMEFs-2/l2/s-2l2m-1n1.dat,971,7.138354179655275e-14,6.429395020074413e-14
-2,2,-1,1,schwarzschild-overtone-continuation,ell23-supplemental-high,41,49,50,0.98,0x1.f5c28f5c28f5cp-1,0.3163827571283376,-0.2581118666273461,4.393677360522756,-0.24939669230351252,true,1.8695048115962936e-13,4.447527879066319e-16,1000,20,24,1.8610729195778454e-15,0.0,0.0,7.270183898360503e-13,0.004,0.17656026812375608,KerrQNMEFs-2/l2/s-2l2m-1n1.dat,981,2.2121037052315357e-15,2.094764613337708e-15
-2,2,-1,1,schwarzschild-overtone-continuation,ell23-supplemental-high,42,99,100,0.99,0x1.fae147ae147aep-1,0.31634486756077057,-0.25757423876365765,4.397298680423177,-0.2505517779882029,true,2.365065704952922e-12,9.889965250128942e-15,1095,20,24,1.4214757307157084e-14,0.0,0.0,4.4997611743834535e-13,0.004,0.1761901148427794,KerrQNMEFs-2/l2/s-2l2m-1n1.dat,991,4.37775766438726e-13,4.228650512364843e-13
-2,2,-1,1,schwarzschild-overtone-continuation,ell23-supplemental-high,43,199,200,0.995,0x1.fd70a3d70a3d7p-1,0.31632530798030617,-0.25730066029322896,4.399103564541912,-0.25111598775810373,true,9.55805042784291e-12,9.925514878334623e-15,1435,20,24,2.1339687989529585e-14,0.0,8.882732068718618e-13,3.2992623282442944e-12,0.004,0.1760023330089961,KerrQNMEFs-2/l2/s-2l2m-1n1.dat,996,1.7811022087054493e-12,1.7971872921112922e-12
-2,2,-1,1,schwarzschild-overtone-continuation,ell23-supplemental-high,44,997,1000,0.997,0x1.fe76c8b439581p-1,0.3163173485766719,-0.2571903376806177,4.39982440869388,-0.2513391831477282,true,9.988060087655538e-12,9.986971791330439e-15,1798,20,24,2.1316571191421636e-14,1.0418517100030297e-12,1.6495558835028445e-12,3.72330970068509e-11,0.004,0.1759267215633643,KerrQNMEFs-2/l2/s-2l2m-1n1.dat,998,1.90048136417189e-12,1.9233577120834167e-12
-2,2,-1,1,schwarzschild-overtone-continuation,ell23-supplemental-high,45,999,1000,0.999,0x1.ff7ced916872bp-1,0.3163093053207119,-0.25707950538308233,4.400544609239267,-0.2515609568660393,true,1.4462158343404711e-11,9.972057901652676e-15,2804,20,24,2.1318883999217677e-14,0.0,0.0,1.5949829619364562e-11,0.004,0.17585082720708256,KerrQNMEFs-2/l2/s-2l2m-1n1.dat,1000,5.582515123414828e-12,5.653972086936312e-12
-2,2,-1,2,schwarzschild-overtone-continuation,ell23-uniform-40,0,0,1,0.0,0x0.0p+0,0.3010534546123678,-0.47827698322307166,4.0,0.0,true,6.597116732263344e-14,2.45228796256662e-16,1000,20,24,0.0,1.3710242980056706e-15,5.132305394595624e-15,2.5199323633964813e-13,0.004,0.20940029208238276,KerrQNMEFs-2/l2/s-2l2m-1n2.dat,1,1.4528658640935888e-15,0.0
-2,2,-1,2,schwarzschild-overtone-continuation,ell23-uniform-40,1,19,780,0.02435897435897436,0x1.8f18f18f18f19p-6,0.29900058024760007,-0.47879849518880413,4.00975886434046,-0.015452753251878445,true,9.699054745056637e-15,4.90457592513324e-16,1000,20,24,7.105468862094198e-15,0.0,0.0,1.1460599492142567e-13,0.004,0.20984206190598464,,,,
-2,2,-1,2,schwarzschild-overtone-continuation,ell23-uniform-40,2,19,390,0.04871794871794872,0x1.8f18f18f18f19p-5,0.2970321561628716,-0.4792708589874116,4.019487077340604,-0.030742495044733954,true,4.440892098500626e-14,2.6945789820192466e-16,1000,20,24,1.4210869961786875e-14,0.0,9.658621279365223e-15,3.5393331924274603e-13,0.004,0.21025482518703056,,,,
-2,2,-1,2,schwarzschild-overtone-continuation,ell23-uniform-40,3,19,260,0.07307692307692308,0x1.2b52b52b52b53p-4,0.29514639757449423,-0.4796950579956587,4.029195001871945,-0.0458677291184878,true,7.341857098428962e-14,2.636779683484747e-16,1000,20,24,1.7772239894833365e-15,0.0,0.0,1.7485219603417007e-14,0.004,0.21063889436672276,,,,
-2,2,-1,2,schwarzschild-overtone-continuation,ell23-uniform-40,4,19,195,0.09743589743589744,0x1.8f18f18f18f19p-4,0.2933416458335428,-0.4800718799433522,4.038892390404325,-0.0608268505775906,true,5.92726019777127e-14,3.8315011419927443e-16,1000,20,24,1.7798229048217483e-15,0.0,0.0,3.8745256575026046e-13,0.004,0.21099449192992648,,,,
-2,2,-1,2,schwarzschild-overtone-continuation,ell23-uniform-40,5,19,156,0.12179487179487179,0x1.f2df2df2df2dfp-4,0.2916163571688369,-0.4804019244900441,4.048588418627617,-0.07561812234434659,true,9.079018065000713e-14,6.183017822721088e-16,1000,20,24,1.7763655129964547e-14,0.0,0.0,1.270126194981022e-13,0.004,0.21132175339082251,,,,
-2,2,-1,2,schwarzschild-overtone-continuation,ell23-uniform-40,6,19,130,0.14615384615384616,0x1.2b52b52b52b53p-3,0.28996909195502335,-0.48068560905541247,4.058291714093587,-0.09023965320490461,true,9.803514483864392e-14,3.7089020784843903e-16,1000,20,24,1.3877787807814457e-16,0.0,5.558049685633555e-15,1.8855248115539218e-13,0.004,0.21162072955685526,,,,
-2,2,-1,2,schwarzschild-overtone-continuation,ell23-uniform-40,7,133,780,0.17051282051282052,0x1.5d35d35d35d36p-3,0.28839850434490805,-0.48092317303419463,4.0680103801755525,-0.10468937714060511,true,2.9182574917926543e-13,9.461608670832866e-16,1000,20,24,7.106782481094284e-15,0.0,4.9229973004429906e-15,2.698024696410937e-13,0.004,0.21189138813152988,,,,
-2,2,-1,2,schwarzschild-overtone-continuation,ell23-uniform-40,8,38,195,0.19487179487179487,0x1.8f18f18f18f19p-3,0.28690333210473756,-0.48111468049940287,4.077752015568107,-0.11896503368749917,true,7.162685390907119e-14,5.729106481574546e-16,1000,20,24,8.894308743442199e-15,0.0,0.0,3.2482211518954755e-13,0.004,0.2121336147077756,,,,
-2,2,-1,2,schwarzschild-overtone-continuation,ell23-uniform-40,9,57,260,0.21923076923076923,0x1.c0fc0fc0fc0fcp-3,0.28548238648699636,-0.48126002147419444,4.087523729474841,-0.13306414911106987,true,7.887585709728983e-14,9.437916079723831e-16,1000,20,24,2.1326687873800038e-14,0.0,0.0,2.145245083994127e-13,0.004,0.212347213196721,,,,
-2,2,-1,2,schwarzschild-overtone-continuation,ell23-uniform-40,10,19,78,0.24358974358974358,0x1.f2df2df2df2dfp-3,0.28413454196622095,-0.4813589118335081,4.09733215256355,-0.14698401822377555,true,1.2472524345442237e-13,7.929792726436376e-16,1000,20,24,7.105427357601002e-15,0.0,0.0,1.1042115452358874e-14,0.004,0.21253190573280473,,,,
-2,2,-1,2,schwarzschild-overtone-continuation,ell23-uniform-40,11,209,780,0.26794871794871794,0x1.1261261261261p-2,0.2828587256490758,-0.4814108918807269,4.1071834436978865,-0.16072168671190235,true,1.9806826826317346e-13,6.355057114912527e-16,1000,20,24,2.7755575615628914e-16,0.0,6.049442158684427e-15,7.76664291414189e-14,0.004,0.21268733209459859,,,,
-2,2,-1,2,schwarzschild-overtone-continuation,ell23-uniform-40,12,19,65,0.2923076923076923,0x1.2b52b52b52b53p-2,0.2816539061502257,-0.4814153236323661,4.117083292385173,-0.17427393387756093,true,1.569596231050473e-13,6.841411584861036e-16,1000,20,24,8.888027007547732e-15,2.914203267236168e-15,3.4259870771901007e-15,1.0237677081248787e-13,0.004,0.212813048682461,,,,
-2,2,-1,2,schwarzschild-overtone-continuation,ell23-uniform-40,13,19,60,0.31666666666666665,0x1.4444444444444p-2,0.28051908169892575,-0.4813713868355985,4.127036916805018,-0.187637255743764,true,6.44287588687186e-13,3.7238012298709097e-16,1000,20,24,3.0227440240156574e-14,7.816041058999314e-15,1.5353625799562712e-14,7.377657464861054e-13,0.004,0.21290852709951,,,,
-2,2,-1,2,schwarzschild-overtone-continuation,ell23-uniform-40,14,133,390,0.34102564102564104,0x1.5d35d35d35d36p-2,0.27945326720712055,-0.48127807374002585,4.137049057206615,-0.20080784851832,true,1.9083761758283512e-13,4.779784928769661e-16,1000,20,24,1.4214757307157084e-14,0.0,0.0,6.528427073233788e-13,0.004,0.21297315239298126,,,,
-2,2,-1,2,schwarzschild-overtone-continuation,ell23-uniform-40,15,19,52,0.36538461538461536,0x1.7627627627627p-2,0.27845547998633585,-0.48113418264790725,4.147123964376687,-0.21378159246901451,true,5.6594809748099806e-14,4.90457592513324e-16,1000,20,24,1.9565456299563782e-14,0.0,1.187990514796716e-15,5.507422428482121e-14,0.004,0.213006221029701,,,,
-2,2,-1,2,schwarzschild-overtone-continuation,ell23-uniform-40,16,76,195,0.38974358974358975,0x1.8f18f18f18f19p-2,0.2775247237470423,-0.480938310277578,4.157265382788136,-0.2265540363326325,true,4.782987168225453e-15,4.47545209131181e-16,1000,20,24,3.885780586188048e-16,0.0,0.0,2.0640464365105724e-13,0.004,0.21300693870440146,,,,
-2,2,-1,2,schwarzschild-overtone-continuation,ell23-uniform-40,17,323,780,0.41410256410256413,0x1.a80a80a80a80bp-2,0.27665997044667734,-0.48068884299724396,4.167476527934633,-0.2391203824696898,true,1.6833046117218386e-13,4.467376080957673e-16,1000,20,24,1.5996846004219388e-14,0.0,0.0,4.4017423769059577e-13,0.004,0.21297441811698542,,,,
-2,2,-1,2,schwarzschild-overtone-continuation,ell23-uniform-40,18,57,130,0.43846153846153846,0x1.c0fc0fc0fc0fcp-2,0.2758601394717803,-0.48038394702299714,4.177760057244324,-0.25147547309219737,true,1.4195372548190424e-13,4.1080361655775567e-16,1000,20,24,5.421936431859633e-15,0.0,3.1056492334922947e-15,3.151159527220435e-13,0.004,0.2129076769065809,,,,
-2,2,-1,2,schwarzschild-overtone-continuation,ell23-uniform-40,19,361,780,0.46282051282051284,0x1.d9ed9ed9ed9eep-2,0.27512407354060403,-0.4800215577339548,4.188118033837791,-0.26361377804384833,true,1.5394098001214096e-13,4.163336342344337e-16,1000,20,24,5.3302268750589315e-15,0.0,3.589387267483526e-15,1.6091617099357564e-13,0.004,0.21280563600414668,,,,
-2,2,-1,2,schwarzschild-overtone-continuation,ell23-uniform-40,20,19,39,0.48717948717948717,0x1.f2df2df2df2dfp-2,0.274450510594899,-0.4795993683462493,4.198551882259913,-0.27552938481355244,true,1.2568587680026249e-14,2.607399605677454e-16,1000,20,24,8.89287949701369e-15,0.0,0.0,3.732571790150984e-13,0.004,0.2126671187683955,,,,
-2,2,-1,2,schwarzschild-overtone-continuation,ell23-uniform-40,21,133,260,0.5115384615384615,0x1.05e85e85e85e8p-1,0.27383805081163465,-0.47911481831853237,4.209062335170437,-0.28721599173160833,true,1.4103870598546e-13,2.8177377798042847e-16,1000,20,24,7.147801729532276e-15,0.0,3.3306690738754696e-15,2.576222710461178e-13,0.004,0.2124908514121335,,,,
-2,2,-1,2,schwarzschild-overtone-continuation,ell23-uniform-40,22,209,390,0.5358974358974359,0x1.1261261261261p-1,0.27328511770737546,-0.47856508205210113,4.21964936983421,-0.2986669056563731,true,4.2120638359859356e-14,3.775166431889533e-16,1000,20,24,2.094764613337708e-15,0.0,0.0,1.7879596342871554e-13,0.004,0.21227546542317663,,,,
-2,2,-1,2,schwarzschild-overtone-continuation,ell23-uniform-40,23,437,780,0.5602564102564103,0x1.1ed9ed9ed9edap-1,0.2727899121344439,-0.47794705872172394,4.23031213312534,-0.30987504593789117,true,1.689273559868004e-13,2.3714374201337736e-16,1000,20,24,3.197924142248426e-14,2.884978136427359e-15,7.178774534967052e-15,2.696864959427667e-13,0.004,0.21201950295412025,,,,
-2,2,-1,2,schwarzschild-overtone-continuation,ell23-uniform-40,24,38,65,0.5846153846153846,0x1.2b52b52b52b53p-1,0.27235035779007893,-0.47725736446074934,4.241048853674858,-0.3208329570821559,true,1.5032272160274334e-13,1.2617534784097481e-15,1000,20,24,8.884559321017418e-15,0.0,4.4370740655869245e-15,3.3182023627341326e-13,0.004,0.21172142652417308,,,,
-2,2,-1,2,schwarzschild-overtone-continuation,ell23-uniform-40,25,95,156,0.6089743589743589,0x1.37cb7cb7cb7cbp-1,0.27196403670099967,-0.4764923286682894,4.251856739802533,-0.3315328333823766,true,1.3960232327395236e-13,1.066334393690002e-15,1000,20,24,2.1317438523750435e-14,4.354707407440192e-15,4.9192402426834916e-15,5.901210416728436e-13,0.004,0.21137963487434122,,,,
-2,2,-1,2,schwarzschild-overtone-continuation,ell23-uniform-40,26,19,30,0.6333333333333333,0x1.4444444444444p-1,0.27162811305165274,-0.475647996961528,4.262731862056377,-0.3419665598863399,true,7.337865698554072e-13,6.183017822721088e-16,1000,20,24,8.888027007547732e-15,0.0,0.0,6.176846701571758e-13,0.004,0.21099248748220722,,,,
-2,2,-1,2,schwarzschild-overtone-continuation,ell23-uniform-40,27,171,260,0.6576923076923077,0x1.50bd0bd0bd0bdp-1,0.27133924377723134,-0.4747201443260458,4.273669019676391,-0.3521257754845956,true,1.669474224346991e-13,2.482534153247273e-16,1000,20,24,1.963086544582557e-14,0.0,5.679525988368478e-15,1.229220963806071e-13,0.004,0.21055834111015645,,,,
-2,2,-1,2,schwarzschild-overtone-continuation,ell23-uniform-40,28,133,195,0.6820512820512821,0x1.5d35d35d35d36p-1,0.2710934746830557,-0.473704303389326,4.284661591308878,-0.3620019656684107,true,3.234862982472345e-13,7.09024586127786e-16,1000,20,24,3.552991223715482e-14,0.0,0.0,2.950226708778182e-13,0.004,0.21007560285739288,,,,
-2,2,-1,2,schwarzschild-overtone-continuation,ell23-uniform-40,29,551,780,0.7064102564102565,0x1.69ae9ae9ae9afp-1,0.2708861217163033,-0.4725958144996567,4.295701372148803,-0.3715865945904535,true,3.7480839915600787e-13,5.593023969348752e-16,1000,20,24,7.119291619286993e-15,0.0,0.0,5.184117194976447e-13,0.004,0.20954280549037846,,,,
-2,2,-1,2,schwarzschild-overtone-continuation,ell23-uniform-40,30,19,26,0.7307692307692307,0x1.7627627627627p-1,0.270711638772143,-0.47138990640200434,4.306778402845835,-0.3808712882921522,true,2.571659993164529e-13,7.882595691191652e-16,1000,20,24,5.3854400208818836e-15,0.0,0.0,4.121234004501685e-13,0.004,0.20895871221725643,,,,
-2,2,-1,2,schwarzschild-overtone-continuation,ell23-uniform-40,31,589,780,0.7551282051282051,0x1.82a02a02a02a0p-1,0.2705634766060215,-0.4700818185310994,4.3178808005877976,-0.38984808285713,true,8.322971118520123e-14,1.13969088034579e-15,1000,20,24,9.080104104427428e-15,0.0,2.1210781103223385e-15,4.589375690946654e-13,0.004,0.2083224591966739,,,,
-2,2,-1,2,schwarzschild-overtone-continuation,ell23-uniform-40,32,152,195,0.7794871794871795,0x1.8f18f18f18f19p-1,0.2704339427355193,-0.4686669776350786,4.328994610437837,-0.39850975175120207,true,5.032712364342174e-13,1.5456298558408274e-15,1000,20,24,8.906729185356879e-15,0.0,0.0,4.698944422578087e-13,0.004,0.2076337441478978,,,,
-2,2,-1,2,schwarzschild-overtone-continuation,ell23-uniform-40,33,209,260,0.8038461538461539,0x1.9b91b91b91b92p-1,0.2703140802743043,-0.4671412411623893,4.340103705570815,-0.4068502237092646,true,2.827941817007854e-13,2.396682302503803e-16,1000,20,24,2.4869243568008203e-14,0.0,9.426440760019688e-15,1.6234482696850553e-13,0.004,0.206893066951022,,,,
-2,2,-1,2,schwarzschild-overtone-continuation,ell23-uniform-40,34,323,390,0.8282051282051283,0x1.a80a80a80a80bp-1,0.2701935943076337,-0.46550121495022495,4.351189777555822,-0.414865092993808,true,7.727499347805465e-13,7.243420912108399e-16,1000,20,24,5.9580819677934555e-15,2.5039959858571787e-14,2.9812847635323613e-14,1.4023378161575263e-13,0.004,0.20610202063569655,,,,
-2,2,-1,2,schwarzschild-overtone-continuation,ell23-uniform-40,35,133,156,0.8525641025641025,0x1.b483483483483p-1,0.2700608651687479,-0.4637446394665068,4.362232468060066,-0.42255220380425385,true,7.487744432492361e-14,2.5476231888929306e-16,1000,20,24,8.926082647349967e-15,0.0,1.5799628292582865e-14,1.0439497411683468e-13,0.004,0.20526361570590138,,,,
-2,2,-1,2,schwarzschild-overtone-continuation,ell23-uniform-40,36,57,65,0.8769230769230769,0x1.c0fc0fc0fc0fcp-1,0.26990309135615176,-0.4618708144622693,4.373209691586145,-0.4299122589099752,true,1.4864455958539255e-13,1.9355938514777945e-15,1000,20,24,2.1365087578457337e-14,0.0,0.0,4.07122279999656e-13,0.004,0.20438259662548003,,,,
-2,2,-1,2,schwarzschild-overtone-continuation,ell23-uniform-40,37,703,780,0.9012820512820513,0x1.cd74d74d74d75p-1,0.269706587998031,-0.4598810018526248,4.384098171513194,-0.4369493691449028,true,3.4537037980995796e-13,2.9183493863199736e-15,1000,20,24,3.378655107674325e-14,0.0,5.6438763749934645e-14,1.0738606021149604e-12,0.004,0.20346568496840417,,,,
-2,2,-1,2,schwarzschild-overtone-continuation,ell23-uniform-40,38,361,390,0.9256410256410257,0x1.d9ed9ed9ed9eep-1,0.26945722345637657,-0.45777873451345785,4.394874157890808,-0.4436714537960186,true,3.531165515573565e-13,5.494272103593481e-15,1000,20,24,7.17533971441876e-15,2.0349285662418763e-14,4.1302460200488927e-14,3.752130732146377e-13,0.004,0.20252168338816376,,,,
-2,2,-1,2,schwarzschild-overtone-continuation,ell23-uniform-40,39,19,20,0.95,0x1.e666666666666p-1,0.2691409374875209,-0.45556999150555194,4.4055142560105285,-0.4500904439254815,true,7.483588396111925e-13,9.805072649881751e-15,1114,20,24,7.381104677948019e-15,4.9073647325266573e-14,7.91622883085435e-14,3.307296064935242e-13,0.004,0.20156141616310816,KerrQNMEFs-2/l2/s-2l2m-1n2.dat,951,1.338161556969259e-13,1.450874603517538e-13
-2,2,-1,2,schwarzschild-overtone-continuation,ell23-supplemental-high,40,97,100,0.97,0x1.f0a3d70a3d70ap-1,0.26882174521265506,-0.45368277407908325,4.414133114021579,-0.45514526619297446,true,1.3393642958353731e-12,9.86713701930319e-15,1354,20,24,7.588599744428075e-15,9.128227782522593e-14,9.215514873465412e-14,1.5210866445818153e-12,0.004,0.20076965900823643,KerrQNMEFs-2/l2/s-2l2m-1n2.dat,971,2.616642166903208e-13,2.8931965223808505e-13
-2,2,-1,2,schwarzschild-overtone-continuation,ell23-supplemental-high,41,49,50,0.98,0x1.f5c28f5c28f5cp-1,0.2686396603917433,-0.4527161768916344,4.418399022943074,-0.45760335339730507,true,2.1277034714993744e-12,9.95364089853667e-15,1595,20,24,2.489376518041578e-14,0.0,7.508830322545141e-13,4.924747110316163e-13,0.004,0.20037525011697224,KerrQNMEFs-2/l2/s-2l2m-1n2.dat,981,5.204993911415035e-13,5.727588639614406e-13
-2,2,-1,2,schwarzschild-overtone-continuation,ell23-supplemental-high,42,99,100,0.99,0x1.fae147ae147aep-1,0.26844151468454547,-0.4517353453095753,4.422634174222058,-0.4600171831215236,true,1.2136196808750625e-12,9.917343715574693e-15,2072,20,24,2.8591206918129104e-14,0.0,7.446396781501166e-13,1.3112459416927091e-11,0.004,0.19998316557130338,KerrQNMEFs-2/l2/s-2l2m-1n2.dat,991,1.7105318174773433e-12,1.8937012727599047e-12
-2,2,-1,2,schwarzschild-overtone-continuation,ell23-supplemental-high,43,199,200,0.995,0x1.fd70a3d70a3d7p-1,0.26833618690394306,-0.4512398684249821,4.4247398377803115,-0.4612079929034567,true,6.1534323939739385e-12,9.958545870724633e-15,2727,20,24,1.8160208208854855e-14,0.0,0.0,3.4188201402832336e-12,0.004,0.19978831845844566,KerrQNMEFs-2/l2/s-2l2m-1n2.dat,996,3.398664772775033e-12,3.790033135360932e-12
-2,2,-1,2,schwarzschild-overtone-continuation,ell23-supplemental-high,44,997,1000,0.997,0x1.fe76c8b439581p-1,0.26829286029108834,-0.45104076954559574,4.425579834203263,-0.4616813751822043,true,3.30308995146104e-11,9.976703168727331e-15,3377,20,24,3.8778423131653425e-15,2.0824770653566393e-12,0.0,3.290410678142571e-11,0.004,0.19971064420638834,KerrQNMEFs-2/l2/s-2l2m-1n2.dat,998,6.144880546010724e-12,6.874349609275798e-12
-2,2,-1,2,schwarzschild-overtone-continuation,ell23-supplemental-high,45,999,1000,0.999,0x1.ff7ced916872bp-1,0.2682488423626926,-0.45084116319679657,4.426418520854806,-0.4621530966612488,true,7.985490299198411e-11,9.889176120422179e-15,5243,20,24,7.32410687763558e-15,0.0,0.0,1.613045992305764e-10,0.004,0.19963313386925036,KerrQNMEFs-2/l2/s-2l2m-1n2.dat,1000,9.328820538189414e-11,1.0449502632782561e-10
-2,2,0,0,schwarzschild-overtone-continuation,ell23-uniform-40,0,0,1,0.0,0x0.0p+0,0.37367168441804177,-0.08896231568893413,4.0,0.0,true,9.831963606719085e-14,7.979727989493313e-17,1000,20,24,0.0,0.0,0.0,3.477320601100914e-14,0.004,,KerrQNMEFs-2/l2/s-2l2m0n0.dat,1,1.5691722129514915e-15,0.0
-2,2,0,0,schwarzschild-overtone-continuation,ell23-uniform-40,1,19,780,0.02435897435897436,0x1.8f18f18f18f19p-6,0.37369299723057364,-0.08895852756590013,3.9999590563922074,2.066454025155926e-05,true,1.5143783909558147e-13,6.795954956635687e-16,1000,20,24,6.217248938234149e-15,0.0,0.0,2.4047543478151317e-14,0.004,,,,,
-2,2,0,0,schwarzschild-overtone-continuation,ell23-uniform-40,2,19,390,0.04871794871794872,0x1.8f18f18f18f19p-5,0.3737569766448563,-0.08894714604960048,3.9998361628304795,8.266277496191517e-05,true,1.6134944210457562e-14,5.274015853390341e-16,1000,20,24,8.881784197001252e-15,0.0,0.0,1.2165653488784383e-13,0.004,,,,,
-2,2,0,0,schwarzschild-overtone-continuation,ell23-uniform-40,3,19,260,0.07307692307692308,0x1.2b52b52b52b53p-4,0.37386374586203985,-0.08892811951638992,3.999631130728075,0.0001860084803678852,true,2.3721390019462667e-14,4.652682298944613e-16,1000,20,24,1.2739375526704677e-18,0.0,0.0,2.1926553397131853e-14,0.004,,,,,
-2,2,0,0,schwarzschild-overtone-continuation,ell23-uniform-40,4,19,195,0.09743589743589744,0x1.8f18f18f18f19p-4,0.3740135111248137,-0.08890136131612217,3.9993436445299753,0.0003307243960360811,true,2.897767167584095e-14,2.607399605677454e-16,1000,20,24,1.776356842708973e-15,0.0,4.9327678758875666e-15,1.3200757185135394e-13,0.004,,,,,
-2,2,0,0,schwarzschild-overtone-continuation,ell23-uniform-40,5,19,156,0.12179487179487179,0x1.f2df2df2df2dfp-4,0.3742065630920597,-0.08886674884277199,3.9989732598291177,0.000516841886326945,true,3.4519367365118124e-14,4.2914688736145975e-16,1000,20,24,6.217249244194033e-15,0.0,0.0,2.5399612379937192e-14,0.004,,,,,
-2,2,0,0,schwarzschild-overtone-continuation,ell23-uniform-40,6,19,130,0.14615384615384616,0x1.2b52b52b52b53p-3,0.3744432787906976,-0.08882412220593622,3.99851940069298,0.0007444004515564312,true,2.4646951146678475e-14,2.514331927660129e-16,1000,20,24,1.7763574879097324e-15,1.0800628534096285e-15,5.9379419877482605e-15,5.840448491325158e-14,0.004,,,,,
-2,2,0,0,schwarzschild-overtone-continuation,ell23-uniform-40,7,133,780,0.17051282051282052,0x1.5d35d35d35d36p-3,0.3747241241728162,-0.08877328247515884,3.9979813561632134,0.0010134470732533019,true,7.012225224287893e-14,6.938893903907228e-17,1000,20,24,1.3322678335439403e-14,0.0,0.0,9.158498836488046e-15,0.004,,,,,
-2,2,0,0,schwarzschild-overtone-continuation,ell23-uniform-40,8,38,195,0.19487179487179487,0x1.8f18f18f18f19p-3,0.3750496573154057,-0.08871398945869344,3.9973582758783754,0.0013240353723825563,true,9.254652917970955e-14,1.1857187100668868e-16,1000,20,24,5.32907179316165e-15,0.0,0.0,1.0827788360141351e-13,0.004,,,,,
-2,2,0,0,schwarzschild-overtone-continuation,ell23-uniform-40,9,57,260,0.21923076923076923,0x1.c0fc0fc0fc0fcp-3,0.37542053231006955,-0.08864595896742859,3.996649164757275,0.0016762245529963055,true,5.768460718281248e-14,1.2836953722228372e-16,1000,20,24,1.421085710409941e-14,0.0,0.0,1.4375960668425936e-13,0.004,,,,,
-2,2,0,0,schwarzschild-overtone-continuation,ell23-uniform-40,10,19,78,0.24358974358974358,0x1.f2df2df2df2dfp-3,0.37583750390140036,-0.08856885950160875,3.995852876664075,0.0020700780961821954,true,9.609684163250876e-14,3.885780586188048e-16,1000,20,24,1.0658141354038853e-14,0.0,0.0,2.2295312913309606e-14,0.004,,,,,
-2,2,0,0,schwarzschild-overtone-continuation,ell23-uniform-40,11,209,780,0.26794871794871794,0x1.1261261261261p-2,0.37630143294549295,-0.08848230828228675,3.9949681069600245,0.00250566216003282,true,9.903587657934444e-14,2.3263411494723067e-16,1000,20,24,1.2434500326146824e-14,4.2433364509622785e-15,5.163301778434059e-15,1.2214976244412755e-14,0.004,,,,,
-2,2,0,0,schwarzschild-overtone-continuation,ell23-uniform-40,12,19,65,0.2923076923076923,0x1.2b52b52b52b53p-2,0.3768132927746891,-0.08838586653115676,3.9939933838263544,0.002983043630200053,true,1.5975256767596614e-14,4.163336342344337e-16,1000,20,24,5.3290744886662125e-15,0.0,5.482147771555267e-15,1.809254812932075e-14,0.004,,,,,
-2,2,0,0,schwarzschild-overtone-continuation,ell23-uniform-40,13,19,60,0.31666666666666665,0x1.4444444444444p-2,0.3773741765715377,-0.08827903387919263,3.992927058219639,0.003502287751795806,true,1.155869607959711e-13,1.2738115944464653e-16,1000,20,24,2.664552340876725e-15,0.0,0.0,8.390583500952076e-14,0.004,,,,,
-2,2,0,0,schwarzschild-overtone-continuation,ell23-uniform-40,14,133,390,0.34102564102564104,0x1.5d35d35d35d36p-2,0.3779853058747504,-0.08816124175721719,3.991767292294035,0.004063455256214414,true,5.5451166778813365e-14,7.632783294297951e-17,1000,20,24,1.421087260876175e-14,0.0,0.0,2.3733857464271978e-14,0.004,,,,,
-2,2,0,0,schwarzschild-overtone-continuation,ell23-uniform-40,15,19,52,0.36538461538461536,0x1.7627627627627p-2,0.3786480403628309,-0.08803184558610168,3.9905120460921224,0.004666598874780777,true,1.1949218545369531e-14,2.316229393072649e-16,1000,20,24,1.0658189352463021e-14,0.0,0.0,1.0344991181946242e-13,0.004,,,,,
-2,2,0,0,schwarzschild-overtone-continuation,ell23-uniform-40,16,76,195,0.38974358974358975,0x1.8f18f18f18f19p-2,0.37936388908845486,-0.0878901155414336,3.9891590622681172,0.0053117591036837275,true,4.315112843382766e-14,2.7548807028800633e-16,1000,20,24,2.6645629286996534e-15,0.0,0.0,4.091785661138776e-14,0.004,,,,,
-2,2,0,0,schwarzschild-overtone-continuation,ell23-uniform-40,17,323,780,0.41410256410256413,0x1.a80a80a80a80bp-2,0.38013452336862774,-0.0877352256120472,3.9877058485601444,0.005998959049510648,true,1.5630993945277916e-13,2.255140518769849e-16,1000,20,24,3.5528154271762724e-15,7.13075255633892e-15,1.4544557232569647e-14,7.535797746364617e-14,0.004,,,,,
-2,2,0,0,schwarzschild-overtone-continuation,ell23-uniform-40,18,57,130,0.43846153846153846,0x1.c0fc0fc0fc0fcp-2,0.38096179157377597,-0.08756624060194869,3.9861496576732502,0.006728198139437145,true,4.285460875053104e-14,6.83481049534862e-16,1000,20,24,1.776370391875708e-15,0.0,1.1605888652555939e-14,1.6383220776192e-14,0.004,,,,,
-2,2,0,0,schwarzschild-overtone-continuation,ell23-uniform-40,19,361,780,0.46282051282051284,0x1.d9ed9ed9ed9eep-2,0.38184773610397893,-0.08738210063509454,3.9844874641661847,0.0074994444213117035,true,4.1919410422695356e-14,3.1401849173675503e-16,1000,20,24,6.217249179910285e-15,0.0,1.3029587361798973e-14,4.180569234085746e-13,0.004,,,,,
-2,2,0,0,schwarzschild-overtone-continuation,ell23-uniform-40,20,19,39,0.48717948717948717,0x1.f2df2df2df2dfp-2,0.3827946128940286,-0.08718160260588444,3.982715937852357,0.008312625101855865,true,4.6373977198395166e-14,4.494909211857047e-16,1000,20,24,1.4210905960602915e-14,0.0,0.0,4.424876005899545e-14,0.004,,,,,
-2,2,0,0,schwarzschild-overtone-continuation,ell23-uniform-40,21,133,260,0.5115384615384615,0x1.05e85e85e85e8p-1,0.3838049138519176,-0.08696337786578444,3.9808314131232385,0.00916761486945464,true,1.0443516933449288e-13,1.2738115944464653e-16,1000,20,24,8.88261425050294e-16,5.057173272738578e-15,7.413804682405398e-15,1.4113375874265714e-14,0.004,,,,,
-2,2,0,0,schwarzschild-overtone-continuation,ell23-uniform-40,22,209,390,0.5358974358974359,0x1.1261261261261p-1,0.38488139270925703,-0.08672586523548202,3.9788298534777153,0.010064221412406505,true,1.5468180049425464e-13,2.297444613877834e-16,1000,20,24,2.6649468853180516e-15,0.0,0.0,3.530788508650837e-14,0.004,,,,,
-2,2,0,0,schwarzschild-overtone-continuation,ell23-uniform-40,23,437,780,0.5602564102564103,0x1.1ed9ed9ed9edap-1,0.3860270948473982,-0.0864672781645596,3.976706810385411,0.011002167361052775,true,5.026307146182838e-14,4.718958039861916e-16,1000,20,24,4.85722573273506e-17,3.81033107298607e-15,5.620229926337589e-15,3.7762445471031745e-13,0.004,,,,,
-2,2,0,0,schwarzschild-overtone-continuation,ell23-uniform-40,24,38,65,0.5846153846153846,0x1.2b52b52b52b53p-1,0.38724539175965783,-0.08618556450121591,3.9744573754205663,0.011981067634248702,true,1.779822904821748e-13,2.1479771700422405e-16,1000,20,24,1.3322736039425135e-14,0.0,0.0,7.129430083374029e-14,0.004,,,,,
-2,2,0,0,schwarzschild-overtone-continuation,ell23-uniform-40,25,95,156,0.6089743589743589,0x1.37cb7cb7cb7cbp-1,0.3885400209147434,-0.0858783568456552,3.9720761243661644,0.013000400829894414,true,8.005932084973442e-15,3.7394458282567184e-16,1000,20,24,1.776380632396394e-14,0.0,2.3132653004962348e-15,8.303043216768613e-14,0.004,,,,,
-2,2,0,0,schwarzschild-overtone-continuation,ell23-uniform-40,26,19,30,0.6333333333333333,0x1.4444444444444p-1,0.3899151318922463,-0.08554291079115511,3.969557051694014,0.014059472825962857,true,1.2639000486876124e-14,4.506008925723787e-16,1000,20,24,1.0658268090586294e-14,0.0,5.461927758452897e-15,1.4095618180608118e-13,0.004,,,,,
-2,2,0,0,schwarzschild-overtone-continuation,ell23-uniform-40,27,171,260,0.6576923076923077,0x1.50bd0bd0bd0bdp-1,0.39137533975004635,-0.08517602742487398,3.966893493468039,0.015157370092471558,true,1.2239653722391904e-13,1.0408340855860843e-17,1000,20,24,7.105427357601002e-15,0.0,0.0,2.5718095302384997e-13,0.004,,,,,
-2,2,0,0,schwarzschild-overtone-continuation,ell23-uniform-40,28,133,195,0.6820512820512821,0x1.5d35d35d35d36p-1,0.39292578662060496,-0.0847739551531553,3.964078036281914,0.016292899266146105,true,1.2008898127460163e-14,4.454424009010536e-16,1000,20,24,5.551115123125783e-17,0.0,1.5830413903738182e-15,6.139362674696775e-14,0.004,,,,,
-2,2,0,0,schwarzschild-overtone-continuation,ell23-uniform-40,29,551,780,0.7064102564102565,0x1.69ae9ae9ae9afp-1,0.39457221244691926,-0.08433226405566502,3.961102409330658,0.01746450816888482,true,9.434074014833855e-14,4.749088686789264e-16,1000,20,24,1.5987410700219296e-14,0.0,0.0,1.0333546549127226e-13,0.004,,,,,
-2,2,0,0,schwarzschild-overtone-continuation,ell23-uniform-40,30,19,26,0.7307692307692307,0x1.7627627627627p-1,0.3963210354201578,-0.08384568329754613,3.957957356145049,0.018670181443034672,true,4.130089340584183e-14,5.027227436193981e-16,1000,20,24,8.881827564982273e-15,0.0,4.580342789595451e-15,3.071788690989546e-13,0.004,,,,,
-2,2,0,0,schwarzschild-overtone-continuation,ell23-uniform-40,31,589,780,0.7551282051282051,0x1.82a02a02a02a0p-1,0.39817944179483367,-0.08330788823571297,3.9546324819562155,0.01990730099038855,true,7.084580093039168e-14,4.0418684730288697e-16,1000,20,24,8.886119947416683e-16,0.0,1.5838611672749935e-14,2.088354003729976e-13,0.004,,,,,
-2,2,0,0,schwarzschild-overtone-continuation,ell23-uniform-40,32,152,195,0.7794871794871795,0x1.8f18f18f18f19p-1,0.4001554827939271,-0.08271121813984317,3.95111607228481,0.021172456896728847,true,1.926089445588852e-13,2.420669712248692e-16,1000,20,24,1.243463775645597e-14,0.0,0.0,1.5042124922300123e-13,0.004,,,,,
-2,2,0,0,schwarzschild-overtone-continuation,ell23-uniform-40,33,209,260,0.8038461538461539,0x1.9b91b91b91b92p-1,0.4022581721975202,-0.08204629701120256,3.9473948785988457,0.022461187634229586,true,1.5537744762984144e-13,2.42861286636753e-17,1000,20,24,1.953996250281689e-14,6.687437973216766e-15,1.2894399253123431e-14,2.1447773323758608e-13,0.004,,,,,
-2,2,0,0,schwarzschild-overtone-continuation,ell23-uniform-40,34,323,390,0.8282051282051283,0x1.a80a80a80a80bp-1,0.404497569759813,-0.08130151757120067,3.943453868756595,0.023767617688323285,true,9.307059940489207e-14,4.1426126430919793e-16,1000,20,24,4.441331178674101e-15,0.0,1.0716896438267965e-14,2.6195476410215204e-13,0.004,,,,,
-2,2,0,0,schwarzschild-overtone-continuation,ell23-uniform-40,35,133,156,0.8525641025641025,0x1.b483483483483p-1,0.4068848183734049,-0.08046233063202342,3.9392759457326685,0.0250839442524267,true,1.180208329215118e-13,1.126603737611321e-15,1000,20,24,6.217273138795125e-15,0.0,1.7834291062773078e-14,2.7379999616377695e-13,0.004,,,,,
-2,2,0,0,schwarzschild-overtone-continuation,ell23-uniform-40,36,57,65,0.8769230769230769,0x1.c0fc0fc0fc0fcp-1,0.40943206776547875,-0.079510258067364,3.93484165299972,0.026399699395232755,true,1.217841281902541e-13,2.2679146054755153e-16,1000,20,24,8.989550626504553e-16,0.0,0.0,2.871509813986821e-13,0.004,,,,,
-2,2,0,0,schwarzschild-overtone-continuation,ell23-uniform-40,37,703,780,0.9012820512820513,0x1.cd74d74d74d75p-1,0.41215214605293377,-0.07842152169241666,3.9301289205444427,0.02770067757682855,true,3.6978340796258836e-13,3.974145096771201e-16,1000,20,24,7.105457850721672e-15,0.0,2.885022195827363e-14,1.0601935130177896e-12,0.004,,,,,
-2,2,0,0,schwarzschild-overtone-continuation,ell23-uniform-40,38,361,390,0.9256410256410257,0x1.d9ed9ed9ed9eep-1,0.4150576987349389,-0.07716517613014523,3.92511298683479,0.028967374414483944,true,9.917517321145388e-14,4.586104959431681e-16,1000,20,24,1.1546371581088417e-14,0.0,0.0,3.7304293243751745e-13,0.004,,,,,
-2,2,0,0,schwarzschild-overtone-continuation,ell23-uniform-40,39,19,20,0.95,0x1.e666666666666p-1,0.41815925983640256,-0.07570073729100758,3.9197668046893357,0.030172764857753318,true,5.38464027057587e-13,1.1857187100668868e-16,1000,20,24,1.1546327796115327e-14,2.1147968289901687e-14,2.9758184114240756e-14,8.054312014578607e-13,0.004,,KerrQNMEFs-2/l2/s-2l2m0n0.dat,951,1.7041929078560284e-14,7.797094009726011e-15
-2,2,0,0,schwarzschild-overtone-continuation,ell23-supplemental-high,40,97,100,0.97,0x1.f0a3d70a3d70ap-1,0.42085588633323695,-0.07430631904585905,3.9151108022610566,0.031090689925945963,true,1.0945069370370065e-12,1.4014257540728752e-15,1000,20,24,6.217310892002051e-15,0.0,0.0,7.98791077165751e-13,0.004,,KerrQNMEFs-2/l2/s-2l2m0n0.dat,971,1.676785973155931e-14,4.39625888431457e-15
-2,2,0,0,schwarzschild-overtone-continuation,ell23-supplemental-high,41,49,50,0.98,0x1.f5c28f5c28f5cp-1,0.42225424428010233,-0.07353240298737451,3.9126876917048663,0.031516464830208674,true,5.742772374736065e-13,4.64245191508845e-16,1000,20,24,3.552774664649262e-15,0.0,0.0,6.077868265012831e-13,0.004,,KerrQNMEFs-2/l2/s-2l2m0n0.dat,981,3.325452723259356e-14,8.889004758950575e-15
-2,2,0,0,schwarzschild-overtone-continuation,ell23-supplemental-high,42,99,100,0.99,0x1.fae147ae147aep-1,0.4236845947438983,-0.07270079157332307,3.9101990506947586,0.03191481534654748,true,2.4280400379256687e-12,6.750392833810179e-16,1000,20,24,2.0428900290470248e-14,0.0,0.0,1.0223547060495354e-12,0.004,,KerrQNMEFs-2/l2/s-2l2m0n0.dat,991,3.1326885912488154e-14,1.0591761858187545e-14
-2,2,0,0,schwarzschild-overtone-continuation,ell23-supplemental-high,43,199,200,0.995,0x1.fd70a3d70a3d7p-1,0.4244112248439236,-0.07226170312092886,3.908929749937851,0.032102302270078945,true,1.4080160573932303e-12,3.031798407899492e-16,1000,20,24,1.687542563880984e-14,0.0,8.791531148481481e-14,6.063078276197591e-14,0.004,,KerrQNMEFs-2/l2/s-2l2m0n0.dat,996,2.2805288940731276e-14,9.347831047134763e-15
-2,2,0,0,schwarzschild-overtone-continuation,ell23-supplemental-high,44,997,1000,0.997,0x1.fe76c8b439581p-1,0.4247039265213497,-0.07208150588903915,3.9084173244577918,0.03217492442799264,true,1.8884812062643546e-13,7.34421873881258e-16,1000,20,24,3.908126976024033e-14,0.0,0.0,2.4037660816399602e-12,0.004,,KerrQNMEFs-2/l2/s-2l2m0n0.dat,998,2.1232239808356513e-14,2.278370254407538e-14
-2,2,0,0,schwarzschild-overtone-continuation,ell23-supplemental-high,45,999,1000,0.999,0x1.ff7ced916872bp-1,0.42499776801792266,-0.07189863550941988,3.9079021998907306,0.032246130441072225,true,2.3166989564381634e-12,9.78139183888757e-15,1414,20,24,1.7835117169221426e-15,0.0,6.572494519300293e-14,3.3339037884270683e-12,0.004,,KerrQNMEFs-2/l2/s-2l2m0n0.dat,1000,4.297543484259717e-13,1.9595712808167395e-13
-2,2,0,1,schwarzschild-overtone-continuation,ell23-uniform-40,0,0,1,0.0,0x0.0p+0,0.34671099687916607,-0.27391487529123787,4.0,0.0,true,1.652704112758165e-14,6.938893903907228e-17,1000,20,24,0.0,0.0,4.098061628996896e-15,1.428741002342905e-13,0.004,0.18690727106245117,KerrQNMEFs-2/l2/s-2l2m0n1.dat,1,4.016031340300579e-15,0.0
-2,2,0,1,schwarzschild-overtone-continuation,ell23-uniform-40,1,19,780,0.02435897435897436,0x1.8f18f18f18f19p-6,0.3467394385981192,-0.27390183844433835,3.999985949801128,5.9036444764949095e-05,true,3.669047743978888e-14,6.403362282114315e-16,1000,20,24,7.993605777404525e-15,0.0,0.0,1.412133860249422e-13,0.004,0.18689709083244666,,,,
-2,2,0,1,schwarzschild-overtone-continuation,ell23-uniform-40,2,19,390,0.04871794871794872,0x1.8f18f18f18f19p-5,0.3468248102332563,-0.27386267008098303,3.999943700936954,0.00023617116467098252,true,2.8592629545323814e-13,4.934426949698985e-16,1000,20,24,8.881786020934316e-16,7.823922120803856e-15,1.2036579066516219e-14,1.4232071891649265e-13,0.004,0.18686651014941907,,,,
-2,2,0,1,schwarzschild-overtone-continuation,ell23-uniform-40,3,19,260,0.07307692307692308,0x1.2b52b52b52b53p-4,0.3469672514482218,-0.2737971961256128,3.99987295793596,0.0005314801151440832,true,1.031523262396631e-13,5.35015268926554e-16,1000,20,24,8.881785851362324e-16,5.799786378539274e-15,7.642415970454963e-15,6.79703162522204e-14,0.004,0.1868154086206469,,,,
-2,2,0,1,schwarzschild-overtone-continuation,ell23-uniform-40,4,19,195,0.09743589743589744,0x1.8f18f18f18f19p-4,0.34716699577915405,-0.2737051244143104,3.999773226106427,0.0009450892098778473,true,3.721152251246591e-14,7.987869494273747e-16,1000,20,24,1.7763616171890433e-15,0.0,3.908316207131154e-15,7.826088021446291e-14,0.004,0.1867435842042666,,,,
-2,2,0,1,schwarzschild-overtone-continuation,ell23-uniform-40,5,19,156,0.12179487179487179,0x1.f2df2df2df2dfp-4,0.34742437178405594,-0.2735860415933349,3.9996438081446875,0.0014771732768629879,true,4.5378116770748895e-14,6.087272963323595e-16,1000,20,24,4.440892627896187e-15,0.0,0.0,5.1323053945956245e-14,0.004,0.18665075109821194,,,,
-2,2,0,1,schwarzschild-overtone-continuation,ell23-uniform-40,6,19,130,0.14615384615384616,0x1.2b52b52b52b53p-3,0.3477398046597385,-0.2734394086864064,3.9994837993197105,0.0021279545437985856,true,9.193612004533654e-14,3.189627710442956e-16,1000,20,24,1.2434498964844066e-14,3.070725159912542e-15,3.1719170905745505e-15,7.854888706255751e-14,0.004,0.18653653672385173,,,,
-2,2,0,1,schwarzschild-overtone-continuation,ell23-uniform-40,7,133,780,0.17051282051282052,0x1.5d35d35d35d36p-3,0.34811381833368793,-0.27326455523629134,3.9992920811652066,0.002897700597129369,true,1.708358723008223e-13,2.177751704867561e-16,1000,20,24,9.769965080796914e-15,0.0,1.2313594627959714e-14,3.0552151547913435e-13,0.004,0.18640047774046753,,,,
-2,2,0,1,schwarzschild-overtone-continuation,ell23-uniform-40,8,38,195,0.19487179487179487,0x1.8f18f18f18f19p-3,0.3485470380395705,-0.27306067189367506,3.999067313588411,0.0037867217389513574,true,2.787809586420977e-13,3.3422138886441676e-16,1000,20,24,1.5987216166225412e-14,9.238896857051836e-15,9.309503074677274e-15,9.866478999954133e-14,0.004,0.18624201500537904,,,,
-2,2,0,1,schwarzschild-overtone-continuation,ell23-uniform-40,9,57,260,0.21923076923076923,0x1.c0fc0fc0fc0fcp-3,0.3490401933847925,-0.2728268012889015,3.9988079252795394,0.00479536764262729,true,6.593528457874109e-14,1.3877787807814457e-17,1000,20,24,7.993610483038338e-15,0.0,1.1767316634202366e-14,2.1836413311556082e-13,0.004,0.18606048736918798,,,,
-2,2,0,1,schwarzschild-overtone-continuation,ell23-uniform-40,10,19,78,0.24358974358974358,0x1.f2df2df2df2dfp-3,0.349594121918363,-0.2725618269788997,3.998512102279069,0.005924023180014013,true,7.512494549072232e-14,2.3479724158959924e-16,1000,20,24,3.552734431047099e-15,0.0,0.0,2.886634520641473e-13,0.004,0.18585512416666658,,,,
-2,2,0,1,schwarzschild-overtone-continuation,ell23-uniform-40,11,209,780,0.26794871794871794,0x1.1261261261261p-2,0.35020977320381147,-0.27226446021002304,3.9981777745295846,0.007173103259246473,true,4.8729053228252054e-14,8.882868333007365e-16,1000,20,24,1.953999453597554e-14,0.0,0.0,1.9021331556429404e-13,0.004,0.1856250362296671,,,,
-2,2,0,1,schwarzschild-overtone-continuation,ell23-uniform-40,12,19,65,0.2923076923076923,0x1.2b52b52b52b53p-2,0.35088821339678145,-0.27193322417576526,3.997802600203159,0.008543046470207878,true,9.758778287706375e-14,1.5265566588595902e-16,1000,20,24,8.881784197001252e-16,0.0,0.0,2.343596392854643e-14,0.004,0.18536920520698316,,,,
-2,2,0,1,schwarzschild-overtone-continuation,ell23-uniform-40,13,19,60,0.31666666666666665,0x1.4444444444444p-2,0.35163063031767366,-0.2715664353731977,3.9973839475558233,0.010034307282728158,true,5.027827334724943e-14,1.1430445635548515e-15,1000,20,24,1.5099262728910714e-14,0.0,1.616509124176106e-15,1.8096894124538776e-13,0.004,0.18508647092683314,,,,
-2,2,0,1,schwarzschild-overtone-continuation,ell23-uniform-40,14,133,390,0.34102564102564104,0x1.5d35d35d35d36p-2,0.35243833899480603,-0.2711621815695729,3.9969188740146286,0.011647346477025967,true,9.335199903474534e-14,1.0200174038743626e-15,1000,20,24,1.687540281353375e-14,0.0,0.0,2.0182230103585687e-13,0.004,0.18477551647599422,,,,
-2,2,0,1,schwarzschild-overtone-continuation,ell23-uniform-40,15,19,52,0.36538461538461536,0x1.7627627627627p-2,0.3533127876310411,-0.27071829577631296,3.996404102148869,0.013382619402774198,true,1.6871766752313641e-13,1.133081219144127e-15,1000,20,24,8.881784197001252e-16,0.0,8.092071311423671e-15,1.0329561797385055e-13,0.004,0.18443485059522838,,,,
-2,2,0,1,schwarzschild-overtone-continuation,ell23-uniform-40,16,76,195,0.38974358974358975,0x1.8f18f18f18f19p-2,0.35425556391274576,-0.2702323254845973,3.9958359921154307,0.015240561556813602,true,1.8967600707189028e-14,6.684427777288335e-16,1000,20,24,1.5987672710333563e-14,0.0,0.0,3.362602911724801e-13,0.004,0.18406278689644448,,,,
-2,2,0,1,schwarzschild-overtone-continuation,ell23-uniform-40,17,323,780,0.41410256410256413,0x1.a80a80a80a80bp-2,0.35526840152967165,-0.26970149623707634,3.9952105100968764,0.017221570832446104,true,2.1760371282653068e-14,4.85722573273506e-17,1000,20,24,5.329088588206323e-15,0.0,2.2211398302543545e-15,1.6817617919941945e-13,0.004,0.1836574192906215,,,,
-2,2,0,1,schwarzschild-overtone-continuation,ell23-uniform-40,18,57,130,0.43846153846153846,0x1.c0fc0fc0fc0fcp-2,0.3563531866995626,-0.2691226683819966,3.994523192167475,0.019325985615079956,true,1.0286801974589201e-13,6.661338147750939e-16,1000,20,24,4.44089751950818e-15,0.0,3.809294760581175e-15,1.2365013925729166e-13,0.004,0.18321659286785932,,,,
-2,2,0,1,schwarzschild-overtone-continuation,ell23-uniform-40,19,361,780,0.46282051282051284,0x1.d9ed9ed9ed9eep-2,0.35751196438210825,-0.2684922855649973,3.9937691029286357,0.021554057665747493,true,1.1093900448720545e-13,6.245004513516506e-17,1000,20,24,2.6665673632830438e-15,0.0,4.090158660605391e-15,7.751233365980882e-14,0.004,0.18273786928450977,,,,
-2,2,0,1,schwarzschild-overtone-continuation,ell23-uniform-40,20,19,39,0.48717948717948717,0x1.f2df2df2df2dfp-2,0.3587469437059362,-0.26780631313930603,3.9929427881478854,0.02390591842608284,true,2.3420180361420892e-14,4.579669976578771e-16,1000,20,24,7.993906938898084e-15,0.0,7.8467324377783e-15,4.8260872584994125e-14,0.004,0.18221848547461444,,,,
-2,2,0,1,schwarzschild-overtone-continuation,ell23-uniform-40,21,133,260,0.5115384615384615,0x1.05e85e85e85e8p-1,0.3600605018940381,-0.2670601641903189,3.9920382205186984,0.026381536968366745,true,4.726213026239794e-14,6.438231684870799e-16,1000,20,24,1.2434732138707294e-14,0.0,0.0,1.7499650726773373e-13,0.004,0.1816553041990531,,,,
-2,2,0,1,schwarzschild-overtone-continuation,ell23-uniform-40,22,209,390,0.5358974358974359,0x1.1261261261261p-1,0.361455185620996,-0.26624861023915014,3.991048737534623,0.02898066726375853,true,1.0684868524877301e-13,4.443059973708341e-16,1000,20,24,2.6648604999022096e-15,0.0,0.0,1.3389584260279295e-13,0.004,0.18104475455586702,,,,
-2,2,0,1,schwarzschild-overtone-continuation,ell23-uniform-40,23,437,780,0.5602564102564103,0x1.1ed9ed9ed9edap-1,0.36293370820897336,-0.2653656728618583,3.989966970351481,0.031702781695736246,true,1.2124936719391603e-13,1.0090067972277008e-15,1000,20,24,2.1316647987895572e-14,0.0,0.0,4.796369058830623e-14,0.004,0.18038276007341236,,,,
-2,2,0,1,schwarzschild-overtone-continuation,ell23-uniform-40,24,38,65,0.5846153846153846,0x1.2b52b52b52b53p-1,0.3644989402773295,-0.26440449136999256,3.988784762416651,0.03454698672500595,true,4.325711579826191e-14,8.658060305889084e-16,1000,20,24,1.065864924405353e-14,0.0,1.4107370298294413e-14,1.0565684021874231e-13,0.004,0.17966465136274382,,,,
-2,2,0,1,schwarzschild-overtone-continuation,ell23-uniform-40,25,95,156,0.6089743589743589,0x1.37cb7cb7cb7cbp-1,0.366153890256581,-0.26335716025375544,3.9874930766132426,0.03751191520170171,true,1.0543284846053511e-13,9.155133597044475e-16,1000,20,24,2.2204461576705276e-14,3.84752750796379e-15,1.8043259068117888e-14,3.024518134022902e-13,0.004,0.17888505947958708,,,,
-2,2,0,1,schwarzschild-overtone-continuation,ell23-uniform-40,26,19,30,0.6333333333333333,0x1.4444444444444p-1,0.36790166932759377,-0.2622145281724674,3.9860818897775188,0.04059558785227303,true,1.8045984564255232e-13,1.0696029801821925e-15,1000,20,24,1.1547328554028334e-14,0.0,0.0,4.818771580917591e-13,0.004,0.17803778509691182,,,,
-2,2,0,1,schwarzschild-overtone-continuation,ell23-uniform-40,27,171,260,0.6576923076923077,0x1.50bd0bd0bd0bdp-1,0.36974543246602326,-0.2609659477355968,3.9845400738359937,0.04379523369312006,true,2.3314683517128287e-14,1.734723475976807e-16,1000,20,24,2.42861286636753e-16,0.0,7.23649124644442e-15,3.662851060285757e-13,0.004,0.17711563728808843,,,,
-2,2,0,1,schwarzschild-overtone-continuation,ell23-uniform-40,28,133,195,0.6820512820512821,0x1.5d35d35d35d36p-1,0.37168828272560284,-0.25959896196993887,3.9828552637420516,0.04710705517204899,true,9.023647967253202e-14,4.445768331151997e-16,1000,20,24,6.219865960926306e-15,0.0,0.0,5.92679644307532e-13,0.004,0.17611023417217594,,,,
-2,2,0,1,schwarzschild-overtone-continuation,ell23-uniform-40,29,551,780,0.7064102564102565,0x1.69ae9ae9ae9afp-1,0.3737331186060143,-0.25809890903396443,3.981013714354107,0.050525918164549724,true,1.9112404723499672e-13,2.0816681711721685e-17,1000,20,24,1.1546421620854353e-14,0.0,0.0,3.7555246289108463e-13,0.004,0.17501175600263083,,,,
-2,2,0,1,schwarzschild-overtone-continuation,ell23-uniform-40,30,19,26,0.7307692307692307,0x1.7627627627627p-1,0.375882392474493,-0.256448421342197,3.979000152321698,0.05404493875057946,true,1.1893053958441056e-13,1.3472894910096233e-16,1000,20,24,1.1553823032976826e-14,4.820209419629775e-15,1.8200971344248628e-14,4.5465561813039305e-13,0.004,0.17380863990599182,,,,
-2,2,0,1,schwarzschild-overtone-continuation,ell23-uniform-40,31,589,780,0.7551282051282051,0x1.82a02a02a02a0p-1,0.378137728328043,-0.25462678912110503,3.9767976367114426,0.05765492682269069,true,1.0059992970617294e-13,8.517686582123248e-16,1000,20,24,1.4211674619442498e-14,0.0,0.0,4.623964675128773e-13,0.004,0.17248720555236474,,,,
-2,2,0,1,schwarzschild-overtone-continuation,ell23-uniform-40,32,152,195,0.7794871794871795,0x1.8f18f18f18f19p-1,0.3804993140073332,-0.25260915304387493,3.974387456986989,0.06134362951478349,true,1.1503217866311942e-13,5.255381918445909e-16,1000,20,24,2.6652998733259696e-14,0.0,1.715043047770381e-14,3.7966381037242593e-14,0.004,0.17103120550362055,,,,
-2,2,0,1,schwarzschild-overtone-continuation,ell23-uniform-40,33,209,260,0.8038461538461539,0x1.9b91b91b91b92p-1,0.38296492623877626,-0.25036549078190967,3.9717491259525715,0.06509469361477763,true,1.0341177711654675e-14,1.734723475976807e-16,1000,20,24,1.243859393650972e-14,2.448161348223004e-15,6.678201444714463e-15,7.001294560998566e-13,0.004,0.16942131014499162,,,,
-2,2,0,1,schwarzschild-overtone-continuation,ell23-uniform-40,34,323,390,0.8282051282051283,0x1.a80a80a80a80bp-1,0.3855283490558166,-0.24785938170188535,3.9688605822141194,0.06888623541104394,true,5.1874866389564574e-14,9.4262390002864e-16,1000,20,24,7.105549329298523e-15,0.0,0.0,1.806685955266963e-13,0.004,0.1676345830605742,,,,
-2,2,0,1,schwarzschild-overtone-continuation,ell23-uniform-40,35,133,156,0.8525641025641025,0x1.b483483483483p-1,0.3881767788149572,-0.24504660972960884,3.9656988293619553,0.07268887583453948,true,4.108302859301719e-13,9.560828938197732e-16,1000,20,24,1.2437912643762449e-14,2.7662284999836533e-14,4.084730645098475e-14,6.342273386506974e-13,0.004,0.16564412356069969,,,,
-2,2,0,1,schwarzschild-overtone-continuation,ell23-uniform-40,36,57,65,0.8769230769230769,0x1.c0fc0fc0fc0fcp-1,0.3908865370129674,-0.24187389606757304,3.9622414610665655,0.07646310177794081,true,1.7411921866771032e-13,2.67507634463277e-16,1000,20,24,4.441087250603757e-15,0.0,2.4622637397349344e-14,5.657201530141507e-13,0.004,0.16341936132403426,,,,
-2,2,0,1,schwarzschild-overtone-continuation,ell23-uniform-40,37,703,780,0.9012820512820513,0x1.cd74d74d74d75p-1,0.3936160483703532,-0.2382786977512437,3.958469940848858,0.08015597320217367,true,3.8762374443518904e-13,5.828670879282072e-16,1000,20,24,2.3988590203331062e-14,2.7263845735114484e-14,5.961316788464791e-14,1.0896476956352848e-12,0.004,0.1609282562348856,,,,
-2,2,0,1,schwarzschild-overtone-continuation,ell23-uniform-40,38,361,390,0.9256410256410257,0x1.d9ed9ed9ed9eep-1,0.3962949468293225,-0.23419264781560184,3.954376172089675,0.08369789862356314,true,1.5925722645766206e-13,1.3672438525262642e-16,1000,20,24,6.218007833105156e-15,1.1298258127427696e-14,1.78469214521355e-14,1.393761091115239e-14,0.004,0.1581444520778348,,,,
-2,2,0,1,schwarzschild-overtone-continuation,ell23-uniform-40,39,19,20,0.95,0x1.e666666666666p-1,0.39881024054456027,-0.22955451266425983,3.949974230701606,0.08700240223026556,true,7.736783495425221e-13,1.0166130809736812e-15,1000,20,24,1.818360945611186e-15,0.0,0.0,8.333958481401942e-13,0.004,0.15506569170567433,KerrQNMEFs-2/l2/s-2l2m0n1.dat,951,1.6884882632921416e-14,8.343678738167853e-15
-2,2,0,1,schwarzschild-overtone-continuation,ell23-supplemental-high,40,97,100,0.97,0x1.f0a3d70a3d70ap-1,0.4006403236987199,-0.2253143563059698,3.9461645030349155,0.08947190504786827,true,5.0628994095688e-13,1.144076106932653e-15,1000,20,24,1.837955691102267e-15,0.0,0.0,4.1890113876890805e-13,0.004,0.15235516495931825,KerrQNMEFs-2/l2/s-2l2m0n1.dat,971,2.4184011361052488e-15,3.61984211943463e-15
-2,2,0,1,schwarzschild-overtone-continuation,ell23-supplemental-high,41,49,50,0.98,0x1.f5c28f5c28f5cp-1,0.4014402117281395,-0.22305345701196283,3.9442098607574305,0.09060822617959988,true,7.210039630724392e-13,4.3405887397358833e-16,1000,20,24,9.770317440060083e-15,0.0,0.0,3.4450791124778494e-13,0.004,0.15096280849168786,KerrQNMEFs-2/l2/s-2l2m0n1.dat,981,4.3885313032078317e-14,3.9942677017997277e-14
-2,2,0,1,schwarzschild-overtone-continuation,ell23-supplemental-high,42,99,100,0.99,0x1.fae147ae147aep-1,0.40214547840537407,-0.22070660278502754,3.9422326830561354,0.09167299045614535,true,3.0513033195309294e-13,4.475586568020162e-16,1000,20,24,0.0,0.0,3.2246948073494475e-13,2.1580337749284424e-12,0.004,0.14956488118899833,KerrQNMEFs-2/l2/s-2l2m0n1.dat,991,1.5691211541903664e-13,6.944945450002094e-14
-2,2,0,1,schwarzschild-overtone-continuation,ell23-supplemental-high,43,199,200,0.995,0x1.fd70a3d70a3d7p-1,0.4024586640230023,-0.21950371716239933,3.9412384858148073,0.09217761139705831,true,4.063596425604003e-12,4.587462046759079e-15,1000,20,24,4.459091088870944e-15,1.155148086623313e-12,1.3952539598176288e-12,6.7095885458854335e-12,0.004,0.14886949192357996,KerrQNMEFs-2/l2/s-2l2m0n1.dat,996,1.3160404670123453e-12,6.258371640981533e-13
-2,2,0,1,schwarzschild-overtone-continuation,ell23-supplemental-high,44,997,1000,0.997,0x1.fe76c8b439581p-1,0.4025761036542559,-0.21901748435680748,3.9408401402338944,0.09237420203930885,true,1.0861561457133046e-12,9.963088401323583e-15,1159,20,24,1.421616631318792e-14,2.0564451182800908e-13,6.468132329031841e-13,2.1356626406032793e-12,0.004,0.14859280707059128,KerrQNMEFs-2/l2/s-2l2m0n1.dat,998,1.854944674545926e-12,8.910760657603201e-13
-2,2,0,1,schwarzschild-overtone-continuation,ell23-supplemental-high,45,999,1000,0.999,0x1.ff7ced916872bp-1,0.40268893278468126,-0.2185284904862029,3.940441531689167,0.09256777502325504,true,1.2094345467492949e-11,9.985267271941884e-15,1844,20,24,5.331256544219525e-15,1.994069599603393e-12,0.0,8.028557542497126e-12,0.004,0.14831722253324572,KerrQNMEFs-2/l2/s-2l2m0n1.dat,1000,7.143278140101744e-12,3.442852700323197e-12
-2,2,0,2,schwarzschild-overtone-continuation,ell23-uniform-40,0,0,1,0.0,0x0.0p+0,0.30105345461236577,-0.4782769832230724,4.0,0.0,true,9.469831450745289e-14,9.872024615592036e-16,1000,20,24,0.0,0.0,7.12837538663003e-15,7.063706200946834e-14,0.004,0.20940029208238328,KerrQNMEFs-2/l2/s-2l2m0n2.dat,1,8.252325904466732e-16,0.0
-2,2,0,2,schwarzschild-overtone-continuation,ell23-uniform-40,1,19,780,0.02435897435897436,0x1.8f18f18f18f19p-6,0.3010944027139877,-0.47824939108404046,4.000042911831354,8.9511035984278e-05,true,2.2713980117448746e-13,1.2738115944464653e-16,1000,20,24,5.329070518269683e-15,0.0,0.0,2.4438830825228596e-13,0.004,0.2093833603004295,,,,
-2,2,0,2,schwarzschild-overtone-continuation,ell23-uniform-40,2,19,390,0.04871794871794872,0x1.8f18f18f18f19p-5,0.301217294625564,-0.47816650076519596,4.0001714605372225,0.0003581234878834221,true,7.583400292125675e-14,1.7772239894833365e-16,1000,20,24,7.105427367733964e-15,0.0,4.242156220644677e-15,3.239416952431797e-14,0.004,0.2093325123150951,,,,
-2,2,0,2,schwarzschild-overtone-continuation,ell23-uniform-40,3,19,260,0.07307692307692308,0x1.2b52b52b52b53p-4,0.301422273237169,-0.4780279693864037,4.000385084413444,0.0008060749582393013,true,8.379058453350833e-14,3.693291056919641e-16,1000,20,24,1.598721214281957e-14,0.0,0.0,5.5612754676652666e-14,0.004,0.2092475896801343,,,,
-2,2,0,2,schwarzschild-overtone-continuation,ell23-uniform-40,4,19,195,0.09743589743589744,0x1.8f18f18f18f19p-4,0.3017095769259897,-0.4778332215400356,4.000682842801367,0.0014337600038297523,true,8.260089147862211e-14,2.6945789820192466e-16,1000,20,24,2.664535679175745e-14,0.0,0.0,4.5392782294515533e-14,0.004,0.20912832654846528,,,,
-2,2,0,2,schwarzschild-overtone-continuation,ell23-uniform-40,5,19,156,0.12179487179487179,0x1.f2df2df2df2dfp-4,0.30207953987601666,-0.47758144329302016,4.00106340929282,0.002241727906085772,true,1.0865221326154586e-13,8.95090418262362e-16,1000,20,24,3.552760371184885e-15,0.0,4.2016478008313785e-15,3.1894703777606954e-13,0.004,0.20897434697920292,,,,
-2,2,0,2,schwarzschild-overtone-continuation,ell23-uniform-40,6,19,130,0.14615384615384616,0x1.2b52b52b52b53p-3,0.3025325924820405,-0.4772715736130459,4.001525062079531,0.0032306794301181956,true,8.454156975434435e-14,2.7344877050525285e-16,1000,20,24,8.881790814443688e-15,0.0,2.190405596563678e-15,4.0335427739492424e-13,0.004,0.20878516109043804,,,,
-2,2,0,2,schwarzschild-overtone-continuation,ell23-uniform-40,7,133,780,0.17051282051282052,0x1.5d35d35d35d36p-3,0.3030692617901968,-0.47690229303489096,4.0020656713069505,0.004401462446160887,true,1.8647358273080744e-13,4.695944831791985e-16,1000,20,24,2.309266497474077e-14,0.0,0.0,9.493542985708791e-14,0.004,0.20856015997771718,,,,
-2,2,0,2,schwarzschild-overtone-continuation,ell23-uniform-40,8,38,195,0.19487179487179487,0x1.8f18f18f18f19p-3,0.303690171907766,-0.47647200931916855,4.002682683244786,0.0057550662412289245,true,6.144500217583007e-14,3.400058012914542e-16,1000,20,24,1.7763672155235494e-15,0.0,0.0,1.5061631070850406e-13,0.004,0.20829860929059177,,,,
-2,2,0,2,schwarzschild-overtone-continuation,ell23-uniform-40,9,57,260,0.21923076923076923,0x1.c0fc0fc0fc0fcp-3,0.30439604428944833,-0.47597883978347405,4.003373101038325,0.00729261429444749,true,1.8496528837145805e-13,2.0816681711721685e-16,1000,20,24,1.0658146118597975e-14,0.0,0.0,3.835655860784681e-14,0.004,0.2079996413288917,,,,
-2,2,0,2,schwarzschild-overtone-continuation,ell23-uniform-40,10,19,78,0.24358974358974358,0x1.f2df2df2df2dfp-3,0.30518769777492816,-0.475420589901193,4.004133461747117,0.009015355223909182,true,1.2723155862204294e-13,9.036560719766055e-16,1000,20,24,1.065816489446948e-14,0.0,7.479393794730253e-15,1.4782651883131941e-13,0.004,0.2076622454842715,,,,
-2,2,0,2,schwarzschild-overtone-continuation,ell23-uniform-40,11,209,780,0.26794871794871794,0x1.1261261261261p-2,0.30606604820940464,-0.47479472766353337,4.0049598093162935,0.010924651532374631,true,1.9404259383296546e-13,4.0608835428777945e-16,1000,20,24,3.553357788968013e-15,0.0,0.0,7.3697403837901e-14,0.004,0.2072852568109277,,,,
-2,2,0,2,schwarzschild-overtone-continuation,ell23-uniform-40,12,19,65,0.2923076923076923,0x1.2b52b52b52b53p-2,0.3070321074220721,-0.4740983530801519,4.005847663054438,0.013021965678868212,true,9.721801533385127e-14,4.996485455209446e-16,1000,20,24,1.0658522759080675e-14,0.0,2.830524433501838e-15,2.1139031231576344e-13,0.004,0.20686734245934568,,,,
-2,2,0,2,schwarzschild-overtone-continuation,ell23-uniform-40,13,19,60,0.31666666666666665,0x1.4444444444444p-2,0.30808698126074013,-0.47332816204868705,4.006791981111003,0.015308842876974607,true,5.418297853188372e-14,2.482534153247273e-16,1000,20,24,1.4210905960602915e-14,0.0,0.0,1.6509983219967489e-13,0.004,0.20640698564793844,,,,
-2,2,0,2,schwarzschild-overtone-continuation,ell23-uniform-40,14,133,390,0.34102564102564104,0x1.5d35d35d35d36p-2,0.30923186627866206,-0.4724804036449461,4.007787118355153,0.017786889860158108,true,5.185965716358656e-14,7.001065424966057e-16,1000,20,24,1.7763717809986005e-14,1.1762602059271538e-15,3.391635943292865e-15,3.4110214398748283e-13,0.004,0.20590246677531615,,,,
-2,2,0,2,schwarzschild-overtone-continuation,ell23-uniform-40,15,19,52,0.36538461538461536,0x1.7627627627627p-2,0.3104680445294678,-0.471550829666043,4.008826777951412,0.020457748648555724,true,9.646272913069078e-14,1.0851551576834373e-15,1000,20,24,1.776370391875708e-15,0.0,3.4622229815345742e-15,2.937864943039338e-13,0.004,0.2053518411897234,,,,
-2,2,0,2,schwarzschild-overtone-continuation,ell23-uniform-40,16,76,195,0.38974358974358975,0x1.8f18f18f18f19p-2,0.3117968757362902,-0.470534634984984,4.009903955809474,0.023323064085509937,true,1.1906892201003595e-13,6.947562107041944e-16,1000,20,24,2.3092655592230655e-14,0.0,4.449557262054371e-15,4.849852696785986e-13,0.004,0.2047529130265408,,,,
-2,2,0,2,schwarzschild-overtone-continuation,ell23-uniform-40,17,323,780,0.41410256410256413,0x1.a80a80a80a80bp-2,0.3132197858382179,-0.4694263869335552,4.011010876950124,0.026384443565033146,true,7.80539689883125e-14,2.797157557069881e-16,1000,20,24,1.7764415406755882e-14,0.0,4.324172596470543e-15,6.220459825379181e-14,0.004,0.20410320439740284,,,,
-2,2,0,2,schwarzschild-overtone-continuation,ell23-uniform-40,18,57,130,0.43846153846153846,0x1.c0fc0fc0fc0fcp-2,0.3147382505545333,-0.4682199414996824,4.012138922681048,0.02964340691537784,true,1.6049156099505807e-13,1.1112850348086693e-15,1000,20,24,2.1316733818921383e-14,3.753883884337997e-15,1.1469737655990558e-14,9.672202840523226e-14,0.004,0.20339991905911178,,,,
-2,2,0,2,schwarzschild-overtone-continuation,ell23-uniform-40,19,361,780,0.46282051282051284,0x1.d9ed9ed9ed9eep-2,0.3163537720982916,-0.4669083435819307,4.013278547316298,0.03310132379960709,true,3.3937249765157416e-14,2.3263411494723067e-16,1000,20,24,8.882174501207515e-15,0.0,0.0,2.745146709266243e-13,0.004,0.20263989950414674,,,,
-2,2,0,2,schwarzschild-overtone-continuation,ell23-uniform-40,20,19,39,0.48717948717948717,0x1.f2df2df2df2dfp-2,0.31806784645381575,-0.4654837078539568,4.014419183009572,0.036759335186700326,true,7.904819121309615e-14,3.091508911360544e-16,1000,20,24,1.065814329515579e-14,0.0,4.8729812068503675e-15,5.2432625861148955e-14,0.004,0.2018195761922498,,,,
-2,2,0,2,schwarzschild-overtone-continuation,ell23-uniform-40,21,133,260,0.5115384615384615,0x1.05e85e85e85e8p-1,0.31988191761073703,-0.46393707591482547,4.015549131124216,0.04061825435845843,true,7.324679051135741e-14,7.91033905045424e-16,1000,20,24,1.243454627759025e-14,0.0,3.4273359795629357e-15,1.0809901289576537e-13,0.004,0.20093490738343467,,,,
-2,2,0,2,schwarzschild-overtone-continuation,ell23-uniform-40,22,209,390,0.5358974358974359,0x1.1261261261261p-1,0.32179731367466,-0.46225824428614676,4.01665543845843,0.04467844143706419,true,1.563957110745336e-14,3.0436364816617974e-16,1000,20,24,1.7829041963075672e-15,0.0,3.656158442683102e-15,9.184383299671393e-14,0.004,0.1999813077428726,,,,
-2,2,0,2,schwarzschild-overtone-continuation,ell23-uniform-40,23,437,780,0.5602564102564103,0x1.1ed9ed9ed9edap-1,0.32381515762959473,-0.4604355564031644,4.017723756650331,0.048939643385352005,true,1.374743046559573e-13,2.3263411494723067e-16,1000,20,24,2.309357714502352e-14,0.0,1.1546452895597938e-14,2.978267160249647e-13,0.004,0.19895356358771293,,,,
-2,2,0,2,schwarzschild-overtone-continuation,ell23-uniform-40,24,38,65,0.5846153846153846,0x1.2b52b52b52b53p-1,0.3259362423617243,-0.4584556499688686,4.018738183310689,0.05340078861304341,true,2.8977629139777913e-13,2.2591401799415137e-16,1000,20,24,1.4212182800804703e-14,0.0,0.0,4.123159655601341e-14,0.004,0.19784573238787934,,,,
-2,2,0,2,schwarzschild-overtone-continuation,ell23-uniform-40,25,95,156,0.6089743589743589,0x1.37cb7cb7cb7cbp-1,0.32816085482058366,-0.4563031488418064,4.019681084074724,0.0580597213750281,true,2.632045415811779e-13,5.678457721415499e-16,1000,20,24,9.777686967753795e-15,0.0,1.438520904181127e-14,2.1978165228870262e-13,0.004,0.1966510240346112,,,,
-2,2,0,2,schwarzschild-overtone-continuation,ell23-uniform-40,26,19,30,0.6333333333333333,0x1.4444444444444p-1,0.3304885270116496,-0.4539602860029927,4.020532896199461,0.06291285556662839,true,2.0447897063703949e-13,4.819909745438293e-16,1000,20,24,8.89999097447591e-15,5.863197006355355e-15,1.3984073237837872e-14,3.737686140963003e-13,0.004,0.19536166170453087,,,,
-2,2,0,2,schwarzschild-overtone-continuation,ell23-uniform-40,27,171,260,0.6576923076923077,0x1.50bd0bd0bd0bdp-1,0.3329176804508352,-0.4514064412303004,4.021271917235184,0.06795471955802207,true,1.5292732787637539e-13,6.661338147750939e-16,1000,20,24,7.99365396391911e-15,0.0,0.0,9.610838487374243e-14,0.004,0.1939687213985761,,,,
-2,2,0,2,schwarzschild-overtone-continuation,ell23-uniform-40,28,133,195,0.6820512820512821,0x1.5d35d35d35d36p-1,0.3354451133934261,-0.44861757440030986,4.021874087929509,0.07317735226492339,true,2.3469768121556373e-13,4.632458786145298e-16,1000,20,24,1.865670766963244e-14,0.0,5.784357850085917e-15,5.935697109812245e-14,0.004,0.19246195252138443,,,,
-2,2,0,2,schwarzschild-overtone-continuation,ell23-uniform-40,29,551,780,0.7064102564102565,0x1.69ae9ae9ae9afp-1,0.33806525259746917,-0.44556553421934747,4.022312789262991,0.078569494136084,true,2.661250675230695e-13,8.083736946057739e-16,1000,20,24,1.3327561537617008e-14,0.0,2.449595840005082e-14,7.204803759264322e-13,0.004,0.19082958948758555,,,,
-2,2,0,2,schwarzschild-overtone-continuation,ell23-uniform-40,30,19,26,0.7307692307692307,0x1.7627627627627p-1,0.3407690468512669,-0.44221722613109227,4.022558693939028,0.08411549297005377,true,2.9912630806181737e-14,7.719655905816142e-16,1000,20,24,1.2434567574317502e-14,0.0,0.0,1.2651477291974377e-13,0.004,0.18905818118650888,,,,
-2,2,0,2,schwarzschild-overtone-continuation,ell23-uniform-40,31,589,780,0.7551282051282051,0x1.82a02a02a02a0p-1,0.343542306542333,-0.4385336406169855,4.022579751744215,0.08979381085520449,true,1.2421564982096287e-13,3.447170978769293e-16,1000,20,24,2.2205193401076077e-14,0.0,0.0,1.0645180554363478e-13,0.004,0.18713250181531538,,,,
-2,2,0,2,schwarzschild-overtone-continuation,ell23-uniform-40,32,152,195,0.7794871794871795,0x1.8f18f18f18f19p-1,0.34636317310536857,-0.43446879456922705,4.022341463939149,0.09557497333401989,true,6.39735130838272e-14,5.85010898289606e-16,1000,20,24,1.8660423575742264e-14,0.0,1.997699721850695e-14,5.369376470342982e-13,0.004,0.18503568664289696,,,,
-2,2,0,2,schwarzschild-overtone-continuation,ell23-uniform-40,33,209,260,0.8038461538461539,0x1.9b91b91b91b92p-1,0.34919820462429274,-0.42996877382808135,4.021807750808581,0.10141874953248417,true,5.398203471985351e-13,2.2729511820139823e-16,1000,20,24,1.7778220764333168e-14,0.0,0.0,6.839533245868056e-13,0.004,0.18274991318617168,,,,
-2,2,0,2,schwarzschild-overtone-continuation,ell23-uniform-40,34,323,390,0.8282051282051283,0x1.a80a80a80a80bp-1,0.3519962534068959,-0.42497140787119914,4.020943013218271,0.10727032171274267,true,2.647218722629533e-13,7.892362715077417e-16,1000,20,24,4.444013503773866e-15,0.0,1.4635796891410284e-14,1.2709411123467422e-13,0.004,0.18025834586062323,,,,
-2,2,0,2,schwarzschild-overtone-continuation,ell23-uniform-40,35,133,156,0.8525641025641025,0x1.b483483483483p-1,0.3546788954907865,-0.41940796528867197,4.019716579433359,0.11305531247610887,true,4.293433259303512e-13,4.577566798522237e-16,1000,20,24,9.694605782913356e-16,0.0,0.0,1.2568038478802737e-13,0.004,0.1775499662055552,,,,
-2,2,0,2,schwarzschild-overtone-continuation,ell23-uniform-40,36,57,65,0.8769230769230769,0x1.c0fc0fc0fc0fcp-1,0.35712596734795676,-0.41321037123487203,4.018111848746215,0.11867420750278612,true,5.631620272777332e-13,8.324648594620298e-16,1000,20,24,9.305364597889227e-16,0.0,0.0,7.034574939860551e-14,0.004,0.1746309359387978,,,,
-2,2,0,2,schwarzschild-overtone-continuation,ell23-uniform-40,37,703,780,0.9012820512820513,0x1.cd74d74d74d75p-1,0.3591566023518566,-0.40633229275100674,4.016144131109716,0.1239993193778148,true,3.9315315815723146e-13,7.711855592701269e-16,1000,20,24,1.8024035702895147e-15,0.0,0.0,3.4264007970393233e-13,0.004,0.1715501798665512,,,,
-2,2,0,2,schwarzschild-overtone-continuation,ell23-uniform-40,38,361,390,0.9256410256410257,0x1.d9ed9ed9ed9eep-1,0.36051783158814377,-0.3988002001370178,4.013890824700981,0.12888561140708682,true,2.401307434362818e-13,2.996606141238032e-16,1000,20,24,1.818360945611186e-15,0.0,0.0,3.758047048881092e-13,0.004,0.1684507294618467,,,,
-2,2,0,2,schwarzschild-overtone-continuation,ell23-uniform-40,39,19,20,0.95,0x1.e666666666666p-1,0.36093231759177863,-0.39079839421783374,4.011518885390484,0.13322086202898759,true,1.627942852993501e-13,1.3681811453566104e-15,1000,20,24,1.4219634040908775e-14,0.0,0.0,3.350305067931685e-13,0.004,0.1656331077583218,KerrQNMEFs-2/l2/s-2l2m0n2.dat,951,1.3746269319041858e-14,1.0566420413935794e-14
-2,2,0,2,schwarzschild-overtone-continuation,ell23-supplemental-high,40,97,100,0.97,0x1.f0a3d70a3d70ap-1,0.36045706834429625,-0.3841204813011171,4.009633817577595,0.13636334334228523,true,5.116788475684997e-13,9.235834609991991e-16,1000,20,24,7.995966580083483e-15,3.119804236051151e-13,3.9039035553742194e-13,2.198542831059774e-12,0.004,0.16381110874068694,KerrQNMEFs-2/l2/s-2l2m0n2.dat,971,3.4065163679524313e-13,1.8030107374068458e-13
-2,2,0,2,schwarzschild-overtone-continuation,ell23-supplemental-high,41,49,50,0.98,0x1.f5c28f5c28f5cp-1,0.35994696729175724,-0.3808136799936848,4.008746965624069,0.13780885465184003,true,6.868559999150325e-13,1.0139870501506804e-15,1000,20,24,1.8716397776407338e-14,0.0,0.0,2.5316022012678077e-12,0.004,0.16312564877756044,KerrQNMEFs-2/l2/s-2l2m0n2.dat,981,6.703376144222697e-13,3.6062659609681303e-13
-2,2,0,2,schwarzschild-overtone-continuation,ell23-supplemental-high,42,99,100,0.99,0x1.fae147ae147aep-1,0.359266405640955,-0.377558190001238,4.007910151952049,0.13918206174087194,true,1.7108015623510419e-12,9.748094086388537e-15,1097,20,24,1.2435613005176604e-14,0.0,0.0,5.081009389355175e-13,0.004,0.16260699644658844,KerrQNMEFs-2/l2/s-2l2m0n2.dat,991,2.4982137663616926e-12,1.3398190044611543e-12
-2,2,0,2,schwarzschild-overtone-continuation,ell23-supplemental-high,43,199,200,0.995,0x1.fd70a3d70a3d7p-1,0.35886612390641265,-0.37595569065998774,4.0075127256466185,0.13984467548313684,true,1.4386176563138717e-12,9.769819852105186e-15,1444,20,24,9.800823494089783e-15,0.0,0.0,2.8597938337527435e-12,0.004,0.16241160538922883,KerrQNMEFs-2/l2/s-2l2m0n2.dat,996,4.140111310077687e-12,2.230929192502481e-12
-2,2,0,2,schwarzschild-overtone-continuation,ell23-supplemental-high,44,997,1000,0.997,0x1.fe76c8b439581p-1,0.35869538169305465,-0.3753200722485815,4.007357889023034,0.14010565430295197,true,8.933643990442263e-12,9.66510972865036e-15,1752,20,24,7.136584070361083e-15,2.3907813470567218e-12,0.0,7.198384455356137e-12,0.004,0.162345362550034,KerrQNMEFs-2/l2/s-2l2m0n2.dat,998,1.0411815634656582e-11,5.626572031103334e-12
-2,2,0,2,schwarzschild-overtone-continuation,ell23-supplemental-high,45,999,1000,0.999,0x1.ff7ced916872bp-1,0.3585187501453698,-0.3746877102675767,4.007205467172643,0.14036443491426115,true,2.2190201005486873e-11,9.883793852193437e-15,2767,20,24,2.6927200104409418e-15,0.0,0.0,1.454168543777692e-11,0.004,0.1622858803381167,KerrQNMEFs-2/l2/s-2l2m0n2.dat,1000,1.9747828830022472e-11,1.0706858962812891e-11
-2,2,1,0,schwarzschild-overtone-continuation,ell23-uniform-40,0,0,1,0.0,0x0.0p+0,0.3736716844180417,-0.08896231568893412,4.0,0.0,true,1.0728799188324372e-13,7.632783294297951e-17,1000,20,24,0.0,0.0,0.0,4.7004933890560566e-14,0.004,,KerrQNMEFs-2/l2/s-2l2m1n0.dat,1,1.5859585452872752e-15,0.0
-2,2,1,0,schwarzschild-overtone-continuation,ell23-uniform-40,1,19,780,0.02435897435897436,0x1.8f18f18f18f19p-6,0.37523039689392373,-0.08893435004922084,3.9877675252088944,0.0029113303437434982,true,2.0078775519799842e-14,7.986739226012109e-16,1000,20,24,9.769971279534497e-15,0.0,5.9833708350916584e-15,1.2600126489697882e-13,0.004,,,,,
-2,2,1,0,schwarzschild-overtone-continuation,ell23-uniform-40,2,19,390,0.04871794871794872,0x1.8f18f18f18f19p-5,0.3768443325255889,-0.08889888612696516,3.975337410747535,0.005866544479476453,true,1.1739657014595894e-13,1.457167719820518e-16,1000,20,24,6.217249179910285e-15,5.462985485814932e-15,1.1739533973946071e-14,2.091326613456696e-13,0.004,,,,,
-2,2,1,0,schwarzschild-overtone-continuation,ell23-uniform-40,3,19,260,0.07307692307692308,0x1.2b52b52b52b53p-4,0.37851560476571977,-0.08885561891531157,3.962701216349617,0.008865587818868271,true,5.327323943686348e-14,4.47545209131181e-16,1000,20,24,1.2434537081264935e-14,0.0,0.0,1.8432711603804216e-14,0.004,,,,,
-2,2,1,0,schwarzschild-overtone-continuation,ell23-uniform-40,4,19,195,0.09743589743589744,0x1.8f18f18f18f19p-4,0.38024649022541046,-0.08880420269147016,3.949849974143149,0.011908384716851374,true,9.904906840343169e-14,2.6370079266951707e-16,1000,20,24,1.5987225107123667e-14,0.0,0.0,1.1658589371010688e-13,0.004,,,,,
-2,2,1,0,schwarzschild-overtone-continuation,ell23-uniform-40,5,19,156,0.12179487179487179,0x1.f2df2df2df2dfp-4,0.38203944372535087,-0.08874424714570026,3.936774140240828,0.014994831957314457,true,3.06719078846203e-14,4.081579843510303e-16,1000,20,24,1.1546352816120282e-14,0.0,0.0,1.2719323756255237e-13,0.004,,,,,
-2,2,1,0,schwarzschild-overtone-continuation,ell23-uniform-40,6,19,130,0.14615384615384616,0x1.2b52b52b52b53p-3,0.3838971152524971,-0.08867531287570637,3.9234635405760794,0.018124791234552004,true,2.2235505605464744e-13,6.923002988031394e-16,1000,20,24,7.993608788973261e-15,0.0,0.0,3.140812891559883e-14,0.004,,,,,
-2,2,1,0,schwarzschild-overtone-continuation,ell23-uniform-40,7,133,780,0.17051282051282052,0x1.5d35d35d35d36p-3,0.38582236911481266,-0.08859690614168625,3.9099073101244413,0.021298080426630474,true,2.2887833992611187e-14,3.02001357495108e-16,1000,20,24,1.3322856994638523e-14,0.0,3.757165969235413e-15,1.0705244557881349e-13,0.004,,,,,
-2,2,1,0,schwarzschild-overtone-continuation,ell23-uniform-40,8,38,195,0.19487179487179487,0x1.8f18f18f18f19p-3,0.38781830564124203,-0.08850847275439687,3.896093824493266,0.024514463412856236,true,6.99042121577202e-14,4.934426949698985e-16,1000,20,24,1.776370391875708e-15,0.0,0.0,1.5871219644019584e-13,0.004,,,,,
-2,2,1,0,schwarzschild-overtone-continuation,ell23-uniform-40,9,57,260,0.21923076923076923,0x1.c0fc0fc0fc0fcp-3,0.38988828584056445,-0.08840939094098611,3.8820106226732154,0.027773638132491438,true,1.3011889631527762e-14,4.205336100044299e-16,1000,20,24,7.105549329298523e-15,0.0,1.6830501365689457e-15,1.1100564786795799e-13,0.004,,,,,
-2,2,1,0,schwarzschild-overtone-continuation,ell23-uniform-40,10,19,78,0.24358974358974358,0x1.f2df2df2df2dfp-3,0.39203595951443737,-0.08829896299807916,3.867644319512008,0.031075222512320796,true,7.537392339517692e-14,1.5218182408308987e-16,1000,20,24,5.3290750357078886e-15,0.0,3.859622123193719e-15,5.3681550711323126e-14,0.004,,,,,
-2,2,1,0,schwarzschild-overtone-continuation,ell23-uniform-40,11,209,780,0.26794871794871794,0x1.1261261261261p-2,0.39426529742069416,-0.08817640549797107,3.8529805061855544,0.034418737802626984,true,5.2644359597328066e-14,3.395275308921627e-16,1000,20,24,1.6875481275290973e-14,2.3202482568780523e-15,4.600146503857154e-15,6.679816236361857e-15,0.004,,,,,
-2,2,1,0,schwarzschild-overtone-continuation,ell23-uniform-40,12,19,65,0.2923076923076923,0x1.2b52b52b52b53p-2,0.39658062820798673,-0.08804083775807588,3.838003636588462,0.03780358874869559,true,2.2239241519413746e-13,4.980680815904874e-16,1000,20,24,2.5759899487067428e-14,0.0,0.0,1.9686220344035147e-13,0.004,,,,,
-2,2,1,0,schwarzschild-overtone-continuation,ell23-uniform-40,13,19,60,0.31666666666666665,0x1.4444444444444p-2,0.3989866809990925,-0.08789126821305897,3.8226968971264665,0.0412290398806457,true,1.0661031850156255e-14,5.428769931944591e-16,1000,20,24,7.993617823982856e-15,0.0,5.684135883935241e-15,1.3601768151053875e-13,0.004,,,,,
-2,2,1,0,schwarzschild-overtone-continuation,ell23-uniform-40,14,133,390,0.34102564102564104,0x1.5d35d35d35d36p-2,0.4014886346966094,-0.0877265782380614,3.807042056842778,0.04469418701765789,true,7.975606066661144e-14,5.27766632335736e-16,1000,20,24,1.0658466292090316e-14,0.0,6.57900825126088e-15,2.6466794809798123e-13,0.004,,,,,
-2,2,1,0,schwarzschild-overtone-continuation,ell23-uniform-40,15,19,52,0.36538461538461536,0x1.7627627627627p-2,0.4040921753335948,-0.08754550285369839,3.7910192941169822,0.04819792283939264,true,7.920770216986024e-14,6.591949208711867e-17,1000,20,24,8.934752161915345e-16,3.508199355312094e-15,4.598911270102665e-15,1.3711092539283714e-13,0.004,,,,,
-2,2,1,0,schwarzschild-overtone-continuation,ell23-uniform-40,16,76,195,0.38974358974358975,0x1.8f18f18f18f19p-2,0.4068035631092353,-0.08734660758961917,3.774606995291695,0.051738895057649587,true,3.282450930423511e-14,2.796511984674376e-16,1000,20,24,9.770593404874983e-15,0.0,0.0,6.816805534718973e-14,0.004,,,,,
-2,2,1,0,schwarzschild-overtone-continuation,ell23-uniform-40,17,323,780,0.41410256410256413,0x1.a80a80a80a80bp-2,0.40962971115827645,-0.08712826058082572,3.7577815194525392,0.05531545529767114,true,4.714514719742401e-14,5.183428057802788e-16,1000,20,24,9.770002042155375e-15,2.079678070305694e-15,3.3070218005333618e-15,1.1080915708357151e-13,0.004,,,,,
-2,2,1,0,schwarzschild-overtone-continuation,ell23-uniform-40,18,57,130,0.43846153846153846,0x1.c0fc0fc0fc0fcp-2,0.4125782786333276,-0.0868885987008409,3.740516922125159,0.05892559623132357,true,1.2829610647337476e-13,6.087272963323595e-16,1000,20,24,3.558807090484802e-15,5.670311936443418e-15,8.744768400125848e-15,2.096764276786938e-13,0.004,,,,,
-2,2,1,0,schwarzschild-overtone-continuation,ell23-uniform-40,19,361,780,0.46282051282051284,0x1.d9ed9ed9ed9eep-2,0.4156577813741593,-0.0866254861732045,3.722784628746791,0.06256687373808378,true,8.517284889105801e-14,2.514331927660129e-16,1000,20,24,2.6645713989277045e-15,0.0,4.688988039878021e-15,6.161247668724787e-14,0.004,,,,,
-2,2,1,0,schwarzschild-overtone-continuation,ell23-uniform-40,20,19,39,0.48717948717948717,0x1.f2df2df2df2dfp-2,0.4188777243581174,-0.08633646360908744,3.704553046257922,0.06623630982219363,true,2.8037472996915008e-14,3.927683650008203e-16,1000,20,24,1.4211403581952368e-14,0.0,8.387707856708077e-15,1.205620417584089e-13,0.004,,,,,
-2,2,1,0,schwarzschild-overtone-continuation,ell23-uniform-40,21,133,260,0.5115384615384615,0x1.05e85e85e85e8p-1,0.4222487613567224,-0.08601868473910579,3.6857870978125553,0.06993027056535271,true,1.7985612998927536e-14,3.5437645158249467e-16,1000,20,24,7.998423002109694e-15,1.1657341758564144e-15,4.047772698149629e-15,2.702644073601062e-13,0.004,,,,,
-2,2,1,0,schwarzschild-overtone-continuation,ell23-uniform-40,22,209,390,0.5358974358974359,0x1.1261261261261p-1,0.4257828888905226,-0.08566883715966546,3.666447661095931,0.07364431136445446,true,1.612436796693346e-13,7.196405783762668e-16,1000,20,24,5.551115123125783e-17,0.0,0.0,1.976602360775556e-14,0.004,,,,,
-2,2,1,0,schwarzschild-overtone-continuation,ell23-uniform-40,23,437,780,0.5602564102564103,0x1.1ed9ed9ed9edap-1,0.42949368386060055,-0.08528304207208343,3.6464908845808144,0.07737297881863801,true,1.8213992896504253e-13,2.2591401799415137e-16,1000,20,24,8.989550626504553e-16,0.0,0.0,1.5717637176802495e-13,0.004,,,,,
-2,2,1,0,schwarzschild-overtone-continuation,ell23-uniform-40,24,38,65,0.5846153846153846,0x1.2b52b52b52b53p-1,0.4333965974153874,-0.08485672606363044,3.6258673475304612,0.08110955446596253,true,1.336885555457667e-15,4.457260490768918e-16,1000,20,24,8.884559321017418e-15,0.0,4.113822019402337e-15,1.3603856786665418e-13,0.004,,,,,
-2,2,1,0,schwarzschild-overtone-continuation,ell23-uniform-40,25,95,156,0.6089743589743589,0x1.37cb7cb7cb7cbp-1,0.4375093221035419,-0.08438445515711675,3.604521017577318,0.08484571945632075,true,5.6819127541849766e-14,5.369578658860689e-16,1000,20,24,7.993605777301127e-15,2.4961893255672783e-15,3.632721372736392e-15,3.686207955668254e-14,0.004,,,,,
-2,2,1,0,schwarzschild-overtone-continuation,ell23-uniform-40,26,19,30,0.6333333333333333,0x1.4444444444444p-1,0.4418522558167477,-0.08385971714710234,3.5823879425832903,0.08857111010057447,true,1.6575655784294816e-13,4.85722573273506e-17,1000,20,24,7.105915231829363e-15,0.0,0.0,2.1144103503534196e-13,0.004,,,,,
-2,2,1,0,schwarzschild-overtone-continuation,ell23-uniform-40,27,171,260,0.6576923076923077,0x1.50bd0bd0bd0bdp-1,0.4464490954713417,-0.08327463183020095,3.5593945885559575,0.0922727202613148,true,1.182947712349202e-14,4.980680815904874e-16,1000,20,24,8.885296317641822e-15,0.0,0.0,3.713990571589427e-14,0.004,,,,,
-2,2,1,0,schwarzschild-overtone-continuation,ell23-uniform-40,28,133,195,0.6820512820512821,0x1.5d35d35d35d36p-1,0.4513276074915749,-0.08261955873737327,3.5354556983327994,0.09593408469258115,true,1.7711589418300397e-13,4.471281307293777e-16,1000,20,24,2.7162202471373016e-15,4.2571117881356944e-15,1.0800744439179301e-14,2.564630566550892e-13,0.004,,,,,
-2,2,1,0,schwarzschild-overtone-continuation,ell23-uniform-40,29,551,780,0.7064102564102565,0x1.69ae9ae9ae9afp-1,0.4565206437432545,-0.08188255595694303,3.510471489364983,0.09953414233281452,true,1.1288391537693095e-13,4.443059973708341e-16,1000,20,24,2.3093239385599483e-14,4.931615955314896e-15,8.058921117905695e-15,1.1246515400353588e-13,0.004,,,,,
-2,2,1,0,schwarzschild-overtone-continuation,ell23-uniform-40,30,19,26,0.7307692307692307,0x1.7627627627627p-1,0.46206750545330283,-0.08104861718188798,3.484323920900555,0.1030456204612212,true,1.6356972753319122e-13,3.1157488066156603e-16,1000,20,24,1.6010348552178065e-14,5.412337245047638e-15,1.9283239842301576e-14,3.601670439955533e-13,0.004,,,,,
-2,2,1,0,schwarzschild-overtone-continuation,ell23-uniform-40,31,589,780,0.7551282051282051,0x1.82a02a02a02a0p-1,0.4680158124460528,-0.08009856888285731,3.4568716192935813,0.10643268112176454,true,3.5813426954535594e-14,1.0758698497675642e-15,1000,20,24,8.885296317641822e-15,0.0,0.0,7.673400224396098e-15,0.004,,,,,
-2,2,1,0,schwarzschild-overtone-continuation,ell23-uniform-40,32,152,195,0.7794871794871795,0x1.8f18f18f18f19p-1,0.4744241266792616,-0.07900742899870573,3.427942814653345,0.1096473938521153,true,1.909746578722463e-13,9.71445146547012e-17,1000,20,24,1.5102119606802906e-14,0.0,9.693979983858409e-15,1.0690617621625287e-13,0.004,,,,,
-2,2,1,0,schwarzschild-overtone-continuation,ell23-uniform-40,33,209,260,0.8038461538461539,0x1.9b91b91b91b92p-1,0.48136573845618824,-0.07774187831742088,3.3973252346582865,0.11262426746966739,true,2.2735459268421828e-14,7.327682229021407e-16,1000,20,24,8.897426302368045e-15,0.0,1.3805350998095905e-14,1.3520401564031586e-13,0.004,,,,,
-2,2,1,0,schwarzschild-overtone-continuation,ell23-uniform-40,34,323,390,0.8282051282051283,0x1.a80a80a80a80bp-1,0.4889343137586744,-0.07625619926461091,3.3647511637719756,0.11527141946277777,true,1.798414634821888e-13,5.593023969348752e-16,1000,20,24,1.7979101253009106e-15,7.673111582981835e-15,9.693016372986631e-15,2.2553710063715736e-13,0.004,,,,,
-2,2,1,0,schwarzschild-overtone-continuation,ell23-uniform-40,35,133,156,0.8525641025641025,0x1.b483483483483p-1,0.4972526579111066,-0.07448541056666633,3.3298744668840072,0.1174555792991624,true,3.356621199780979e-14,2.2336880404788363e-16,1000,20,24,3.5566146649215975e-15,0.0,0.0,9.859286797386135e-14,0.004,,,,,
-2,2,1,0,schwarzschild-overtone-continuation,ell23-uniform-40,36,57,65,0.8769230769230769,0x1.c0fc0fc0fc0fcp-1,0.5064869889798935,-0.07233288668895989,3.292233505820568,0.11897494552606869,true,5.6210187160660275e-14,5.2186064346577e-16,1000,20,24,1.1550355318848824e-14,0.0,0.0,2.2680614626544684e-13,0.004,,,,,
-2,2,1,0,schwarzschild-overtone-continuation,ell23-uniform-40,37,703,780,0.9012820512820513,0x1.cd74d74d74d75p-1,0.5168716206247337,-0.06964606336394336,3.251187564495896,0.11950578633105802,true,5.513964873198392e-14,2.118352371637509e-16,1000,20,24,9.39188966358397e-16,0.0,0.0,1.967039817484243e-13,0.004,,,,,
-2,2,1,0,schwarzschild-overtone-continuation,ell23-uniform-40,38,361,390,0.9256410256410257,0x1.d9ed9ed9ed9eep-1,0.5287549544570624,-0.06616291169677194,3.205799222322362,0.11848463203203272,true,7.798287451965835e-14,1.1857187100668868e-16,1000,20,24,2.6697343572326224e-15,0.0,1.7692220129380373e-14,6.717609437603138e-13,0.004,,,,,
-2,2,1,0,schwarzschild-overtone-continuation,ell23-uniform-40,39,19,20,0.95,0x1.e666666666666p-1,0.5426930311940489,-0.061372105477669456,3.154595431159955,0.11480052593911041,true,2.1967745394644947e-13,4.163336342344337e-17,1000,20,24,8.012857300239653e-15,0.0,5.880548831572843e-14,1.339089254608024e-12,0.004,,KerrQNMEFs-2/l2/s-2l2m1n0.dat,951,1.1104181638668013e-15,6.087272963323595e-16
-2,2,1,0,schwarzschild-overtone-continuation,ell23-supplemental-high,40,97,100,0.97,0x1.f0a3d70a3d70ap-1,0.5563286138987299,-0.05564355802292837,3.1064844670719354,0.10799748442500934,true,3.2872569519843813e-13,4.385386436897185e-16,1000,20,24,6.217310892002051e-15,0.0,1.3917921583726547e-14,1.623235667132574e-13,0.004,,KerrQNMEFs-2/l2/s-2l2m1n0.dat,971,1.0229504160740487e-14,2.520359482412144e-14
-2,2,1,0,schwarzschild-overtone-continuation,ell23-supplemental-high,41,49,50,0.98,0x1.f5c28f5c28f5cp-1,0.5641550807830767,-0.05164271899139494,3.079659799324079,0.10215725797698953,true,2.1265335970022788e-14,4.596460756922437e-16,1000,20,24,4.441672655467205e-15,0.0,5.6651001364078845e-15,2.4330101267912158e-14,0.004,,KerrQNMEFs-2/l2/s-2l2m1n0.dat,981,7.790523966442338e-15,1.9280602939603916e-14
-2,2,1,0,schwarzschild-overtone-continuation,ell23-supplemental-high,42,99,100,0.99,0x1.fae147ae147aep-1,0.5727486107161234,-0.04620837868936311,3.050656850052337,0.09320507796566482,true,3.0030414363585807e-13,1.028104324340835e-15,1000,20,24,2.6819700140563556e-15,1.101280943147053e-14,3.2410278020226196e-14,2.0555538696238152e-13,0.004,,KerrQNMEFs-2/l2/s-2l2m1n0.dat,991,3.5490322602846443e-15,7.800501949424173e-15
-2,2,1,0,schwarzschild-overtone-continuation,ell23-supplemental-high,43,199,200,0.995,0x1.fd70a3d70a3d7p-1,0.5772077038784543,-0.042606803312228374,3.0355506950811737,0.08678945908397637,true,1.102624434482046e-12,4.647537547223977e-16,1000,20,24,5.333694441429199e-15,4.051273072093131e-14,5.5869057872213405e-14,7.898629412016664e-13,0.004,,KerrQNMEFs-2/l2/s-2l2m1n0.dat,996,5.280686318873917e-14,1.0425886834349694e-13
-2,2,1,0,schwarzschild-overtone-continuation,ell23-supplemental-high,44,997,1000,0.997,0x1.fe76c8b439581p-1,0.5789480422314247,-0.040950164876058265,3.0295428130441646,0.08374098231163203,true,1.1734531131681448e-12,5.730471992603892e-16,1000,20,24,3.5566146649215975e-15,0.0,7.596659753508916e-14,3.4047766847687014e-12,0.004,,KerrQNMEFs-2/l2/s-2l2m1n0.dat,998,3.259017048762878e-14,6.46987423934114e-14
-2,2,1,0,schwarzschild-overtone-continuation,ell23-supplemental-high,45,999,1000,0.999,0x1.ff7ced916872bp-1,0.580624158122571,-0.03917865825277447,3.023638040347049,0.08042803908809659,true,2.8632425799116013e-13,2.3165522239539804e-15,1000,20,24,1.5103343817615785e-14,0.0,1.1902959125788295e-13,3.919998673491217e-12,0.004,,KerrQNMEFs-2/l2/s-2l2m1n0.dat,1000,4.563363193429238e-14,8.872292898772956e-14
-2,2,1,1,schwarzschild-overtone-continuation,ell23-uniform-40,0,0,1,0.0,0x0.0p+0,0.34671099687916224,-0.273914875291236,4.0,0.0,true,2.2762604607135905e-13,1.1110033759434665e-15,1000,20,24,0.0,0.0,0.0,1.4575871122993744e-13,0.004,0.1869072710624499,KerrQNMEFs-2/l2/s-2l2m1n1.dat,1,1.688305753616065e-15,0.0
-2,2,1,1,schwarzschild-overtone-continuation,ell23-uniform-40,1,19,780,0.02435897435897436,0x1.8f18f18f18f19p-6,0.34849628691333046,-0.2737469084211913,3.9886654251561584,0.0089562711505891,true,3.108941659346545e-14,5.914364092185496e-16,1000,20,24,7.993642670206582e-15,1.0325671005860945e-15,4.420026397643358e-15,3.614984368390856e-13,0.004,0.1867361624550731,,,,
-2,2,1,1,schwarzschild-overtone-continuation,ell23-uniform-40,2,19,390,0.04871794871794872,0x1.8f18f18f18f19p-5,0.35034875953616745,-0.27355346874017206,3.9771769148412814,0.018032093254424182,true,3.38036202607837e-13,3.314002943249781e-16,1000,20,24,3.5528830813511764e-15,1.127874035265952e-14,1.2938028686875195e-14,4.4029939079471274e-13,0.004,0.18654578598321486,,,,
-2,2,1,1,schwarzschild-overtone-continuation,ell23-uniform-40,3,19,260,0.07307692307692308,0x1.2b52b52b52b53p-4,0.35227059117257226,-0.27333359311511707,3.9655247618730716,0.02722709664090605,true,1.0530159589964839e-13,6.04002714990216e-16,1000,20,24,9.770024218903333e-15,0.0,0.0,3.213451892562611e-13,0.004,0.18633551380069394,,,,
-2,2,1,1,schwarzschild-overtone-continuation,ell23-uniform-40,4,19,195,0.09743589743589744,0x1.8f18f18f18f19p-4,0.35426413085674513,-0.2730861867733025,3.953698643725162,0.03654086426458463,true,4.58300279724715e-14,6.302181390449324e-16,1000,20,24,7.994196043357297e-15,0.0,0.0,1.2123818431320797e-13,0.004,0.18610462824846452,,,,
-2,2,1,1,schwarzschild-overtone-continuation,ell23-uniform-40,5,19,156,0.12179487179487179,0x1.f2df2df2df2dfp-4,0.3563319157875767,-0.2728100116056371,3.9416875672671807,0.045972910909593816,true,4.636002088302643e-14,3.0436364816617974e-16,1000,20,24,1.2435434900945177e-14,0.0,8.391185778350836e-15,1.6862953815711552e-13,0.004,0.18585231405310076,,,,
-2,2,1,1,schwarzschild-overtone-continuation,ell23-uniform-40,6,19,130,0.14615384615384616,0x1.2b52b52b52b53p-3,0.3584766887742832,-0.27250367250415103,3.9294798067307988,0.055522659361112836,true,2.512932857498226e-14,4.742874840267547e-16,1000,20,24,2.6648604999022096e-15,0.0,1.8209011484034673e-15,1.0003054002178344e-13,0.004,0.18557764920921663,,,,
-2,2,1,1,schwarzschild-overtone-continuation,ell23-uniform-40,7,133,780,0.17051282051282052,0x1.5d35d35d35d36p-3,0.360701417865303,-0.2721656014161641,3.917062833920164,0.06518941291926311,true,2.206605059093784e-13,5.551115123125783e-17,1000,20,24,2.6762190263854063e-15,6.0713061520249645e-15,7.147155035464918e-15,7.994376728335113e-14,0.004,0.18527959433368354,,,,
-2,2,1,1,schwarzschild-overtone-continuation,ell23-uniform-40,8,38,195,0.19487179487179487,0x1.8f18f18f18f19p-3,0.3630093185053897,-0.2717940387285392,3.9044232395044465,0.07497232349683365,true,2.0135675206898826e-13,5.457077218171614e-16,1000,20,24,1.598730792783822e-14,0.0,0.0,2.406714626110422e-13,0.004,0.18495698023369803,,,,
-2,2,1,1,schwarzschild-overtone-continuation,ell23-uniform-40,9,57,260,0.21923076923076923,0x1.c0fc0fc0fc0fcp-3,0.36540387862879187,-0.27138701150980427,3.891546644011055,0.08487035437397202,true,1.02913063320832e-13,4.441434166503682e-16,1000,20,24,1.6878676498753743e-14,0.0,0.0,2.6891471826704285e-13,0.004,0.18460849337324187,,,,
-2,2,1,1,schwarzschild-overtone-continuation,ell23-uniform-40,10,19,78,0.24358974358974358,0x1.f2df2df2df2dfp-3,0.3678888871739255,-0.27094230803102615,3.878417596872645,0.0948822364706368,true,2.5285801622286567e-14,5.028663855320258e-16,1000,20,24,1.7783073324607987e-15,0.0,5.253654653572345e-15,1.99556219075448e-13,0.004,0.1842326588513612,,,,
-2,2,1,1,schwarzschild-overtone-continuation,ell23-uniform-40,11,209,780,0.26794871794871794,0x1.1261261261261p-2,0.37046846660009775,-0.27045744785207104,3.8650194615539,0.1050064167280979,true,7.240833371460186e-14,4.841339424497384e-16,1000,20,24,1.5102706220200044e-14,0.0,0.0,2.2916079000516006e-13,0.004,0.18382782041573925,,,,
-2,2,1,1,schwarzschild-overtone-continuation,ell23-uniform-40,12,19,65,0.2923076923076923,0x1.2b52b52b52b53p-2,0.3731471101038765,-0.2699296465896063,3.851334284383379,0.11524099684643688,true,2.9777166713245526e-14,6.947562107041944e-16,1000,20,24,5.334921997382396e-15,0.0,0.0,9.454512220249964e-14,0.004,0.1833921169213352,,,,
-2,2,1,1,schwarzschild-overtone-continuation,ell23-uniform-40,13,19,60,0.31666666666666665,0x1.4444444444444p-2,0.3759297243787598,-0.26935577426627516,3.8373426442170318,0.1255836601823163,true,1.3404875280873305e-13,3.7192730237993177e-16,1000,20,24,1.5108239668897297e-14,4.855242786854203e-15,1.4843810548155883e-14,2.862933471941455e-13,0.004,0.18292345449867722,,,,
-2,2,1,1,schwarzschild-overtone-continuation,ell23-uniform-40,14,133,390,0.34102564102564104,0x1.5d35d35d35d36p-2,0.37882167894340196,-0.26873230586137575,3.8230234794385485,0.1360315840378207,true,3.4593380771764344e-14,2.7755575615628914e-16,1000,20,24,1.3332040511321598e-14,0.0,0.0,8.368813734202983e-14,0.004,0.1824194735097197,,,,
-2,2,1,1,schwarzschild-overtone-continuation,ell23-uniform-40,15,19,52,0.36538461538461536,0x1.7627627627627p-2,0.3818288632922112,-0.26805526232153076,3.8083538880218923,0.14658133382263305,true,1.5172147161363915e-13,1.8041124150158794e-16,1000,20,24,3.573900864766138e-15,0.0,0.0,2.2583857569061552e-13,0.004,0.1818775091268481,,,,
-2,2,1,1,schwarzschild-overtone-continuation,ell23-uniform-40,16,76,195,0.38974358974358975,0x1.8f18f18f18f19p-2,0.3849577534111819,-0.26732013981686836,3.793308895392616,0.15722873458663278,true,8.435591144398913e-14,3.191891195797325e-16,1000,20,24,8.012857300239653e-15,0.0,6.829676603551836e-15,1.0679029766943979e-13,0.004,0.1812945440539132,,,,
-2,2,1,1,schwarzschild-overtone-continuation,ell23-uniform-40,17,323,780,0.41410256410256413,0x1.a80a80a80a80bp-2,0.3882154895692475,-0.26652182440356004,3.7778611835668356,0.16796871411146824,true,9.031103035004427e-14,6.919785635576268e-16,1000,20,24,4.442279660508709e-15,2.9893669801409084e-15,7.793140909690063e-15,3.6207244455177923e-13,0.004,0.18066715148937695,,,,
-2,2,1,1,schwarzschild-overtone-continuation,ell23-uniform-40,18,57,130,0.43846153846153846,0x1.c0fc0fc0fc0fcp-2,0.39160996776732443,-0.26565448842114575,3.7619807734287427,0.17879510999520093,true,1.9524779959017565e-14,2.9504581591051765e-16,1000,20,24,8.884559321017418e-15,0.0,6.153981347585529e-15,9.377014911377556e-14,0.004,0.17999142587374972,,,,
-2,2,1,1,schwarzschild-overtone-continuation,ell23-uniform-40,19,361,780,0.46282051282051284,0x1.d9ed9ed9ed9eep-2,0.39514994783724605,-0.26471146383153876,3.7456346499110076,0.1897004307870151,true,2.3997259443764378e-14,4.443059973708341e-16,1000,20,24,3.552713678800501e-15,0.0,3.1646225226420964e-15,1.2718718071287048e-14,0.004,0.1792628982107075,,,,
-2,2,1,1,schwarzschild-overtone-continuation,ell23-uniform-40,20,19,39,0.48717948717948717,0x1.f2df2df2df2dfp-2,0.3988451819771384,-0.2636850861777701,3.728786317102119,0.2006755579717589,true,3.155387434941799e-13,8.626861994722285e-16,1000,20,24,3.5566146649215975e-15,1.2162137258918013e-14,1.234209025673653e-14,1.5071382856314186e-13,0.004,0.1784764317249053,,,,
-2,2,1,1,schwarzschild-overtone-continuation,ell23-uniform-40,21,133,260,0.5115384615384615,0x1.05e85e85e85e8p-1,0.4027065685556245,-0.2625665007316736,3.7113952666844643,0.21170937108694932,true,4.0874455538839834e-14,1.5265566588595902e-16,1000,20,24,8.915719945840662e-15,0.0,0.0,1.6403972553384817e-13,0.004,0.17762609220275286,,,,
-2,2,1,1,schwarzschild-overtone-continuation,ell23-uniform-40,22,209,390,0.5358974358974359,0x1.1261261261261p-1,0.4067463374042217,-0.26134541945006456,3.6934163382795826,0.2227882719062817,true,1.8328581765276703e-13,8.324648594620298e-16,1000,20,24,1.246234617571257e-14,7.254141510646268e-15,8.71259853316198e-15,1.0111029722544722e-13,0.004,0.17670498537881144,,,,
-2,2,1,1,schwarzschild-overtone-continuation,ell23-uniform-40,23,437,780,0.5602564102564103,0x1.1ed9ed9ed9edap-1,0.41097827467722703,-0.26000981317386007,3.6747989437632036,0.23389557457252297,true,8.446221866100793e-14,7.929792726436376e-16,1000,20,24,7.994376728335114e-15,3.360603099725814e-15,5.591215865739187e-15,1.656509676736755e-13,0.004,0.17570505091453803,,,,
-2,2,1,1,schwarzschild-overtone-continuation,ell23-uniform-40,24,38,65,0.5846153846153846,0x1.2b52b52b52b53p-1,0.41541799787568495,-0.2585455174696525,3.6554861187241503,0.2450107154521179,true,2.182033134733423e-14,2.9893669801409083e-16,1000,20,24,1.1572444193553531e-14,0.0,4.338756693848896e-15,2.3830393484809077e-13,0.004,0.17461679845161984,,,,
-2,2,1,1,schwarzschild-overtone-continuation,ell23-uniform-40,25,95,156,0.6089743589743589,0x1.37cb7cb7cb7cbp-1,0.4200832950780868,-0.2569357216574495,3.6354133519525793,0.2561082171616171,true,8.921780133391519e-14,3.091508911360544e-16,1000,20,24,8.886119947416683e-15,0.0,0.0,6.077464678473726e-14,0.004,0.17342896525309937,,,,
-2,2,1,1,schwarzschild-overtone-continuation,ell23-uniform-40,26,19,30,0.6333333333333333,0x1.4444444444444p-1,0.42499454718646656,-0.2551602973174151,3.614507126625197,0.26715631218601976,true,5.177128411632441e-14,5.35015268926554e-16,1000,20,24,3.675911382204534e-15,0.0,0.0,1.4525896872814365e-13,0.004,0.1721280660059515,,,,
-2,2,1,1,schwarzschild-overtone-continuation,ell23-uniform-40,27,171,260,0.6576923076923077,0x1.50bd0bd0bd0bdp-1,0.4301752586601961,-0.25319490230804154,3.592683082379957,0.27811508695232473,true,2.0729861818111693e-13,1.0510763836891818e-15,1000,20,24,3.739078850772717e-15,0.0,9.848028687179946e-15,2.747292357533538e-13,0.004,0.1706977916782121,,,,
-2,2,1,1,schwarzschild-overtone-continuation,ell23-uniform-40,28,133,195,0.6820512820512821,0x1.5d35d35d35d36p-1,0.4356527316205223,-0.2510097645932443,3.5698436721430036,0.2889339371791336,true,1.3341388915599454e-13,5.594315114139762e-16,1000,20,24,9.792645392892016e-15,0.0,0.0,1.6219416078657687e-13,0.004,0.16911819287632995,,,,
-2,2,1,1,schwarzschild-overtone-continuation,ell23-uniform-40,29,551,780,0.7064102564102565,0x1.69ae9ae9ae9afp-1,0.44145893160634725,-0.2485679990941348,3.545875135758123,0.2995480122085526,true,4.2094130502242193e-13,4.1777673608052093e-16,1000,20,24,7.191640501203643e-15,0.0,0.0,3.28312677995079e-14,0.004,0.16736454859478767,,,,
-2,2,1,1,schwarzschild-overtone-continuation,ell23-uniform-40,30,19,26,0.7307692307692307,0x1.7627627627627p-1,0.4476316124148404,-0.24582322597485531,3.5206435352434404,0.309873137669762,true,2.670449884045373e-14,1.0073651397382119e-15,1000,20,24,6.297029969676175e-15,0.0,0.0,3.3025677249902705e-13,0.004,0.1654057638375802,,,,
-2,2,1,1,schwarzschild-overtone-continuation,ell23-uniform-40,31,589,780,0.7551282051282051,0x1.82a02a02a02a0p-1,0.454215794701068,-0.24271611288592587,3.493989479627126,0.31979838094519275,true,8.823975492802375e-14,5.369578658860689e-16,1000,20,24,2.7012892057857038e-15,0.0,0.0,1.3836229888127073e-13,0.004,0.16320204075731354,,,,
-2,2,1,1,schwarzschild-overtone-continuation,ell23-uniform-40,32,152,195,0.7794871794871795,0x1.8f18f18f18f19p-1,0.461265730771994,-0.2391692021839979,3.4657209882551747,0.32917484021544485,true,1.2236007655855682e-13,2.4099548727191467e-16,1000,20,24,3.636721891222372e-15,0.0,0.0,1.0933707227169345e-13,0.004,0.16070139069936318,,,,
-2,2,1,1,schwarzschild-overtone-continuation,ell23-uniform-40,33,209,260,0.8038461538461539,0x1.9b91b91b91b92p-1,0.4688475362136633,-0.23507889214630032,3.4356036661221676,0.33779813757817295,true,1.5875117811947717e-13,5.898059818321144e-17,1000,20,24,8.103867617357112e-15,0.0,0.0,4.3815044150154786e-13,0.004,0.1578342209660939,,,,
-2,2,1,1,schwarzschild-overtone-continuation,ell23-uniform-40,34,323,390,0.8282051282051283,0x1.a80a80a80a80bp-1,0.4770427144028155,-0.23030246046909322,3.40334694945794,0.34537990018846615,true,1.9768517821918333e-13,3.3467127652111137e-16,1000,20,24,6.3155981126285585e-15,1.049458097304168e-14,1.3154532451413168e-14,9.840785424090761e-14,0.004,0.15450456538989343,,,,
-2,2,1,1,schwarzschild-overtone-continuation,ell23-uniform-40,35,133,156,0.8525641025641025,0x1.b483483483483p-1,0.4859527738677666,-0.2246359208838465,3.368584608146679,0.3514988105673272,true,2.900636928718907e-14,1.97758476261356e-16,1000,20,24,2.808666774861361e-15,0.0,1.2834035304291327e-14,1.6296319331145104e-13,0.004,0.15057510792924095,,,,
-2,2,1,1,schwarzschild-overtone-continuation,ell23-uniform-40,36,57,65,0.8769230769230769,0x1.c0fc0fc0fc0fcp-1,0.49570474101248546,-0.21777360612372998,3.3308471972854807,0.35551081850116784,true,8.31763796927245e-14,5.23691153334427e-16,1000,20,24,1.1559655780924143e-14,4.965068306494546e-15,6.557427291426489e-15,3.077446104810207e-13,0.004,0.14583984277601986,,,,
-2,2,1,1,schwarzschild-overtone-continuation,ell23-uniform-40,37,703,780,0.9012820512820513,0x1.cd74d74d74d75p-1,0.5064552575950366,-0.2092275625397509,3.2895254552257827,0.35636935852907087,true,3.116544544127953e-14,8.056590715104672e-16,1000,20,24,4.47545209131181e-15,0.0,0.0,5.356800207724763e-14,0.004,0.13996962360073845,,,,
-2,2,1,1,schwarzschild-overtone-continuation,ell23-uniform-40,38,361,390,0.9256410256410257,0x1.d9ed9ed9ed9eep-1,0.5183802449612454,-0.19814581048503885,3.243837583936528,0.3522187724829547,true,3.701690684496609e-14,6.15892798796364e-16,1000,20,24,1.8610729195778454e-15,0.0,0.0,4.87813754052337e-13,0.004,0.13239003047690753,,,,
-2,2,1,1,schwarzschild-overtone-continuation,ell23-uniform-40,39,19,20,0.95,0x1.e666666666666p-1,0.531572491347795,-0.1828201364352856,3.192919968514851,0.33929043497219763,true,2.066523223178626e-13,6.883508658873538e-16,1000,20,24,8.981148454337477e-15,0.0,3.112043711014228e-14,6.240046015992923e-14,0.004,0.12195610124120158,KerrQNMEFs-2/l2/s-2l2m1n1.dat,951,2.5586621563225792e-14,5.219114039099717e-14
-2,2,1,1,schwarzschild-overtone-continuation,ell23-supplemental-high,40,97,100,0.97,0x1.f0a3d70a3d70ap-1,0.5428739463154965,-0.16420510624295143,3.1473332092628192,0.3157395507804451,true,5.993065744234136e-14,8.673617379884035e-17,1000,20,24,7.119291619286993e-15,0.0,3.247169856107061e-14,5.405507056419354e-13,0.004,0.10939212874655885,KerrQNMEFs-2/l2/s-2l2m1n1.dat,971,7.13318293321663e-15,1.2442425513123379e-14
-2,2,1,1,schwarzschild-overtone-continuation,ell23-supplemental-high,41,49,50,0.98,0x1.f5c28f5c28f5cp-1,0.5477232769202366,-0.15089131719588253,3.124789678597192,0.2951546209573812,true,9.13766833022068e-13,7.401640424548477e-16,1000,20,24,5.347542221830668e-15,0.0,0.0,2.498671796831504e-13,0.004,0.10059964425256515,KerrQNMEFs-2/l2/s-2l2m1n1.dat,1071,7.112259425584803e-14,1.445442266577015e-13
-2,2,1,1,schwarzschild-overtone-continuation,ell23-supplemental-high,42,99,100,0.99,0x1.fae147ae147aep-1,0.5486421635574048,-0.1324435177078477,3.1089256949335895,0.2628603126704772,true,1.6870998178596809e-12,3.554447978966673e-16,1000,20,24,8.899114524108741e-15,4.823232449869052e-13,4.83472034910021e-13,1.095321346689458e-12,0.004,0.08954116369666777,KerrQNMEFs-2/l2/s-2l2m1n1.dat,1171,3.2576450813191374e-13,6.44580085146433e-13
-2,2,1,1,schwarzschild-overtone-continuation,ell23-supplemental-high,43,199,200,0.995,0x1.fd70a3d70a3d7p-1,0.5426059002976841,-0.123925056298903,3.1141338869117523,0.24667596531620417,true,8.736389493988206e-13,8.889251888226118e-16,1000,20,24,3.553147333202946e-15,8.037122666676408e-13,3.977469099941686e-11,4.391347746148162e-11,0.004,0.08837388234001618,KerrQNMEFs-2/l2/s-2l2m1n1.dat,1271,7.067595801222733e-13,1.4107838442905772e-12
-2,2,1,1,schwarzschild-overtone-continuation,ell23-supplemental-high,44,997,1000,0.997,0x1.fe76c8b439581p-1,0.5416264673378924,-0.12166958459865015,3.1135917372573187,0.24269416870592586,true,9.646477357975622e-13,2.4052677599400386e-16,1000,20,24,4.453364592678439e-15,0.0,3.8575943657705974e-12,2.950040499241052e-12,0.004,0.08892988627500596,KerrQNMEFs-2/l2/s-2l2m1n1.dat,1311,2.586121077440192e-13,5.174528617744901e-13
-2,2,1,1,schwarzschild-overtone-continuation,ell23-supplemental-high,45,999,1000,0.999,0x1.ff7ced916872bp-1,0.539725876813267,-0.11963070392380183,3.1149347399107814,0.2389795680411328,true,9.115203377576614e-13,4.346393287910658e-15,1000,20,24,2.0658801409477063e-15,0.0,0.0,1.9562409452974817e-12,0.004,0.09025076767932799,KerrQNMEFs-2/l2/s-2l2m1n1.dat,1351,1.3968929418488199e-12,2.793226379904832e-12
-2,2,1,2,schwarzschild-overtone-continuation,ell23-uniform-40,0,0,1,0.0,0x0.0p+0,0.30105345461236577,-0.4782769832230724,4.0,0.0,true,9.469831450745289e-14,9.872024615592036e-16,1000,20,24,0.0,0.0,7.144352018071917e-15,1.9981892571046066e-13,0.004,0.2094002920823843,KerrQNMEFs-2/l2/s-2l2m1n2.dat,1,8.252325904466732e-16,0.0
-2,2,1,2,schwarzschild-overtone-continuation,ell23-uniform-40,1,19,780,0.02435897435897436,0x1.8f18f18f18f19p-6,0.30319270212317556,-0.4777051345802179,3.990199472062657,0.015614351581504177,true,4.550776957214516e-14,7.711855592701269e-16,1000,20,24,7.105457850721672e-15,0.0,4.396609337412844e-15,1.3227076158856085e-13,0.004,0.20892910953903812,,,,
-2,2,1,2,schwarzschild-overtone-continuation,ell23-uniform-40,2,19,390,0.04871794871794872,0x1.8f18f18f18f19p-5,0.3054203965400266,-0.47708154401980246,3.9803455740672047,0.031388943596686696,true,9.867003681762612e-14,5.551115123125783e-16,1000,20,24,3.5529576159146815e-15,0.0,2.7655475036872157e-15,7.529244105582243e-14,0.004,0.2084280097024963,,,,
-2,2,1,2,schwarzschild-overtone-continuation,ell23-uniform-40,3,19,260,0.07307692307692308,0x1.2b52b52b52b53p-4,0.3077387763793228,-0.476404575616069,3.9704258541136825,0.0473224425763696,true,1.3107780329145601e-13,3.5388358909926865e-16,1000,20,24,7.105644194726877e-15,0.0,2.6001508565421648e-15,1.0394059511195836e-13,0.004,0.20789638395768748,,,,
-2,2,1,2,schwarzschild-overtone-continuation,ell23-uniform-40,4,19,195,0.09743589743589744,0x1.8f18f18f18f19p-4,0.3101502600313334,-0.47567234614433207,3.96042705651644,0.06341350514469074,true,3.299523058899005e-13,6.581349743728024e-16,1000,20,24,7.11198375584851e-15,0.0,0.0,2.869971829141326e-13,0.004,0.20733351289144095,,,,
-2,2,1,2,schwarzschild-overtone-continuation,ell23-uniform-40,5,19,156,0.12179487179487179,0x1.f2df2df2df2dfp-4,0.3126574623601472,-0.47488270544216754,3.9503350555079724,0.07966073941886614,true,3.576763667292911e-13,4.996003610813204e-16,1000,20,24,2.7755575615628914e-17,8.008433547957458e-15,8.868764227826486e-15,2.61797369106755e-13,0.004,0.20673855827236698,,,,
-2,2,1,2,schwarzschild-overtone-continuation,ell23-uniform-40,6,19,130,0.14615384615384616,0x1.2b52b52b52b53p-3,0.3152632130425847,-0.4740332132995748,3.9401347799948976,0.09606266125105045,true,2.7555905448411602e-14,7.484040192813089e-16,1000,20,24,6.221212756561689e-15,0.0,1.1710090180710446e-15,1.59762443404841e-13,0.004,0.20611055358236383,,,,
-2,2,1,2,schwarzschild-overtone-continuation,ell23-uniform-40,7,133,780,0.17051282051282052,0x1.5d35d35d35d36p-3,0.3179705769394752,-0.47312111233498333,3.9298101281749624,0.11261764423385068,true,4.70420243438911e-14,4.355503409735122e-16,1000,20,24,9.787333833783966e-15,0.0,6.372186924714699e-15,3.4085756241458076e-13,0.004,0.20544839287488253,,,,
-2,2,1,2,schwarzschild-overtone-continuation,ell23-uniform-40,8,38,195,0.19487179487179487,0x1.8f18f18f18f19p-3,0.3207828768369232,-0.4721432961948662,3.919343870595695,0.12932386215763203,true,1.426074452488518e-13,2.3263411494723067e-16,1000,20,24,2.7012892057857038e-15,0.0,2.5170496906211946e-15,1.9608437092351882e-13,0.004,0.2047508176864967,,,,
-2,2,1,2,schwarzschild-overtone-continuation,ell23-uniform-40,9,57,260,0.21923076923076923,0x1.c0fc0fc0fc0fcp-3,0.3237037189511751,-0.47109627226606354,3.908717539959294,0.1461792223148206,true,2.0577581687250874e-13,5.635475559608569e-16,1000,20,24,1.3352249420226865e-14,4.726604209672303e-15,9.113470451244722e-15,5.255983412130107e-13,0.004,0.2040164016665089,,,,
-2,2,1,2,schwarzschild-overtone-continuation,ell23-uniform-40,10,19,78,0.24358974358974358,0x1.f2df2df2df2dfp-3,0.3267370216577538,-0.4699761179052255,3.89791130564525,0.16318128767698337,true,3.9448347274171684e-13,2.7755575615628914e-17,1000,20,24,1.0675618501476112e-14,0.0,1.0708042079158939e-14,1.7876576575161804e-13,0.004,0.20324353251333732,,,,
-2,2,1,2,schwarzschild-overtone-continuation,ell23-uniform-40,11,209,780,0.26794871794871794,0x1.1261261261261p-2,0.32988704798869506,-0.4687784289567371,3.8869038305157164,0.18032718550121818,true,2.4339532578627847e-13,4.934426949698985e-16,1000,20,24,7.113229329843195e-15,0.0,0.0,2.5572752891079575e-14,0.004,0.20243039070957505,,,,
-2,2,1,2,schwarzschild-overtone-continuation,ell23-uniform-40,12,19,65,0.2923076923076923,0x1.2b52b52b52b53p-2,0.3331584425439334,-0.4674982590352915,3.8756721070698616,0.19761349932260397,true,6.661930240383347e-14,2.7755575615628914e-16,1000,20,24,2.6668472207145996e-15,0.0,7.197208610582237e-15,2.9387299375746573e-13,0.004,0.20157492442497163,,,,
-2,2,1,2,schwarzschild-overtone-continuation,ell23-uniform-40,13,19,60,0.31666666666666665,0x1.4444444444444p-2,0.33655627358721296,-0.4661300476725434,3.864191269397372,0.21503614051735442,true,8.09123350066957e-14,7.219451441763396e-16,1000,20,24,1.3323138880397957e-14,0.0,1.017839002831382e-14,3.4264007970393233e-13,0.004,0.20067481980009144,,,,
-2,2,1,2,schwarzschild-overtone-continuation,ell23-uniform-40,14,133,390,0.34102564102564104,0x1.5d35d35d35d36p-2,0.3400860812529194,-0.464667534941184,3.8524343766150233,0.2325901946195567,true,1.3322676295501878e-14,8.355534721610419e-16,1000,20,24,6.229380166876118e-15,0.0,9.305364597889227e-16,1.3145715729848182e-13,0.004,0.19972746562001897,,,,
-2,2,1,2,schwarzschild-overtone-continuation,ell23-uniform-40,15,19,52,0.36538461538461536,0x1.7627627627627p-2,0.34375393298079676,-0.463103659539556,3.8403721625114104,0.25026973626474674,true,2.4811355960674964e-13,4.308824046522781e-16,1000,20,24,1.807312143953211e-15,6.728079771589929e-15,1.0362907589042386e-14,4.1895292266754166e-14,0.004,0.1987299111244697,,,,
-2,2,1,2,schwarzschild-overtone-continuation,ell23-uniform-40,16,76,195,0.38974358974358975,0x1.8f18f18f18f19p-2,0.3475664875344788,-0.4614304364928385,3.827972744914984,0.2680676049058328,true,7.963975754473083e-14,1.734723475976807e-16,1000,20,24,9.155133597044475e-16,0.0,0.0,1.1137789255425295e-13,0.004,0.19767881535332876,,,,
-2,2,1,2,schwarzschild-overtone-continuation,ell23-uniform-40,17,323,780,0.41410256410256413,0x1.a80a80a80a80bp-2,0.35153106925711664,-0.4596388095330035,3.815201286764463,0.2859751311468772,true,8.359529671403117e-14,1.0510763836891818e-15,1000,20,24,2.6645352591003757e-15,0.0,8.297013916595377e-15,5.207521186546447e-13,0.004,0.19657038596676452,,,,
-2,2,1,2,schwarzschild-overtone-continuation,ell23-uniform-40,18,57,130,0.43846153846153846,0x1.c0fc0fc0fc0fcp-2,0.3556557545900835,-0.4577184717572031,3.8020195988949905,0.3039818004477209,true,1.5756407827749562e-13,1.1102230246251565e-16,1000,20,24,1.1801832636420706e-15,0.0,6.141701190939742e-15,4.707397993129961e-14,0.004,0.1954003048618599,,,,
-2,2,1,2,schwarzschild-overtone-continuation,ell23-uniform-40,19,361,780,0.46282051282051284,0x1.d9ed9ed9ed9eep-2,0.3599494733497991,-0.4556576461869733,3.7883856720158056,0.3220748367487472,true,1.847497847114018e-13,4.718958039861916e-16,1000,20,24,6.497413668604471e-15,5.536106823662339e-15,9.881140848133646e-15,1.8991564754350567e-13,0.004,0.19416363707001438,,,,
-2,2,1,2,schwarzschild-overtone-continuation,ell23-uniform-40,20,19,39,0.48717948717948717,0x1.f2df2df2df2dfp-2,0.36442212784826483,-0.453442815146854,3.774253122055751,0.34023868278522046,true,1.6042626665492003e-14,4.965068306494546e-16,1000,20,24,3.552713678800501e-15,0.0,0.0,7.948855719016588e-14,0.004,0.19285471827016226,,,,
-2,2,1,2,schwarzschild-overtone-continuation,ell23-uniform-40,21,133,260,0.5115384615384615,0x1.05e85e85e85e8p-1,0.36908473368965666,-0.4510583836344506,3.7595705287210475,0.3584543458117486,true,4.379404155611337e-14,6.841411584861036e-16,1000,20,24,2.2251317974245518e-14,0.0,4.424903861850379e-15,3.704929179564483e-13,0.004,0.19146701465262525,,,,
-2,2,1,2,schwarzschild-overtone-continuation,ell23-uniform-40,22,209,390,0.5358974358974359,0x1.1261261261261p-1,0.37394958701689246,-0.44848625659190977,3.744280641372633,0.3766985660950173,true,1.3046551939862798e-13,5.85010898289606e-16,1000,20,24,2.7012892057857038e-15,5.79553433516819e-16,3.2239507942692045e-15,1.432144669219779e-14,0.004,0.18999294661149768,,,,
-2,2,1,2,schwarzschild-overtone-continuation,ell23-uniform-40,23,437,780,0.5602564102564103,0x1.1ed9ed9ed9edap-1,0.3790304641681316,-0.44570530248373935,3.728319418659443,0.3949427492507478,true,5.701662731533487e-14,2.3479724158959924e-16,1000,20,24,9.77563824497097e-15,0.0,0.0,1.45716084699511e-13,0.004,0.1884236645073027,,,,
-2,2,1,2,schwarzschild-overtone-continuation,ell23-uniform-40,24,38,65,0.5846153846153846,0x1.2b52b52b52b53p-1,0.38434286118177535,-0.44269066470488305,3.711614857982558,0.4131515797834223,true,5.551115123125783e-15,4.914872971652157e-16,1000,20,24,1.831026719408895e-15,0.0,0.0,1.7088377374275825e-13,0.004,0.18674876002487917,,,,
-2,2,1,2,schwarzschild-overtone-continuation,ell23-uniform-40,25,95,156,0.6089743589743589,0x1.37cb7cb7cb7cbp-1,0.3899042824009441,-0.4394128662765849,3.6940855567359194,0.43128119801100806,true,6.89411847443645e-15,4.518280359883027e-16,1000,20,24,1.1102230246251565e-16,2.4234925125535903e-15,6.395597746174619e-15,1.2719590248504197e-13,0.004,0.18495588964539625,,,,
-2,2,1,2,schwarzschild-overtone-continuation,ell23-uniform-40,26,19,30,0.6333333333333333,0x1.4444444444444p-1,0.3957345895718031,-0.43583662908234094,3.6756389277988157,0.4492767693335924,true,5.700322247392618e-14,7.632783294297951e-16,1000,20,24,1.2434993501203062e-14,0.0,5.5000878922503766e-15,8.97854046839468e-14,0.004,0.1830302761284085,,,,
-2,2,1,2,schwarzschild-overtone-continuation,ell23-uniform-40,27,171,260,0.6576923076923077,0x1.50bd0bd0bd0bdp-1,0.40185642517755443,-0.43191929160411,3.656168964678837,0.4670691924693431,true,1.3802604129769767e-13,6.429251234118251e-16,1000,20,24,1.156551889201422e-14,0.0,6.2261639811866735e-15,1.0775021891577212e-13,0.004,0.18095403742130273,,,,
-2,2,1,2,schwarzschild-overtone-continuation,ell23-uniform-40,28,133,195,0.6820512820512821,0x1.5d35d35d35d36p-1,0.408295725868823,-0.42760865020240985,3.635553413729465,0.48457056270262266,true,2.332809749656639e-13,9.367506770274758e-16,1000,20,24,2.8457249041605285e-15,0.0,4.266059962363589e-15,2.5395001791097027e-13,0.004,0.17870526618456894,,,,
-2,2,1,2,schwarzschild-overtone-continuation,ell23-uniform-40,29,551,780,0.7064102564102565,0x1.69ae9ae9ae9afp-1,0.4150823425549308,-0.4228399532294587,3.613650157316744,0.5016677932091888,true,4.222585536168322e-14,2.482534153247273e-16,1000,20,24,7.105427357601002e-15,0.0,0.0,3.946401705519323e-14,0.004,0.1762567401495096,,,,
-2,2,1,2,schwarzschild-overtone-continuation,ell23-uniform-40,30,19,26,0.7307692307692307,0x1.7627627627627p-1,0.4222507800146862,-0.41753161653159226,3.590292536305546,0.5182134388696661,true,6.141450319825083e-14,8.473409486550036e-16,1000,20,24,9.036560719766055e-15,0.0,1.709608279321014e-14,3.526247299686481e-14,0.004,0.17357407076205142,,,,
-2,2,1,2,schwarzschild-overtone-continuation,ell23-uniform-40,31,589,780,0.7551282051282051,0x1.82a02a02a02a0p-1,0.42984105334558054,-0.4115789488717373,3.565283235076518,0.5340121404132582,true,1.2433090191929323e-13,3.469446951953614e-16,1000,20,24,1.1636175437410705e-14,0.0,0.0,1.6356972753319122e-13,0.004,0.1706129695929297,,,,
-2,2,1,2,schwarzschild-overtone-continuation,ell23-uniform-40,32,152,195,0.7794871794871795,0x1.8f18f18f18f19p-1,0.4378996125951185,-0.4048446663435182,3.538386211664921,0.5487999642671011,true,1.371597760697985e-13,9.27037264317996e-16,1000,20,24,5.347542221830668e-15,0.0,0.0,8.328567249782481e-14,0.004,0.16731507673586443,,,,
-2,2,1,2,schwarzschild-overtone-continuation,ell23-uniform-40,33,209,260,0.8038461538461539,0x1.9b91b91b91b92p-1,0.4464801623942649,-0.39714399920689253,3.5093159892515207,0.562211722289347,true,1.1750251392376442e-13,1.034151293630788e-15,1000,20,24,9.485749680535094e-16,0.0,0.0,3.2854348835051133e-13,0.004,0.16360133965875073,,,,
-2,2,1,2,schwarzschild-overtone-continuation,ell23-uniform-40,34,323,390,0.8282051282051283,0x1.a80a80a80a80bp-1,0.45564386939719553,-0.3882202071120857,3.4777235093951733,0.5737268891890697,true,2.279423871874273e-13,1.7772239894833365e-16,1000,20,24,8.93781251790792e-15,0.0,3.372780987137911e-14,4.788294988167038e-13,0.004,0.15936099043484547,,,,
-2,2,1,2,schwarzschild-overtone-continuation,ell23-uniform-40,35,133,156,0.8525641025641025,0x1.b483483483483p-1,0.46545752418614217,-0.37770194971553117,3.4431780158926095,0.5825749227731416,true,1.624571563837693e-13,1.6653345369377348e-16,1000,20,24,3.1421469200065623e-15,1.0679225982571703e-14,2.1358596239527548e-14,1.4421621880409976e-13,0.004,0.1544320706388872,,,,
-2,2,1,2,schwarzschild-overtone-continuation,ell23-uniform-40,36,57,65,0.8769230769230769,0x1.c0fc0fc0fc0fcp-1,0.47598547506593475,-0.3650233806405471,3.4051464418158455,0.5875570824599392,true,2.734046319944624e-13,4.718447854656915e-16,1000,20,24,2.5918417478740246e-15,2.371112543439307e-14,2.9133254903696674e-14,6.104869994056158e-13,0.004,0.14856428085082998,,,,
-2,2,1,2,schwarzschild-overtone-continuation,ell23-uniform-40,37,703,780,0.9012820512820513,0x1.cd74d74d74d75p-1,0.4872620682865533,-0.3492587231730398,3.362981252049166,0.5866768820049342,true,7.97631694493609e-14,1.2571659638300646e-16,1000,20,24,2.9790409838967277e-15,0.0,0.0,1.7888363189343269e-13,0.004,0.14134038511387056,,,,
-2,2,1,2,schwarzschild-overtone-continuation,ell23-uniform-40,38,361,390,0.9256410256410257,0x1.d9ed9ed9ed9eep-1,0.49919609449958935,-0.3287272418722455,3.315972535177493,0.5762590441661666,true,1.8616397650747233e-13,1.7235854893846466e-16,1000,20,24,1.1580429779916289e-14,0.0,2.469241835110481e-14,1.312732511768982e-13,0.004,0.13198311199569138,,,,
-2,2,1,2,schwarzschild-overtone-continuation,ell23-uniform-40,39,19,20,0.95,0x1.e666666666666p-1,0.5111835709373357,-0.29980762476659556,3.263771037291596,0.5483258249480107,true,5.808286220083358e-13,1.5265566588595902e-16,1000,20,24,7.106294666405892e-15,7.348319964202038e-14,1.4809047648432684e-13,3.14018491736755e-13,0.004,0.11875091789781007,KerrQNMEFs-2/l2/s-2l2m1n2.dat,951,9.639862645205071e-14,1.808392457337942e-13
-2,2,1,2,schwarzschild-overtone-continuation,ell23-supplemental-high,40,97,100,0.97,0x1.f0a3d70a3d70ap-1,0.519029543280843,-0.26271856647945524,3.218766783288231,0.4968063142873651,true,1.7729118074098107e-13,6.663596519452762e-16,1000,20,24,5.329070518200751e-15,0.0,0.0,1.759153900342863e-13,0.004,0.10135806531227895,KerrQNMEFs-2/l2/s-2l2m1n2.dat,971,1.0694158091676916e-13,2.0412150789980176e-13
-2,2,1,2,schwarzschild-overtone-continuation,ell23-supplemental-high,41,49,50,0.98,0x1.f5c28f5c28f5cp-1,0.5201000035919418,-0.2331192244059655,3.1982330629141646,0.44742256284098536,true,6.252832847199451e-14,2.949029909160572e-16,1000,20,24,7.994376728335114e-15,9.573002243442408e-14,1.380738205673357e-13,4.8698183706588755e-14,0.004,0.08674372572998983,KerrQNMEFs-2/l2/s-2l2m1n2.dat,981,1.3229709602022533e-13,2.5336369458134136e-13
-2,2,1,2,schwarzschild-overtone-continuation,ell23-supplemental-high,42,99,100,0.99,0x1.fae147ae147aep-1,0.5172038252070421,-0.18053825082836217,3.1803363836758187,0.35080039222832055,true,2.354527319342713e-13,1.942890293094024e-16,1000,20,24,8.881784197001252e-15,0.0,4.249394398997053e-13,1.0817014087395218e-12,0.004,0.05745844126118804,KerrQNMEFs-2/l2/s-2l2m1n2.dat,996,2.0424021554040003e-13,3.971985172421389e-13
-2,2,1,2,schwarzschild-overtone-continuation,ell23-supplemental-high,43,199,200,0.995,0x1.fd70a3d70a3d7p-1,0.5160977849254472,-0.1273100583574059,3.166946525099592,0.24898817312532073,true,1.4692331608001923e-12,2.654126918244515e-16,1000,20,24,8.176737931803353e-15,4.0302628438340194e-13,0.0,3.5456484105853985e-13,0.004,0.026723368416498104,,,,
-2,2,1,2,schwarzschild-overtone-continuation,ell23-supplemental-high,44,997,1000,0.997,0x1.fe76c8b439581p-1,0.5098132666781072,-0.09548760658088028,3.1726095144545616,0.18650870343836057,true,6.217103021162474e-13,9.606437509519264e-16,1000,20,24,6.2194788967427776e-15,2.597480137955359e-13,5.443265122712275e-13,9.81948326076354e-13,0.004,0.0412016469226989,,,,
-2,2,1,2,schwarzschild-overtone-continuation,ell23-supplemental-high,45,999,1000,0.999,0x1.ff7ced916872bp-1,0.5031936300992185,-0.05443547574629539,3.1795279539594636,0.1061571022632643,true,2.087343296885323e-13,5.805598826390941e-16,1000,20,24,2.1325838979593163e-14,0.0,0.0,1.432311714333669e-12,0.004,0.07473301029058872,KerrQNMEFs-2/l2/s-2l2m1n2.dat,1035,6.513278616040492e-14,1.4148336540105864e-13
-2,2,2,0,schwarzschild-overtone-continuation,ell23-uniform-40,0,0,1,0.0,0x0.0p+0,0.3736716844180417,-0.08896231568893413,4.0,0.0,true,1.0687636780963564e-13,7.632783294297951e-17,1000,20,24,0.0,0.0,0.0,4.7448625329358444e-14,0.004,,KerrQNMEFs-2/l2/s-2l2m2n0.dat,1,1.5721151031753814e-15,0.0
-2,2,2,0,schwarzschild-overtone-continuation,ell23-uniform-40,1,19,780,0.02435897435897436,0x1.8f18f18f18f19p-6,0.37677849361400084,-0.0889105376409608,3.975466961117197,0.005804654415362853,true,5.051221947485434e-14,1.9081958235744878e-16,1000,20,24,5.329073059298987e-15,0.0,7.261783707965835e-15,7.688877591103682e-14,0.004,,,,,
-2,2,2,0,schwarzschild-overtone-continuation,ell23-uniform-40,2,19,390,0.04871794871794872,0x1.8f18f18f18f19p-5,0.37997478377439053,-0.08885216497811249,3.9503972004377803,0.011661308465813583,true,1.2228591306686066e-14,6.753223014464259e-16,1000,20,24,1.776695620273571e-15,0.0,8.021313332746002e-15,1.548472593662075e-13,0.004,,,,,
-2,2,2,0,schwarzschild-overtone-continuation,ell23-uniform-40,3,19,260,0.07307692307692308,0x1.2b52b52b52b53p-4,0.38326520272568965,-0.08878675810403705,3.924765384724724,0.017570209933013774,true,9.930136612989092e-15,7.979727989493313e-17,1000,20,24,7.993617823982856e-15,0.0,5.253434695803222e-16,1.1211521126660913e-13,0.004,,,,,
-2,2,2,0,schwarzschild-overtone-continuation,ell23-uniform-40,4,19,195,0.09743589743589744,0x1.8f18f18f18f19p-4,0.3866547590949311,-0.08871383381554501,3.898544316473331,0.023531552395925658,true,8.618341767919545e-14,2.8290356351845776e-16,1000,20,24,3.552713678800501e-15,0.0,4.933177816607825e-15,2.668522602258686e-13,0.004,,,,,
-2,2,2,0,schwarzschild-overtone-continuation,ell23-uniform-40,5,19,156,0.12179487179487179,0x1.f2df2df2df2dfp-4,0.39014886031570156,-0.08863285986168162,3.871704744149568,0.02954546348450772,true,3.8137574909174345e-14,2.9277281224079604e-16,1000,20,24,3.5529576159146815e-15,0.0,4.689480895577425e-15,3.137121743046942e-14,0.004,,,,,
-2,2,2,0,schwarzschild-overtone-continuation,ell23-uniform-40,6,19,130,0.14615384615384616,0x1.2b52b52b52b53p-3,0.39375335573904857,-0.0885432486719237,3.844215147406032,0.03561199089259225,true,4.0682668090481225e-14,4.847302891456678e-16,1000,20,24,4.163336342344337e-17,1.7936738756247963e-15,1.1534169999720318e-14,3.662285675651762e-13,0.004,,,,,
-2,2,2,0,schwarzschild-overtone-continuation,ell23-uniform-40,7,133,780,0.17051282051282052,0x1.5d35d35d35d36p-3,0.39747458569400573,-0.08844435010145053,3.8160414931903364,0.041731085686900544,true,9.930136612989092e-15,6.111054354846122e-16,1000,20,24,5.3302268750589315e-15,0.0,1.3564073414255491e-15,1.8810009089398863e-14,0.004,,,,,
-2,2,2,0,schwarzschild-overtone-continuation,ell23-uniform-40,8,38,195,0.19487179487179487,0x1.8f18f18f18f19p-3,0.40131943751044274,-0.08833544300924535,3.7871469578579937,0.04790258234155394,true,1.491506849834727e-13,4.914872971652157e-16,1000,20,24,1.3322856994638523e-14,0.0,0.0,1.966392721343817e-13,0.004,,,,,
-2,2,2,0,schwarzschild-overtone-continuation,ell23-uniform-40,9,57,260,0.21923076923076923,0x1.c0fc0fc0fc0fcp-3,0.4052954097240354,-0.08821572544408998,3.7574916094114865,0.054126174791496645,true,2.7673742564927382e-14,2.9052345828309734e-16,1000,20,24,7.105766162702353e-15,0.0,0.0,4.9396316498856127e-14,0.004,,,,,
-2,2,2,0,schwarzschild-overtone-continuation,ell23-uniform-40,10,19,78,0.24358974358974358,0x1.f2df2df2df2dfp-3,0.40941068594038893,-0.08808430316309386,3.72703204276031,0.06040138762599573,true,8.662585850030506e-15,4.531581184534698e-16,1000,20,24,5.329070518200751e-15,0.0,5.2183434794654904e-15,1.2850245212580733e-13,0.004,,,,,
-2,2,2,0,schwarzschild-overtone-continuation,ell23-uniform-40,11,209,780,0.26794871794871794,0x1.1261261261261p-2,0.4136742201566862,-0.08794017614320482,3.695720959367575,0.06672754132335669,true,2.7101269464129136e-14,4.793364605007606e-16,1000,20,24,7.107378653578542e-15,0.0,0.0,2.7671070021416674e-14,0.004,,,,,
-2,2,2,0,schwarzschild-overtone-continuation,ell23-uniform-40,12,19,65,0.2923076923076923,0x1.2b52b52b52b53p-2,0.4180958357432278,-0.08778222266520336,3.663506680727612,0.07310371014573477,true,4.253081684641648e-14,1.6711069443220838e-16,1000,20,24,8.899114524108741e-16,0.0,0.0,3.7855837620466416e-14,0.004,,,,,
-2,2,2,0,schwarzschild-overtone-continuation,ell23-uniform-40,13,19,60,0.31666666666666665,0x1.4444444444444p-2,0.4226863407988222,-0.08760918044602191,3.6303325826928456,0.07952867094816683,true,9.832841130423611e-15,5.448799298831302e-16,1000,20,24,3.5580223032530555e-15,4.545902364027965e-16,4.12319795766459e-15,1.4004661458263604e-14,0.004,,,,,
-2,2,2,0,schwarzschild-overtone-continuation,ell23-uniform-40,14,133,390,0.34102564102564104,0x1.5d35d35d35d36p-2,0.42745766324668727,-0.08741962416151723,3.5961364345778266,0.08600084068103689,true,9.335596007155482e-14,9.599841224996613e-16,1000,20,24,6.21879760526691e-15,0.0,0.0,1.0951825400080352e-13,0.004,,,,,
-2,2,2,0,schwarzschild-overtone-continuation,ell23-uniform-40,15,19,52,0.36538461538461536,0x1.7627627627627p-2,0.43242300987664056,-0.08721193852930546,3.5608496230036497,0.0925181997433938,true,7.110040224702759e-14,1.2911750880923164e-16,1000,20,24,2.6697343572326224e-15,3.13687125522602e-15,1.119224443276837e-14,9.6552197124635e-14,0.004,,,,,
-2,2,2,0,schwarzschild-overtone-continuation,ell23-uniform-40,16,76,195,0.38974358974358975,0x1.8f18f18f18f19p-2,0.43759705462780446,-0.0869842858948138,3.5243962353137146,0.09907819752238756,true,1.1928404816852667e-13,3.226585665316861e-16,1000,20,24,1.6878676498753743e-14,4.962138827763324e-15,1.182439643223667e-14,1.6692925893737438e-13,0.004,,,,,
-2,2,2,0,schwarzschild-overtone-continuation,ell23-uniform-40,17,323,780,0.41410256410256413,0x1.a80a80a80a80bp-2,0.44299616283029747,-0.08673456696542214,3.4866919706923376,0.10567763535883931,true,6.337419099054817e-14,7.642869566678791e-16,1000,20,24,6.223441295103945e-15,0.0,0.0,1.4375810622606786e-13,0.004,,,,,
-2,2,2,0,schwarzschild-overtone-continuation,ell23-uniform-40,18,57,130,0.43846153846153846,0x1.c0fc0fc0fc0fcp-2,0.44863866000679326,-0.08646037294110613,3.44764283828082,0.11231252070704062,true,2.6202204231231422e-14,5.832902894255635e-16,1000,20,24,1.244567562277307e-14,1.1545285247712184e-15,3.2655292846761743e-15,2.3399119043886214e-14,0.004,,,,,
-2,2,2,0,schwarzschild-overtone-continuation,ell23-uniform-40,19,361,780,0.46282051282051284,0x1.d9ed9ed9ed9eep-2,0.45454515634901693,-0.08615892675582945,3.4071435898144156,0.11897788425718836,true,2.8310687127941492e-14,3.4506610788621483e-16,1000,20,24,1.6003490392679034e-14,0.0,8.219587729874549e-16,1.1668164052910557e-13,0.004,,,,,
-2,2,2,0,schwarzschild-overtone-continuation,ell23-uniform-40,20,19,39,0.48717948717948717,0x1.f2df2df2df2dfp-2,0.46073894138078475,-0.08582701041852639,3.365075818437512,0.1256675490451877,true,4.9518560583058215e-14,1.0878804855433139e-15,1000,20,24,9.155133597044475e-16,0.0,0.0,9.61278769782169e-14,0.004,,,,,
-2,2,2,0,schwarzschild-overtone-continuation,ell23-uniform-40,21,133,260,0.5115384615384615,0x1.05e85e85e85e8p-1,0.46724646796501673,-0.08546087444464424,3.3213056337114404,0.13237383676562314,true,8.68711739988696e-14,1.3961194208516885e-15,1000,20,24,4.444013503773866e-15,0.0,7.433327136988287e-15,2.4439270244319555e-13,0.004,,,,,
-2,2,2,0,schwarzschild-overtone-continuation,ell23-uniform-40,22,209,390,0.5358974358974359,0x1.1261261261261p-1,0.4740979512529385,-0.08505612397761954,3.2756807929039886,0.13908719114696647,true,1.818360945611186e-14,4.442111658486589e-16,1000,20,24,7.105644194726877e-15,0.0,0.0,5.035448931516693e-14,0.004,,,,,
-2,2,2,0,schwarzschild-overtone-continuation,ell23-uniform-40,23,437,780,0.5602564102564103,0x1.1ed9ed9ed9edap-1,0.4813281172352515,-0.0846075742335719,3.2280271266667357,0.14579569061262104,true,2.8371575072888252e-14,2.237726045655905e-16,1000,20,24,8.895824359939543e-15,0.0,0.0,2.1977929680207387e-14,0.004,,,,,
-2,2,2,0,schwarzschild-overtone-continuation,ell23-uniform-40,24,38,65,0.5846153846153846,0x1.2b52b52b52b53p-1,0.4889771485114961,-0.08410906507767471,3.1781440373526295,0.15248441139574753,true,6.369236378953958e-14,2.8796409701215e-16,1000,20,24,5.551115123125783e-17,0.0,7.843000808349621e-15,2.0486644375919462e-13,0.004,,,,,
-2,2,2,0,schwarzschild-overtone-continuation,ell23-uniform-40,25,95,156,0.6089743589743589,0x1.37cb7cb7cb7cbp-1,0.4970918937514853,-0.08355322041428563,3.12579876137681,0.15913458599918914,true,6.300875131992472e-14,1.1150912609939193e-16,1000,20,24,1.2438957793485555e-14,0.0,0.0,1.5840435524899627e-13,0.004,,,,,
-2,2,2,0,schwarzschild-overtone-continuation,ell23-uniform-40,26,19,30,0.6333333333333333,0x1.4444444444444p-1,0.5057274353151189,-0.08293113192501095,3.070718958505937,0.1657224774681373,true,1.1972019345342438e-14,2.2215299868541707e-16,1000,20,24,6.2261639811866735e-15,0.0,4.1648163766400556e-15,9.710460186784832e-14,0.004,,,,,
-2,2,2,0,schwarzschild-overtone-continuation,ell23-uniform-40,27,171,260,0.6576923076923077,0x1.50bd0bd0bd0bdp-1,0.514949151969903,-0.08223193733081775,3.0125829965947393,0.17221785251415456,true,5.814837473728895e-14,5.164700352369266e-16,1000,20,24,2.1556631856153973e-15,0.0,5.4545355782035615e-15,7.263981472721154e-14,0.004,,,,,
-2,2,2,0,schwarzschild-overtone-continuation,ell23-uniform-40,28,133,195,0.6820512820512821,0x1.5d35d35d35d36p-1,0.5248354796913438,-0.08144224875913328,2.9510069990517644,0.17858187778555365,true,3.6884852177482e-14,7.432151405295856e-16,1000,20,24,2.6697343572326224e-15,0.0,0.0,1.4749261695635416e-14,0.004,,,,,
-2,2,2,0,schwarzschild-overtone-continuation,ell23-uniform-40,29,551,780,0.7064102564102565,0x1.69ae9ae9ae9afp-1,0.5354816791168691,-0.08054536339681431,2.885527242384134,0.18476416885033106,true,5.150585347896639e-15,3.803279846206874e-16,1000,20,24,9.78572012285475e-15,4.355503409735122e-16,3.804134277615038e-15,5.665412724656198e-14,0.004,,,,,
-2,2,2,0,schwarzschild-overtone-continuation,ell23-uniform-40,30,19,26,0.7307692307692307,0x1.7627627627627p-1,0.5470050924198887,-0.07952014989509486,2.815575702135096,0.1906985638922026,true,4.2737818666583165e-14,1.3183898417423734e-16,1000,20,24,8.890280278469355e-15,1.739158698238937e-15,4.449405766767031e-15,1.0445375660402112e-13,0.004,,,,,
-2,2,2,0,schwarzschild-overtone-continuation,ell23-uniform-40,31,589,780,0.7551282051282051,0x1.82a02a02a02a0p-1,0.5595526703394724,-0.07833943756985733,2.7404452006388125,0.19629692246633887,true,6.989753347976249e-14,1.0408340855860843e-17,1000,20,24,3.554447978966673e-15,0.0,0.0,9.078082948851017e-14,0.004,,,,,
-2,2,2,0,schwarzschild-overtone-continuation,ell23-uniform-40,32,152,195,0.7794871794871795,0x1.8f18f18f18f19p-1,0.5733120816288827,-0.07696761656169095,2.659238219574368,0.20143976129782284,true,3.90855273313162e-14,4.594889227755668e-16,1000,20,24,1.2479148791451939e-14,1.5305885091534674e-15,2.7330787199248204e-15,3.575543016118969e-14,0.004,,,,,
-2,2,2,0,schwarzschild-overtone-continuation,ell23-uniform-40,33,209,260,0.8038461538461539,0x1.9b91b91b91b92p-1,0.5885287133183642,-0.07535693347708058,2.5707889766477128,0.20596161659329204,true,6.220521747501101e-14,4.342356256891675e-16,1000,20,24,2.6697343572326224e-15,0.0,2.1766902067558993e-15,4.177984022846072e-14,0.004,,,,,
-2,2,2,0,schwarzschild-overtone-continuation,ell23-uniform-40,34,323,390,0.8282051282051283,0x1.a80a80a80a80bp-1,0.6055328505113482,-0.07344152041321796,2.4735395243624065,0.209627173031959,true,6.369236378953958e-14,9.626386808164687e-16,1000,20,24,1.0778315928076987e-15,0.0,0.0,1.2161155420989049e-14,0.004,,,,,
-2,2,2,0,schwarzschild-overtone-continuation,ell23-uniform-40,35,133,156,0.8525641025641025,0x1.b483483483483p-1,0.6247855552587874,-0.0711272359003528,2.365331809385607,0.2120902127931934,true,2.9312003610707e-14,1.4752290795525882e-16,1000,20,24,3.554447978966673e-15,0.0,1.1990440790417471e-15,6.936553714260312e-14,0.004,,,,,
-2,2,2,0,schwarzschild-overtone-continuation,ell23-uniform-40,36,57,65,0.8769230769230769,0x1.c0fc0fc0fc0fcp-1,0.6469616559226089,-0.0682731385116689,2.2430337936627676,0.21281802224429133,true,1.1915420445133011e-14,8.735913103537573e-16,1000,20,24,2.0438961644885536e-14,0.0,7.946642332049344e-15,1.0296696091487384e-13,0.004,,,,,
-2,2,2,0,schwarzschild-overtone-continuation,ell23-uniform-40,37,703,780,0.9012820512820513,0x1.cd74d74d74d75p-1,0.6731142566141161,-0.06465443294959822,2.1018029580941846,0.21093886225341424,true,1.6477767846032265e-14,2.7755575615628914e-16,1000,20,24,4.76264973654531e-15,0.0,4.9545840462302895e-15,4.143913946073704e-14,0.004,,,,,
-2,2,2,0,schwarzschild-overtone-continuation,ell23-uniform-40,38,361,390,0.9256410256410257,0x1.d9ed9ed9ed9eep-1,0.7050453351913716,-0.05987811268944729,1.9334379880742603,0.20489190447833494,true,9.292522052575228e-14,6.894341957538586e-16,1000,20,24,2.3525204118543076e-15,2.7982589899605763e-15,5.594315114139762e-15,9.182672963356579e-14,0.004,,,,,
-2,2,2,0,schwarzschild-overtone-continuation,ell23-uniform-40,39,19,20,0.95,0x1.e666666666666p-1,0.7463199987169307,-0.053149008045981994,1.7218985995651628,0.19144893111206993,true,5.0717784022727485e-14,1.3877787807814457e-17,1000,20,24,4.457859972920331e-15,0.0,0.0,6.047121082130312e-14,0.004,,KerrQNMEFs-2/l2/s-2l2m2n0.dat,1131,5.117875266520903e-16,2.4650951625709315e-15
-2,2,2,0,schwarzschild-overtone-continuation,ell23-supplemental-high,40,97,100,0.97,0x1.f0a3d70a3d70ap-1,0.7932082489464526,-0.044790355228627746,1.4892012039618847,0.1691986805609201,true,2.665871817443476e-13,2.297444613877834e-16,1000,20,24,1.0219480822442768e-14,5.936908054405786e-15,7.189340390589233e-15,6.838812521714125e-14,0.004,,KerrQNMEFs-2/l2/s-2l2m2n0.dat,1331,4.183554602352174e-15,1.7467256550982703e-14
-2,2,2,0,schwarzschild-overtone-continuation,ell23-supplemental-high,41,49,50,0.98,0x1.f5c28f5c28f5cp-1,0.8254294774817205,-0.038630197156336275,1.333618705174688,0.1499942940146926,true,2.1677046808428403e-13,3.281333889646083e-16,1000,20,24,2.6852712547870858e-15,0.0,0.0,1.2938133352280374e-14,0.004,,KerrQNMEFs-2/l2/s-2l2m2n0.dat,1431,5.412337245047638e-16,4.742874840267547e-15
-2,2,2,0,schwarzschild-overtone-continuation,ell23-supplemental-high,42,99,100,0.99,0x1.fae147ae147aep-1,0.8708926587357834,-0.02939042421923637,1.1196449288600707,0.11795392005828101,true,1.5613821677462263e-13,5.264678550369112e-16,1000,20,24,3.1165445441279525e-15,0.0,6.326636166381817e-15,1.0257093552586837e-13,0.004,,KerrQNMEFs-2/l2/s-2l2m2n0.dat,1531,4.505347721645577e-15,1.8606610039849476e-14
-2,2,2,0,schwarzschild-overtone-continuation,ell23-supplemental-high,43,199,200,0.995,0x1.fd70a3d70a3d7p-1,0.9056636997243567,-0.02191069883123394,0.9601046761263536,0.0898523590918357,true,1.5609902427207036e-13,5.138325899714063e-16,1000,20,24,5.79240975304397e-15,0.0,4.276661602011133e-15,5.313291144626855e-13,0.004,,KerrQNMEFs-2/l2/s-2l2m2n0.dat,1581,3.787898901196402e-16,5.940876566791905e-15
-2,2,2,0,schwarzschild-overtone-continuation,ell23-supplemental-high,44,997,1000,0.997,0x1.fe76c8b439581p-1,0.9255810790286785,-0.017473701205262124,0.8702395435364316,0.07245838336551323,true,7.826673644779412e-13,3.540918646977747e-16,1000,20,24,8.326672684688674e-17,0.0,0.0,6.575220293696445e-14,0.004,,KerrQNMEFs-2/l2/s-2l2m2n0.dat,1601,1.2385925618474403e-15,5.1950400861482495e-15
-2,2,2,0,schwarzschild-overtone-continuation,ell23-supplemental-high,45,999,1000,0.999,0x1.ff7ced916872bp-1,0.9558544196291541,-0.010530589035570838,0.7356862650293856,0.044344907184407624,true,2.102068129861634e-13,1.4250360054229313e-16,1000,20,24,1.5558603237759862e-15,0.0,0.0,2.479210290603765e-13,0.004,,KerrQNMEFs-2/l2/s-2l2m2n0.dat,1711,2.2332899019708933e-15,9.302676188567711e-15
-2,2,2,1,schwarzschild-overtone-continuation,ell23-uniform-40,0,0,1,0.0,0x0.0p+0,0.3467109968791647,-0.2739148752912369,4.0,0.0,true,6.123280070775359e-14,2.582350176184633e-16,1000,20,24,0.0,0.0,0.0,5.5709747947426275e-14,0.004,0.18690727106245045,KerrQNMEFs-2/l2/s-2l2m2n1.dat,1,2.437438961788735e-15,0.0
-2,2,2,1,schwarzschild-overtone-continuation,ell23-uniform-40,1,19,780,0.02435897435897436,0x1.8f18f18f18f19p-6,0.35026147106000016,-0.273593486326803,3.97722713088135,0.017855589850392227,true,5.97894011996741e-14,1.247535165059216e-15,1000,20,24,1.5099072995223504e-14,0.0,0.0,1.87335784195259e-13,0.004,0.1865769118096524,,,,
-2,2,2,1,schwarzschild-overtone-continuation,ell23-uniform-40,2,19,390,0.04871794871794872,0x1.8f18f18f18f19p-5,0.35390632297418556,-0.27325056648974255,3.9539343670472578,0.035837383973811435,true,6.935757925445301e-14,2.797157557069881e-16,1000,20,24,5.329070518200751e-15,0.0,8.752121256708265e-15,4.28844190877527e-13,0.004,0.18623193906668145,,,,
-2,2,2,1,schwarzschild-overtone-continuation,ell23-uniform-40,3,19,260,0.07307692307692308,0x1.2b52b52b52b53p-4,0.3576502548958549,-0.2728847765729366,3.9300949189938548,0.05394610271179269,true,8.174257814901776e-14,3.6638411145107034e-16,1000,20,24,1.510066572755813e-14,0.0,0.0,1.877452460051595e-13,0.004,0.18587147698477147,,,,
-2,2,2,1,schwarzschild-overtone-continuation,ell23-uniform-40,4,19,195,0.09743589743589744,0x1.8f18f18f18f19p-4,0.361498337380264,-0.2724946521473263,3.9056800382945442,0.07218231037825601,true,2.1771968889796205e-13,6.183017822721088e-16,1000,20,24,8.88334531093441e-15,7.488040733657386e-15,1.4629373871907255e-14,6.24399536260922e-14,0.004,0.18549456795331065,,,,
-2,2,2,1,schwarzschild-overtone-continuation,ell23-uniform-40,5,19,156,0.12179487179487179,0x1.f2df2df2df2dfp-4,0.36545604880797794,-0.2720785885313095,3.8806588167775984,0.09054638247978178,true,1.5493129491196358e-13,6.231497613231321e-16,1000,20,24,4.440978833827409e-15,0.0,0.0,2.3094773857792084e-13,0.004,0.18510016290453854,,,,
-2,2,2,1,schwarzschild-overtone-continuation,ell23-uniform-40,6,19,130,0.14615384615384616,0x1.2b52b52b52b53p-3,0.3695293203158509,-0.27163482344733025,3.854997958787544,0.10903846694120273,true,5.539556770455319e-14,1.0190492755571723e-15,1000,20,24,7.999434250758632e-15,0.0,3.942464333787022e-15,1.2659600094109076e-13,0.004,0.1846871101239137,,,,
-2,2,2,1,schwarzschild-overtone-continuation,ell23-uniform-40,7,133,780,0.17051282051282052,0x1.5d35d35d35d36p-3,0.3737245870157607,-0.27116141693176843,3.8286615220728066,0.12765843809103516,true,8.247664450938435e-14,6.753223014464259e-16,1000,20,24,3.563539207208429e-15,0.0,5.371976757833036e-15,1.7062520625918089e-13,0.004,0.18425414228258616,,,,
-2,2,2,1,schwarzschild-overtone-continuation,ell23-uniform-40,8,38,195,0.19487179487179487,0x1.8f18f18f18f19p-3,0.37804884658264687,-0.2706562279687833,3.8016106219536736,0.14640584186343317,true,1.566181196969072e-13,5.495761671766055e-16,1000,20,24,2.576100224209408e-14,0.0,9.514455862634612e-15,1.744191112791133e-13,0.004,0.1837998613448631,,,,
-2,2,2,1,schwarzschild-overtone-continuation,ell23-uniform-40,9,57,260,0.21923076923076923,0x1.c0fc0fc0fc0fcp-3,0.3825097265135225,-0.2701168871983788,3.773803092329705,0.16527983029439777,true,3.4414048552438874e-14,5.593023969348752e-16,1000,20,24,5.3316719684500096e-15,0.0,6.137937047585724e-15,2.6480762538163465e-13,0.004,0.18332272092386637,,,,
-2,2,2,1,schwarzschild-overtone-continuation,ell23-uniform-40,10,19,78,0.24358974358974358,0x1.f2df2df2df2dfp-3,0.3871155616330347,-0.26954076489720935,3.745193095727225,0.1842790829051532,true,7.949072808082905e-14,4.847302891456678e-16,1000,20,24,1.6653345369377348e-16,0.0,0.0,3.554447978966673e-14,0.004,0.18282100555719769,,,,
-2,2,2,1,schwarzschild-overtone-continuation,ell23-uniform-40,11,209,780,0.26794871794871794,0x1.1261261261261p-2,0.3918754837628437,-0.2689249332379875,3.7157306728922017,0.2034017119415948,true,7.679694425213262e-14,9.770051323749142e-16,1000,20,24,1.9553246522864996e-14,2.831068712794149e-15,5.440092820663267e-15,2.872255753343373e-13,0.004,0.18229280624595617,,,,
-2,2,2,1,schwarzschild-overtone-continuation,ell23-uniform-40,12,19,65,0.2923076923076923,0x1.2b52b52b52b53p-2,0.3967995258993349,-0.2682661215867271,3.685361220307708,0.22264514762994098,true,8.091477236381725e-14,5.33167196845001e-16,1000,20,24,1.6876211665417818e-14,2.8790975114856154e-15,1.36293159862145e-14,3.437230402627406e-13,0.004,0.18173599143505362,,,,
-2,2,2,1,schwarzschild-overtone-continuation,ell23-uniform-40,13,19,60,0.31666666666666665,0x1.4444444444444p-2,0.40189874378427903,-0.2675606632801623,3.6540248813268295,0.24200599855388316,true,7.881621744113107e-14,4.742874840267547e-16,1000,20,24,8.95090418262362e-16,0.0,0.0,3.15414732542488e-14,0.004,0.1811481723999582,,,,
-2,2,2,1,schwarzschild-overtone-continuation,ell23-uniform-40,14,133,390,0.34102564102564104,0x1.5d35d35d35d36p-2,0.40718535843876563,-0.266804431914648,3.621655833193992,0.26147988087238105,true,8.069305326519148e-14,1.457167719820518e-16,1000,20,24,1.0695084443661336e-14,3.580361673049448e-15,4.0618082519487325e-15,4.8495273725283185e-14,0.004,0.18052666172854626,,,,
-2,2,2,1,schwarzschild-overtone-continuation,ell23-uniform-40,15,19,52,0.36538461538461536,0x1.7627627627627p-2,0.412672924108815,-0.26599276464204846,3.588181447847024,0.2810612082628498,true,8.316600570881171e-14,2.2247786310271853e-16,1000,20,24,9.832841130423611e-15,3.2501293141927617e-15,3.925231146709438e-15,5.1323053945956245e-14,0.004,0.1798684232248432,,,,
-2,2,2,1,schwarzschild-overtone-continuation,ell23-uniform-40,16,76,195,0.38974358974358975,0x1.8f18f18f18f19p-2,0.4183765272030749,-0.26512036926272925,3.5535212987357565,0.30074293202655106,true,4.590916520125238e-14,1.0061396160665481e-15,1000,20,24,6.218240129447692e-15,0.0,3.566996437424606e-15,2.4003679084724503e-14,0.004,0.1791700110848512,,,,
-2,2,2,1,schwarzschild-overtone-continuation,ell23-uniform-40,17,323,780,0.41410256410256413,0x1.a80a80a80a80bp-2,0.42431302327699544,-0.26418121097122743,3.51758597852603,0.3205162175005239,true,1.1669669289565138e-13,2.582350176184633e-16,1000,20,24,9.845994600885981e-15,5.25277476723201e-15,9.685065410798005e-15,9.564589076881588e-14,0.004,0.17842749556189808,,,,
-2,2,2,1,schwarzschild-overtone-continuation,ell23-uniform-40,18,57,130,0.43846153846153846,0x1.c0fc0fc0fc0fcp-2,0.43050132105221156,-0.2631683733597431,3.4802756828784904,0.34037003845143765,true,4.616405594622517e-14,1.3877787807814457e-16,1000,20,24,1.787562503581584e-14,0.0,0.0,1.6089150435736155e-13,0.004,0.17763637149048722,,,,
-2,2,2,1,schwarzschild-overtone-continuation,ell23-uniform-40,19,361,780,0.46282051282051284,0x1.d9ed9ed9ed9eep-2,0.4369627250259289,-0.26207388659672837,3.4414785026495727,0.36029066500470514,true,3.174247811915732e-14,4.779784928769661e-16,1000,20,24,4.440892098500626e-16,0.0,0.0,3.1623940384980437e-13,0.004,0.17679144489215587,,,,
-2,2,2,1,schwarzschild-overtone-continuation,ell23-uniform-40,20,19,39,0.48717948717948717,0x1.f2df2df2df2dfp-2,0.44372135166612275,-0.26088851339678865,3.40106834964197,0.3802610121913759,true,4.335061957359317e-14,4.632458786145298e-16,1000,20,24,9.950596442268225e-15,0.0,4.920492914015914e-15,1.236341887740665e-13,0.004,0.17588669132343326,,,,
-2,2,2,1,schwarzschild-overtone-continuation,ell23-uniform-40,21,133,260,0.5115384615384615,0x1.05e85e85e85e8p-1,0.4508046388572527,-0.259601480226533,3.358902417680104,0.4002598043480037,true,5.5927037193126117e-14,9.17850699146428e-16,1000,20,24,6.252832847199451e-15,0.0,9.489160039113212e-15,4.5591251393176934e-14,0.004,0.17491507747044596,,,,
-2,2,2,1,schwarzschild-overtone-continuation,ell23-uniform-40,22,209,390,0.5358974358974359,0x1.1261261261261p-1,0.45824397468171374,-0.2582001367687146,3.314818048712583,0.4202604938419613,true,9.701907362497726e-14,2.42861286636753e-16,1000,20,24,1.6052227855330768e-14,0.0,1.320978794020618e-14,4.379291573080551e-13,0.004,0.17386833449056743,,,,
-2,2,2,1,schwarzschild-overtone-continuation,ell23-uniform-40,23,437,780,0.5602564102564103,0x1.1ed9ed9ed9edap-1,0.4660754805820692,-0.25666952042195995,3.2686288289817136,0.4402298485799456,true,4.181578051679711e-14,9.011216415125475e-16,1000,20,24,8.899114524108741e-15,0.0,0.0,1.2322655381288262e-13,0.004,0.17273666736107232,,,,
-2,2,2,1,schwarzschild-overtone-continuation,ell23-uniform-40,24,38,65,0.5846153846153846,0x1.2b52b52b52b53p-1,0.47434099665686463,-0.25499179366778585,3.2201196771389937,0.46012608787444764,true,2.8838457124632236e-14,2.2247786310271853e-16,1000,20,24,5.617333549722722e-15,0.0,0.0,9.205248691369666e-14,0.004,0.1715083784294908,,,,
-2,2,2,1,schwarzschild-overtone-continuation,ell23-uniform-40,25,95,156,0.6089743589743589,0x1.37cb7cb7cb7cbp-1,0.4830893352017359,-0.2531455091216941,3.1690405953167047,0.4798963948040128,true,1.2452327962373347e-14,5.061588988174682e-16,1000,20,24,1.3324526538729395e-14,0.0,7.135936359693696e-15,9.1329459021506e-14,0.004,0.1701693745506404,,,,
-2,2,2,1,schwarzschild-overtone-continuation,ell23-uniform-40,26,19,30,0.6333333333333333,0x1.4444444444444p-1,0.49237789567799256,-0.25110463781045855,3.1150986208751346,0.49947355605381516,true,9.377442109486236e-14,4.506008925723787e-16,1000,20,24,7.106294666405892e-15,4.214828324739676e-15,1.503778542040588e-14,1.8894678177176879e-13,0.004,0.1687025141790302,,,,
-2,2,2,1,schwarzschild-overtone-continuation,ell23-uniform-40,27,171,260,0.6576923076923077,0x1.50bd0bd0bd0bdp-1,0.5022747751452116,-0.24883726709546863,3.0579473166983777,0.5187713622906565,true,1.9830460439754656e-14,3.885780586188048e-16,1000,20,24,2.878391029134179e-14,0.0,7.440617056491718e-15,4.8907434999137956e-14,0.004,0.16708673117241338,,,,
-2,2,2,1,schwarzschild-overtone-continuation,ell23-uniform-40,28,133,195,0.6820512820512821,0x1.5d35d35d35d36p-1,0.5128615714821192,-0.2463038296318027,2.9971728307084256,0.5376782178805994,true,4.132114076689853e-13,4.596460756922437e-16,1000,20,24,7.119291619286993e-15,0.0,1.6000914815939443e-14,7.939957718803364e-14,0.004,0.16529584182803467,,,,
-2,2,2,1,schwarzschild-overtone-continuation,ell23-uniform-40,29,551,780,0.7064102564102565,0x1.69ae9ae9ae9afp-1,0.5242371777106667,-0.2434546532377285,2.932275069369487,0.5560481135759702,true,6.332165561495272e-14,1.5700924586837752e-16,1000,20,24,2.7012892057857038e-15,0.0,0.0,2.8990863350249393e-13,0.004,0.16329689381107368,,,,
-2,2,2,1,schwarzschild-overtone-continuation,ell23-uniform-40,30,19,26,0.7307692307692307,0x1.7627627627627p-1,0.536523032400966,-0.240226504357087,2.86264173580807,0.5736876287376597,true,6.42841181941564e-14,2.2729511820139823e-16,1000,20,24,2.2601697722453982e-14,0.0,4.501625803511715e-15,1.8492156784372017e-13,0.004,0.16104783744808177,,,,
-2,2,2,1,schwarzschild-overtone-continuation,ell23-uniform-40,31,589,780,0.7551282051282051,0x1.82a02a02a02a0p-1,0.54987057691521,-0.2365375985353558,2.787511635203269,0.5903367974556041,true,2.6612812438706157e-13,5.551115123125783e-17,1000,20,24,4.463041323674983e-15,1.2639609991879101e-14,1.4990503487047038e-14,2.995766241131043e-13,0.004,0.1584941672931276,,,,
-2,2,2,1,schwarzschild-overtone-continuation,ell23-uniform-40,32,152,195,0.7794871794871795,0x1.8f18f18f18f19p-1,0.5644721822655713,-0.23228019739623998,2.705921259448562,0.6056401904529765,true,1.412247327491074e-13,5.386030058153477e-16,1000,20,24,9.21150645214099e-15,0.0,9.591750280495123e-15,1.309641592823836e-13,0.004,0.15556394693579165,,,,
-2,2,2,1,schwarzschild-overtone-continuation,ell23-uniform-40,33,209,260,0.8038461538461539,0x1.9b91b91b91b92p-1,0.5805777735186111,-0.2273092494037439,2.6166242001741207,0.6191017876865548,true,4.7607859795046066e-14,1.457167719820518e-16,1000,20,24,1.0843872863719266e-14,2.272739340717841e-15,1.6335753826937262e-14,1.137943939091665e-13,0.004,0.15216019111178783,,,,
-2,2,2,1,schwarzschild-overtone-continuation,ell23-uniform-40,34,323,390,0.8282051282051283,0x1.a80a80a80a80bp-1,0.5985213110685255,-0.22142421322930692,2.5179640868844464,0.6300116874192796,true,3.7145215399000256e-14,6.069846772046872e-16,1000,20,24,2.157492150361093e-14,0.0,8.733837765916904e-15,6.615373613998199e-14,0.004,0.14814870589532397,,,,
-2,2,2,1,schwarzschild-overtone-continuation,ell23-uniform-40,35,133,156,0.8525641025641025,0x1.b483483483483p-1,0.6187654415895321,-0.21433837219392055,2.4076628567265024,0.6373208329456114,true,9.480862610828626e-14,1.7772239894833365e-16,1000,20,24,3.0201331455116262e-15,0.0,1.2869521460157639e-14,2.0684575272309606e-13,0.004,0.14333761309260593,,,,
-2,2,2,1,schwarzschild-overtone-continuation,ell23-uniform-40,36,57,65,0.8769230769230769,0x1.c0fc0fc0fc0fcp-1,0.6419824004754476,-0.20562327981162482,2.282442030445267,0.6394119858573761,true,1.045663306728348e-13,4.538614817478647e-16,1000,20,24,1.1757885593931518e-14,0.0,0.0,3.883323361515183e-13,0.004,0.13744036634091872,,,,
-2,2,2,1,schwarzschild-overtone-continuation,ell23-uniform-40,37,703,780,0.9012820512820513,0x1.cd74d74d74d75p-1,0.6692150518716952,-0.19459827643772973,2.1372787983116757,0.6336409144401923,true,7.862762182730106e-14,4.996485455209446e-16,1000,20,24,6.466036496704424e-15,0.0,1.1086433023786534e-14,2.4730077693453237e-13,0.004,0.13000233174097814,,,,
-2,2,2,1,schwarzschild-overtone-continuation,ell23-uniform-40,38,361,390,0.9256410256410257,0x1.d9ed9ed9ed9eep-1,0.7022418425634435,-0.18007980926846612,1.9637420703383772,0.615289659766528,true,2.361448549107066e-13,4.457260490768918e-16,1000,20,24,9.930136612989092e-16,0.0,1.2212453270876722e-14,2.013635161569378e-13,0.004,0.1202343853953159,,,,
-2,2,2,1,schwarzschild-overtone-continuation,ell23-uniform-40,39,19,20,0.95,0x1.e666666666666p-1,0.744582472105827,-0.1596868021342034,1.7454647938369572,0.5746522102718097,true,1.3055920664593373e-13,4.613190423717512e-16,1000,20,24,2.2315206618374916e-15,0.0,2.8491067950505684e-14,6.263271804931001e-13,0.004,0.10655196182102211,KerrQNMEFs-2/l2/s-2l2m2n1.dat,951,1.3237867502425469e-14,5.021596546264485e-14
-2,2,2,1,schwarzschild-overtone-continuation,ell23-supplemental-high,40,97,100,0.97,0x1.f0a3d70a3d70ap-1,0.7922716984964864,-0.13445331715891828,1.5056465768350615,0.5076222268166722,true,5.164103077105003e-13,5.721958498152797e-16,1000,20,24,1.7763568394002505e-15,2.125519008643306e-14,2.982762460655512e-14,4.693146872035311e-13,0.004,0.08966785304030683,KerrQNMEFs-2/l2/s-2l2m2n1.dat,971,2.5385914660597638e-14,9.811382020384426e-14
-2,2,2,1,schwarzschild-overtone-continuation,ell23-supplemental-high,41,49,50,0.98,0x1.f5c28f5c28f5cp-1,0.8248522466221353,-0.11591681871342778,1.3457080986498555,0.449921455102659,true,5.979512794274243e-13,4.1748851477261605e-16,1000,20,24,3.636721891222372e-15,0.0,3.099889014420266e-14,5.333694441429199e-13,0.004,0.07728877711009756,KerrQNMEFs-2/l2/s-2l2m2n1.dat,1071,1.0515078113608736e-14,4.262157614758353e-14
-2,2,2,1,schwarzschild-overtone-continuation,ell23-supplemental-high,42,99,100,0.99,0x1.fae147ae147aep-1,0.8706451641487618,-0.08817538328673949,1.126496544054159,0.353818113313719,true,6.635233765315632e-14,7.005212053145899e-16,1000,20,24,3.2023728339893768e-15,0.0,8.988865029292872e-15,6.729418842231567e-13,0.004,0.0587854800621601,KerrQNMEFs-2/l2/s-2l2m2n1.dat,1171,4.226236423136693e-15,1.7734487972259394e-14
-2,2,2,1,schwarzschild-overtone-continuation,ell23-supplemental-high,43,199,200,0.995,0x1.fd70a3d70a3d7p-1,0.9055682875874983,-0.06573828527605234,0.9638023548094452,0.2695621866507918,true,2.641021530622017e-13,2.4672134748494927e-16,1000,20,24,5.3705425095741715e-15,0.0,2.4251167159429488e-14,1.286618719885178e-12,0.004,0.043827690300241584,KerrQNMEFs-2/l2/s-2l2m2n1.dat,1221,7.540442081414867e-15,3.064255773173312e-14
-2,2,2,1,schwarzschild-overtone-continuation,ell23-supplemental-high,44,997,1000,0.997,0x1.fe76c8b439581p-1,0.9255383211337452,-0.05242639902900315,0.8725341755802765,0.21738846461898315,true,1.2948227994077862e-13,3.265015033462658e-16,1000,20,24,5.551392671943392e-15,5.611780842735302e-15,2.172359238554004e-14,1.0746893044697132e-12,0.004,0.034952723976756514,KerrQNMEFs-2/l2/s-2l2m2n1.dat,1241,2.8066088919804616e-15,1.157949841194319e-14
-2,2,2,1,schwarzschild-overtone-continuation,ell23-supplemental-high,45,999,1000,0.999,0x1.ff7ced916872bp-1,0.955846913891755,-0.03159164240618173,0.736492924439319,0.13303275893406613,true,7.134342913962401e-13,6.722137407118775e-16,1000,20,24,4.577566798522237e-16,0.0,0.0,1.8092916012615634e-13,0.004,0.021061054708058056,KerrQNMEFs-2/l2/s-2l2m2n1.dat,1351,6.569139216073568e-15,2.6851923594405756e-14
-2,2,2,2,schwarzschild-overtone-continuation,ell23-uniform-40,0,0,1,0.0,0x0.0p+0,0.3010534546123706,-0.47827698322306916,4.0,0.0,true,5.754040774116189e-14,7.217783939387125e-16,1000,20,24,0.0,0.0,0.0,2.3079825091418875e-13,0.004,0.2094002920823797,KerrQNMEFs-2/l2/s-2l2m2n2.dat,1,4.989831893063952e-15,0.0
-2,2,2,2,schwarzschild-overtone-continuation,ell23-uniform-40,1,19,780,0.02435897435897436,0x1.8f18f18f18f19p-6,0.30529551138433725,-0.4771658176210508,3.980227677549533,0.031122550081598567,true,6.397967831422592e-14,5.095246377785861e-16,1000,20,24,1.776370391875708e-15,0.0,1.6690311775283582e-15,2.2495748665956218e-13,0.004,0.20847933134516794,,,,
-2,2,2,2,schwarzschild-overtone-continuation,ell23-uniform-40,2,19,390,0.04871794871794872,0x1.8f18f18f18f19p-5,0.30964171999375023,-0.47601673238324593,3.9600024363212722,0.062356256803912574,true,3.5990409922268204e-14,1.0755285551056204e-15,1000,20,24,1.0659441999608839e-14,0.0,0.0,1.3795744059161302e-13,0.004,0.20754149731600016,,,,
-2,2,2,2,schwarzschild-overtone-continuation,ell23-uniform-40,3,19,260,0.07307692307692308,0x1.2b52b52b52b53p-4,0.3140967618036266,-0.47482741832605124,3.9392935777572053,0.09370274756206307,true,2.673093362339232e-13,8.015849160857455e-16,1000,20,24,1.2435613005176604e-14,0.0,0.0,2.7101087539174936e-13,0.004,0.20658590784165698,,,,
-2,2,2,2,schwarzschild-overtone-continuation,ell23-uniform-40,4,19,195,0.09743589743589744,0x1.8f18f18f18f19p-4,0.31866568583174665,-0.4735953652729852,3.9180682998635468,0.1251634110192223,true,9.185913115473676e-14,1.033406093538606e-15,1000,20,24,1.7817696036042146e-15,2.159233940399377e-15,6.987352464431301e-15,1.2008816015055487e-13,0.004,0.20561160681811044,,,,
-2,2,2,2,schwarzschild-overtone-continuation,ell23-uniform-40,5,19,156,0.12179487179487179,0x1.f2df2df2df2dfp-4,0.3233539492118384,-0.47231784021180173,3.896291481012909,0.15673934516721838,true,6.93067338409286e-14,3.7192730237993177e-16,1000,20,24,5.3579045697976356e-15,0.0,0.0,4.6990115742783485e-14,0.004,0.2046175571742727,,,,
-2,2,2,2,schwarzschild-overtone-continuation,ell23-uniform-40,6,19,130,0.14615384615384616,0x1.2b52b52b52b53p-3,0.3281674633613417,-0.4709918622116493,3.8739254344854714,0.18843129700578726,true,6.812428355015404e-14,2.618455766672135e-16,1000,20,24,1.1589473459373439e-14,0.0,0.0,2.0378033985578512e-13,0.004,0.20360263287984143,,,,
-2,2,2,2,schwarzschild-overtone-continuation,ell23-uniform-40,7,133,780,0.17051282051282052,0x1.5d35d35d35d36p-3,0.3331126468668853,-0.4696141734964323,3.850929628812588,0.2202395921946289,true,2.4534672903672638e-14,5.765966151911114e-16,1000,20,24,8.012857300239653e-15,0.0,3.055131238175915e-15,1.25519440721643e-13,0.004,0.2025656097929004,,,,
-2,2,2,2,schwarzschild-overtone-continuation,ell23-uniform-40,8,38,195,0.19487179487179487,0x1.8f18f18f18f19p-3,0.33819648631003996,-0.468181205933733,3.8272603679607,0.25216405264619635,true,7.201403262371514e-14,2.9052345828309734e-16,1000,20,24,6.24198150805748e-15,0.0,4.179587894466389e-15,1.0646014202759915e-13,0.004,0.20150515511855158,,,,
-2,2,2,2,schwarzschild-overtone-continuation,ell23-uniform-40,9,57,260,0.21923076923076923,0x1.c0fc0fc0fc0fcp-3,0.3434266065193964,-0.4666890420239784,3.802870424117295,0.2842038995335685,true,1.604927898102686e-13,8.651384424688857e-16,1000,20,24,9.930136612989092e-16,0.0,0.0,3.399531182602658e-14,0.004,0.2004198151911501,,,,
-2,2,2,2,schwarzschild-overtone-continuation,ell23-uniform-40,10,19,78,0.24358974358974358,0x1.f2df2df2df2dfp-3,0.3488113520639338,-0.4651333692514163,3.777708614243796,0.3163576385521273,true,7.54275423983873e-14,9.71445146547012e-16,1000,20,24,1.1102230246251565e-16,0.0,0.0,5.679525988368478e-14,0.004,0.1993080012161452,,,,
-2,2,2,2,schwarzschild-overtone-continuation,ell23-uniform-40,11,209,780,0.26794871794871794,0x1.1261261261261p-2,0.35435988221620507,-0.4635094263699931,3.7517193095468,0.3486229234474862,true,7.569115951003904e-14,8.296839822321556e-16,1000,20,24,7.191640501203643e-15,0.0,4.365661774537291e-15,3.855975745413706e-14,0.004,0.19816797250526053,,,,
-2,2,2,2,schwarzschild-overtone-continuation,ell23-uniform-40,12,19,65,0.2923076923076923,0x1.2b52b52b52b53p-2,0.36008228213653026,-0.461811939822383,3.7248418644679857,0.3809963927388496,true,3.789423922623494e-14,2.42861286636753e-16,1000,20,24,3.6905523389740094e-15,0.0,1.0341177711654675e-14,2.003920267382802e-13,0.004,0.19699781660223237,,,,
-2,2,2,2,schwarzschild-overtone-continuation,ell23-uniform-40,13,19,60,0.31666666666666665,0x1.4444444444444p-2,0.36598969369282564,-0.4600350479988017,3.6970099485354133,0.4134734731329389,true,2.4996907471726394e-13,3.7238012298709097e-16,1000,20,24,1.3323138880397957e-14,8.883518751103719e-15,9.79642074947752e-15,9.646477357975621e-14,0.004,0.19579542551165313,,,,
-2,2,2,2,schwarzschild-overtone-continuation,ell23-uniform-40,14,133,390,0.34102564102564104,0x1.5d35d35d35d36p-2,0.3720944701796069,-0.45817221039198713,3.6681507602323538,0.44604814120655467,true,1.1522810035317408e-13,3.189627710442956e-16,1000,20,24,2.9310728916085627e-15,0.0,5.7894165516189926e-15,6.314856435184248e-14,0.004,0.19455846699172133,,,,
-2,2,2,2,schwarzschild-overtone-continuation,ell23-uniform-40,15,19,52,0.36538461538461536,0x1.7627627627627p-2,0.37841036028921626,-0.4562160978376803,3.6381840966208254,0.4787126323473443,true,2.041289276166055e-13,3.122502256758253e-16,1000,20,24,1.0667388882858398e-14,0.0,0.0,3.5949288977368145e-14,0.004,0.19328434952563658,,,,
-2,2,2,2,schwarzschild-overtone-continuation,ell23-uniform-40,16,76,195,0.38974358974358975,0x1.8f18f18f18f19p-2,0.3849527280987647,-0.45415845886219874,3.6070212453892805,0.5114570824091816,true,6.302195447911835e-14,4.661470218455653e-16,1000,20,24,8.981148454337477e-15,0.0,7.327682229021407e-15,1.2670889338199948e-13,0.004,0.1919701791059808,,,,
-2,2,2,2,schwarzschild-overtone-continuation,ell23-uniform-40,17,323,780,0.41410256410256413,0x1.a80a80a80a80bp-2,0.3917388176689533,-0.45198995557265376,3.5745636567095795,0.5442690826646102,true,1.9805582170720156e-14,1.2118257228641695e-16,1000,20,24,3.0847422370805075e-15,0.0,5.020921489134356e-15,1.7326594536814535e-13,0.004,0.1906127052946859,,,,
-2,2,2,2,schwarzschild-overtone-continuation,ell23-uniform-40,18,57,130,0.43846153846153846,0x1.c0fc0fc0fc0fcp-2,0.3987880732506609,-0.44969996034903037,3.540701339991332,0.5771331218356941,true,2.3902562845986155e-14,4.545902364027965e-16,1000,20,24,1.787562503581584e-14,8.473409486550036e-16,2.7109682159298164e-15,8.427784809302063e-14,0.004,0.18920825307281025,,,,
-2,2,2,2,schwarzschild-overtone-continuation,ell23-uniform-40,19,361,780,0.46282051282051284,0x1.d9ed9ed9ed9eep-2,0.4061225292531017,-0.44727630158262494,3.5053109142119867,0.6100298793856644,true,1.59933782709568e-14,1.3095955923401825e-15,1000,20,24,1.9665682260847222e-14,0.0,1.30066785273941e-15,1.5628407259683557e-13,0.004,0.18775263564572017,,,,
-2,2,2,2,schwarzschild-overtone-continuation,ell23-uniform-40,20,19,39,0.48717948717948717,0x1.f2df2df2df2dfp-2,0.41376728831108495,-0.44470494248713155,3.4682532184172006,0.6429353205450749,true,1.0128739345248873e-13,2.6945789820192466e-16,1000,20,24,1.0019109251294436e-14,0.0,1.9349757288930597e-14,2.5344424492134834e-13,0.004,0.1862410414355619,,,,
-2,2,2,2,schwarzschild-overtone-continuation,ell23-uniform-40,21,133,260,0.5115384615384615,0x1.05e85e85e85e8p-1,0.42175111136303467,-0.44196957104672935,3.429370359026832,0.6758195237322384,true,2.1778489829741028e-14,4.0939474033052647e-16,1000,20,24,6.221212756561689e-15,0.0,1.1710090180710446e-14,1.0832704971253365e-13,0.004,0.18466788570095413,,,,
-2,2,2,2,schwarzschild-overtone-continuation,ell23-uniform-40,22,209,390,0.5358974358974359,0x1.1261261261261p-1,0.4301071511265592,-0.4390510706536591,3.3884820295886633,0.7086451420417123,true,6.214274414676049e-14,1.942890293094024e-16,1000,20,24,6.6018607235733855e-15,0.0,0.0,1.0173738755238984e-13,0.004,0.18302661316549151,,,,
-2,2,2,2,schwarzschild-overtone-continuation,ell23-uniform-40,23,437,780,0.5602564102564103,0x1.1ed9ed9ed9edap-1,0.4388738704437345,-0.4359268287126933,3.3453808820571806,0.7413653575529805,true,6.391491373448773e-14,3.48951172420846e-16,1000,20,24,2.7012892057857038e-15,0.0,0.0,4.458211666157576e-13,0.004,0.18130943210367453,,,,
-2,2,2,2,schwarzschild-overtone-continuation,ell23-uniform-40,24,38,65,0.5846153846153846,0x1.2b52b52b52b53p-1,0.4480962006741581,-0.4325698226106785,3.2998266499163504,0.773921122881216,true,3.4080866843723947e-13,2.423651445728339e-16,1000,20,24,1.2817187035862264e-14,1.6422765583542514e-14,1.9031178710463443e-14,1.5504247645047042e-13,0.004,0.17950695161863986,,,,
-2,2,2,2,schwarzschild-overtone-continuation,ell23-uniform-40,25,95,156,0.6089743589743589,0x1.37cb7cb7cb7cbp-1,0.4578270140897303,-0.4289473961530825,3.2515386127851036,0.8062373868171435,true,1.2254367958819208e-13,2.6945789820192466e-16,1000,20,24,8.042797661766892e-15,0.0,0.0,8.135715536486927e-14,0.004,0.17760768100440685,,,,
-2,2,2,2,schwarzschild-overtone-continuation,ell23-uniform-40,26,19,30,0.6333333333333333,0x1.4444444444444p-1,0.4681290102273467,-0.42501960052149784,3.200185834974663,0.8382178511557754,true,1.2076307738140587e-13,8.300030970468208e-16,1000,20,24,8.981148454337477e-15,0.0,1.776495611857741e-14,2.1488056172721357e-13,0.004,0.17559733113114429,,,,
-2,2,2,2,schwarzschild-overtone-continuation,ell23-uniform-40,27,171,260,0.6576923076923077,0x1.50bd0bd0bd0bdp-1,0.47907715273050794,-0.42073691526643237,3.145374384520514,0.8697375733329733,true,7.233237202289602e-14,5.928593550334434e-16,1000,20,24,8.95090418262362e-15,3.710952637038971e-15,1.1658531222549544e-14,3.498242105730635e-14,0.004,0.1734578298232636,,,,
-2,2,2,2,schwarzschild-overtone-continuation,ell23-uniform-40,28,133,195,0.6820512820512821,0x1.5d35d35d35d36p-1,0.49076184591270106,-0.4160370761998641,3.086630409180763,0.9006323643809799,true,2.0046729985187187e-13,6.58317845524286e-16,1000,20,24,6.6018607235733855e-15,1.0776886348399888e-14,1.2957306330560787e-14,1.1235544773529782e-13,0.004,0.17116592201947767,,,,
-2,2,2,2,schwarzschild-overtone-continuation,ell23-uniform-40,29,551,780,0.7064102564102565,0x1.69ae9ae9ae9afp-1,0.5032931191349707,-0.4108406012024146,3.0233774529303554,0.9306833513272685,true,3.557706174527505e-14,1.944128986425528e-16,1000,20,24,1.432144669219779e-14,0.0,1.1471483829047184e-14,4.082240392577815e-14,0.004,0.168691165049207,,,,
-2,2,2,2,schwarzschild-overtone-continuation,ell23-uniform-40,30,19,26,0.7307692307692307,0x1.7627627627627p-1,0.5168062119176073,-0.40504439336735354,2.954905635504845,0.9595941374298604,true,1.7960375411059396e-13,4.965068306494546e-16,1000,20,24,3.614624287906422e-15,0.0,1.461535979686703e-14,2.1275036704527415e-13,0.004,0.16599304066066603,,,,
-2,2,2,2,schwarzschild-overtone-continuation,ell23-uniform-40,31,589,780,0.7551282051282051,0x1.82a02a02a02a0p-1,0.5314691658556191,-0.39851246284042385,2.8803290846491225,0.9869564559932333,true,3.5153244630171976e-14,7.216449660063518e-16,1000,20,24,5.0242958677880805e-15,2.237726045655905e-15,5.081923866239545e-15,1.1957467920563633e-14,0.004,0.16301677397013242,,,,
-2,2,2,2,schwarzschild-overtone-continuation,ell23-uniform-40,32,152,195,0.7794871794871795,0x1.8f18f18f18f19p-1,0.5474934267344596,-0.39106224539002854,2.7985258752772584,1.0121976118568612,true,1.0722800431241156e-13,7.677126488674677e-16,1000,20,24,4.7467714928543955e-15,0.0,0.0,4.993585206445984e-14,0.004,0.15968724715670637,,,,
-2,2,2,2,schwarzschild-overtone-continuation,ell23-uniform-40,33,209,260,0.8038461538461539,0x1.9b91b91b91b92p-1,0.565149266616763,-0.3824439922577351,2.708050713005284,1.0344983900826659,true,5.429524106964552e-14,1.047382306668854e-15,1000,20,24,1.1717981964273215e-14,0.0,2.7907261682778695e-14,4.956043540508299e-13,0.004,0.15590005537392973,,,,
-2,2,2,2,schwarzschild-overtone-continuation,ell23-uniform-40,34,323,390,0.8282051282051283,0x1.a80a80a80a80bp-1,0.584789591410446,-0.3723087423345936,2.6070023455597413,1.0526613053617027,true,1.080189379365052e-13,2.7755575615628914e-16,1000,20,24,7.391117485641469e-15,7.498116225863147e-15,9.336440972175736e-15,1.798078767874318e-13,0.004,0.15150808971171206,,,,
-2,2,2,2,schwarzschild-overtone-continuation,ell23-uniform-40,35,133,156,0.8525641025641025,0x1.b483483483483p-1,0.6068897421941897,-0.36015609415300326,2.4928092315955768,1.0648904765575586,true,8.182125259347166e-14,7.147060721024445e-16,1000,20,24,8.62265274246159e-15,0.0,0.0,3.994459014010176e-13,0.004,0.1463005135789512,,,,
-2,2,2,2,schwarzschild-overtone-continuation,ell23-uniform-40,36,57,65,0.8769230769230769,0x1.c0fc0fc0fc0fcp-1,0.6321207485973143,-0.3452424848026447,2.361852254674063,1.0684001560250918,true,3.091467794797319e-13,5.24621221563795e-16,1000,20,24,3.2023728339893768e-15,0.0,0.0,5.978733960281817e-14,0.004,0.13996704819381567,,,,
-2,2,2,2,schwarzschild-overtone-continuation,ell23-uniform-40,37,703,780,0.9012820512820513,0x1.cd74d74d74d75p-1,0.6614995955655589,-0.32640184852982673,2.2087239554506186,1.0586487841779029,true,7.813730402160416e-14,4.819909745438293e-16,1000,20,24,2.3603665272841412e-15,0.0,0.0,2.1319901555164053e-13,0.004,0.13202920086953684,,,,
-2,2,2,2,schwarzschild-overtone-continuation,ell23-uniform-40,38,361,390,0.9256410256410257,0x1.d9ed9ed9ed9eep-1,0.6967400107204228,-0.30163933412459537,2.0245572162882977,1.0276141309123175,true,4.213000162292041e-14,3.8045456020772465e-16,1000,20,24,1.0329251542640534e-14,0.0,0.0,7.62906616993666e-14,0.004,0.12168396869299086,,,,
-2,2,2,2,schwarzschild-overtone-continuation,ell23-uniform-40,39,19,20,0.95,0x1.e666666666666p-1,0.7412388837912582,-0.26699789153430353,1.7924370043263302,0.9590054170831144,true,9.549467034528627e-14,8.316330200825415e-16,1000,20,24,3.614624287906422e-15,0.0,0.0,7.765373180547083e-14,0.004,0.10736316636097133,KerrQNMEFs-2/l2/s-2l2m2n2.dat,951,1.509301142324229e-14,5.2650797949824196e-14
-2,2,2,2,schwarzschild-overtone-continuation,ell23-supplemental-high,40,97,100,0.97,0x1.f0a3d70a3d70ap-1,0.7905164027443164,-0.22440997934565435,1.5382001340773863,0.846340540184777,true,3.4284147193408613e-13,5.403879419618045e-16,1000,20,24,3.794299872214038e-15,2.497508324207515e-14,2.7924385154475322e-14,1.5920211061366583e-13,0.004,0.08997378582096086,KerrQNMEFs-2/l2/s-2l2m2n2.dat,971,1.3978260114689063e-14,4.939032737263694e-14
-2,2,2,2,schwarzschild-overtone-continuation,ell23-supplemental-high,41,49,50,0.98,0x1.f5c28f5c28f5cp-1,0.8237788100670859,-0.193307220166285,1.3696066319427365,0.7497866775115276,true,4.3717081053522553e-13,4.445768331151997e-16,1000,20,24,2.318213734067276e-15,3.534566576236754e-14,3.921402178808678e-14,1.0222332664376138e-12,0.004,0.07739784559709734,KerrQNMEFs-2/l2/s-2l2m2n2.dat,1071,3.756464664555337e-14,1.4764901877608562e-13
-2,2,2,2,schwarzschild-overtone-continuation,ell23-supplemental-high,42,99,100,0.99,0x1.fae147ae147aep-1,0.8701676747222238,-0.14696556754962148,1.140131517763323,0.5895271523302512,true,4.3714644953331724e-13,6.800846163604443e-16,1000,20,24,6.280369834735101e-16,2.5606846407901026e-14,4.3298706856398015e-14,8.671915018882453e-14,0.004,0.058792123297394805,KerrQNMEFs-2/l2/s-2l2m2n2.dat,1171,2.223219874253422e-14,8.882124196294869e-14
-2,2,2,2,schwarzschild-overtone-continuation,ell23-supplemental-high,43,199,200,0.995,0x1.fd70a3d70a3d7p-1,0.9053681331939616,-0.10957192214298736,0.9712376287069542,0.4492342380947914,true,2.656102724482745e-13,2.3654021677082165e-16,1000,20,24,1.1322097734007351e-15,0.0,0.0,1.0292527918938558e-13,0.004,0.04383409383988195,KerrQNMEFs-2/l2/s-2l2m2n2.dat,1221,1.5336161152305187e-14,6.229944065230976e-14
-2,2,2,2,schwarzschild-overtone-continuation,ell23-supplemental-high,44,997,1000,0.997,0x1.fe76c8b439581p-1,0.9254436903024947,-0.08738914130134585,0.8771630704562028,0.36233287158768246,true,1.0501653522286883e-13,7.286354867560216e-16,1000,20,24,1.4895204919483639e-15,0.0,8.937392319826203e-15,6.365013076088461e-13,0.004,0.03496287033692289,KerrQNMEFs-2/l2/s-2l2m2n2.dat,1241,2.8251099593706336e-15,1.0644833181596219e-14
-2,2,2,2,schwarzschild-overtone-continuation,ell23-supplemental-high,45,999,1000,0.999,0x1.ff7ced916872bp-1,0.9558334160591584,-0.05265550734733003,0.7381001532533873,0.22172827620481747,true,7.710034580626209e-13,2.5760497597347125e-16,1000,20,24,2.756060177257249e-15,0.0,0.0,1.6714812303622693e-13,0.004,0.021063869265888005,KerrQNMEFs-2/l2/s-2l2m2n2.dat,1351,1.6295170562609485e-14,7.015311646768746e-14
-2,3,-3,0,schwarzschild-overtone-continuation,ell23-uniform-40,0,0,1,0.0,0x0.0p+0,0.5994432884374898,-0.09270304794494669,10.0,0.0,true,1.6881232242081456e-14,2.3714374201337736e-16,1000,20,24,0.0,0.0,1.967320211922957e-15,6.280683845376767e-14,0.004,,KerrQNMEFs-2/l3/s-2l3m-3n0.dat,1,9.424642647609475e-16,0.0
-2,3,-3,0,schwarzschild-overtone-continuation,ell23-uniform-40,1,19,780,0.02435897435897436,0x1.8f18f18f18f19p-6,0.5945838247176518,-0.09274660727688859,10.02886471180327,-0.004485773685756416,true,8.154964101727248e-14,1.1796119636642288e-16,1000,20,24,1.4210857362179718e-14,2.1954993657053e-15,4.330959421117982e-15,1.7863209010754457e-14,0.004,,,,,
-2,3,-3,0,schwarzschild-overtone-continuation,ell23-uniform-40,2,19,390,0.04871794871794872,0x1.8f18f18f18f19p-5,0.5898457999127995,-0.09278231240045684,10.057070586165311,-0.008910989953289076,true,2.9417348844303596e-14,3.189627710442956e-16,1000,20,24,4.6185282515665677e-14,0.0,0.0,7.095011382261189e-14,0.004,,,,,
-2,3,-3,0,schwarzschild-overtone-continuation,ell23-uniform-40,3,19,260,0.07307692307692308,0x1.2b52b52b52b53p-4,0.5852238179500309,-0.09281062714660496,10.084644837383445,-0.013276413316380856,true,8.637306805064693e-14,6.664589960562512e-16,1000,20,24,6.7501611254135e-14,9.289828890135277e-16,1.969326059598201e-15,7.299427216630781e-14,0.004,,,,,
-2,3,-3,0,schwarzschild-overtone-continuation,ell23-uniform-40,4,19,195,0.09743589743589744,0x1.8f18f18f18f19p-4,0.5807128299315534,-0.09283198094030597,10.111613015850764,-0.017582823713231943,true,2.081068564383056e-14,4.2327252813834093e-16,1000,20,24,2.8421712818535595e-14,0.0,6.108512888382123e-15,2.9464842184143094e-13,0.004,,,,,
-2,3,-3,0,schwarzschild-overtone-continuation,ell23-uniform-40,5,19,156,0.12179487179487179,0x1.f2df2df2df2dfp-4,0.57630810497176,-0.09284677196632463,10.137999142747889,-0.021831011965261216,true,7.346287952322076e-14,2.0595777971499126e-16,1000,20,24,3.552713678800501e-14,1.9806379537215682e-15,4.655330759269495e-15,1.2312808815117576e-13,0.004,,,,,
-2,3,-3,0,schwarzschild-overtone-continuation,ell23-uniform-40,6,19,130,0.14615384615384616,0x1.2b52b52b52b53p-3,0.5720052040379527,-0.09285536998788442,10.163825831216293,-0.026021775928592415,true,2.4231364644140748e-14,2.0014830212433605e-16,1000,20,24,1.7763634801261442e-14,0.0,0.0,2.748323853355586e-13,0.004,,,,,
-2,3,-3,0,schwarzschild-overtone-continuation,ell23-uniform-40,7,133,780,0.17051282051282052,0x1.5d35d35d35d36p-3,0.5677999564303378,-0.0928581188623451,10.189114395625829,-0.03015591723467801,true,8.695307554129864e-14,2.0595777971499126e-16,1000,20,24,7.105430745731983e-14,0.0,0.0,8.175343429780196e-14,0.004,,,,,
-2,3,-3,0,schwarzschild-overtone-continuation,ell23-uniform-40,8,38,195,0.19487179487179487,0x1.8f18f18f18f19p-3,0.5636884385875207,-0.09285533879202972,10.213884950322578,-0.03423423853309379,true,1.2841782284264615e-13,2.9052345828309734e-16,1000,20,24,7.105440910115233e-15,0.0,3.854828800208144e-15,9.190822908263762e-14,0.004,,,,,
-2,3,-3,0,schwarzschild-overtone-continuation,ell23-uniform-40,9,57,260,0.21923076923076923,0x1.c0fc0fc0fc0fcp-3,0.5596669549465504,-0.09284732834252889,10.238156499060754,-0.03825754116309775,true,1.2695670921804689e-13,4.695944831791985e-16,1000,20,24,3.197447129593142e-14,0.0,0.0,1.290917759688582e-14,0.004,,,,,
-2,3,-3,0,schwarzschild-overtone-continuation,ell23-uniform-40,10,19,78,0.24358974358974358,0x1.f2df2df2df2dfp-3,0.5557320206227432,-0.09283436625656476,10.261947016163033,-0.042226623191951404,true,2.4038315520734623e-14,4.371503159461554e-16,1000,20,24,3.907993917415531e-14,6.546139416680338e-16,6.938893903907228e-16,2.5892686026606905e-13,0.004,,,,,
-2,3,-3,0,schwarzschild-overtone-continuation,ell23-uniform-40,11,209,780,0.26794871794871794,0x1.1261261261261p-2,0.5518803457052844,-0.0928167130874821,10.28527352031723,-0.04614227776739105,true,3.9112638755904046e-14,2.306595211858756e-16,1000,20,24,3.5566146649215975e-15,0.0,1.9302102158617613e-15,2.5062531711346137e-14,0.004,,,,,
-2,3,-3,0,schwarzschild-overtone-continuation,ell23-uniform-40,12,19,65,0.2923076923076923,0x1.2b52b52b52b53p-2,0.5481088209909105,-0.09279461267333826,10.308152141804879,-0.0500052917395874,true,1.306860306154981e-13,5.129621610332541e-16,1000,20,24,1.0658177176412646e-14,0.0,4.0351681652475706e-15,6.53645161114467e-14,0.004,,,,,
-2,3,-3,0,schwarzschild-overtone-continuation,ell23-uniform-40,13,19,60,0.31666666666666665,0x1.4444444444444p-2,0.5444145050003227,-0.09276829346968375,10.33059818385618,-0.0538164445145073,true,1.983344373497597e-13,1.2118257228641695e-16,1000,20,24,3.557291483642623e-15,0.0,0.0,6.95393223220129e-14,0.004,,,,,
-2,3,-3,0,schwarzschild-overtone-continuation,ell23-uniform-40,14,133,390,0.34102564102564104,0x1.5d35d35d35d36p-2,0.5407946121413484,-0.09273796975679476,10.352626178741833,-0.05757650710614766,true,3.021112489366642e-14,2.5476231888929306e-16,1000,20,24,7.106525027514804e-15,0.0,0.0,7.189583493819847e-14,0.004,,,,,
-2,3,-3,0,schwarzschild-overtone-continuation,ell23-uniform-40,15,19,52,0.36538461538461536,0x1.7627627627627p-2,0.5372465018993579,-0.0927038427352275,10.374249939139537,-0.06128624135988034,true,2.322904965297169e-13,2.6558837364083264e-16,1000,20,24,1.7765324714696405e-14,0.0,0.0,7.919867595255978e-14,0.004,,,,,
-2,3,-3,0,schwarzschild-overtone-continuation,ell23-uniform-40,16,76,195,0.38974358974358975,0x1.8f18f18f18f19p-2,0.5337676689498012,-0.0926661015216035,10.395482605248644,-0.06494639932297995,true,1.6888532234743554e-13,2.396682302503803e-16,1000,20,24,4.2633657368779885e-14,0.0,0.0,1.1013971978284077e-13,0.004,,,,,
-2,3,-3,0,schwarzschild-overtone-continuation,ell23-uniform-40,17,323,780,0.41410256410256413,0x1.a80a80a80a80bp-2,0.5303557341000503,-0.0926249240552331,10.416336688072732,-0.06855772274185039,true,2.5987994698205993e-13,3.356589068483857e-16,1000,20,24,2.1316282072803006e-14,0.0,0.0,2.0820835011802347e-13,0.004,,,,,
-2,3,-3,0,schwarzschild-overtone-continuation,ell23-uniform-40,18,57,130,0.43846153846153846,0x1.c0fc0fc0fc0fcp-2,0.5270084359785416,-0.0925804779248388,10.436824109240781,-0.07212094266829042,true,1.5492286158391627e-13,5.689893001203927e-16,1000,20,24,1.776434900241503e-14,0.0,0.0,3.692617802329478e-13,0.004,,,,,
-2,3,-3,0,schwarzschild-overtone-continuation,ell23-uniform-40,19,361,780,0.46282051282051284,0x1.d9ed9ed9ed9eep-2,0.5237236233984394,-0.09253292112356379,10.45695623769751,-0.07563677915958476,true,1.0821229403772602e-13,1.4655364458042814e-15,1000,20,24,3.563539207208429e-15,0.0,0.0,2.9126971358518156e-13,0.004,,,,,
-2,3,-3,0,schwarzschild-overtone-continuation,ell23-uniform-40,20,19,39,0.48717948717948717,0x1.f2df2df2df2dfp-2,0.5204992483312904,-0.09248240273933143,10.476743923556569,-0.07910594105914746,true,9.416890490398463e-14,3.3766115072321297e-16,1000,20,24,1.0658177176412646e-14,0.0,3.6905523389740094e-15,3.6156744224191094e-13,0.004,,,,,
-2,3,-3,0,schwarzschild-overtone-continuation,ell23-uniform-40,21,133,260,0.5115384615384615,0x1.05e85e85e85e8p-1,0.5173333594331643,-0.09242906358704503,10.496197529377387,-0.08252912584639949,true,2.4109586433866977e-13,7.850462293418876e-16,1000,20,24,2.1316571191421636e-14,0.0,0.0,6.118124708825166e-14,0.004,,,,,
-2,3,-3,0,schwarzschild-overtone-continuation,ell23-uniform-40,22,209,390,0.5358974358974359,0x1.1261261261261p-1,0.5142240960720432,-0.09237303678811633,10.515326959101255,-0.0859070195458699,true,6.135506694409735e-14,1.1295700899707568e-16,1000,20,24,1.0661067980367813e-14,0.0,2.095545958979983e-15,1.390453173623005e-13,0.004,,,,,
-2,3,-3,0,schwarzschild-overtone-continuation,ell23-uniform-40,23,437,780,0.5602564102564103,0x1.1ed9ed9ed9edap-1,0.5111696828106511,-0.09231444830242184,10.534141684854085,-0.08924029668698469,true,1.2164153895454678e-13,4.742874840267547e-16,1000,20,24,2.4869057705936192e-14,0.0,0.0,1.056381729323389e-13,0.004,,,,,
-2,3,-3,0,schwarzschild-overtone-continuation,ell23-uniform-40,24,38,65,0.5846153846153846,0x1.2b52b52b52b53p-1,0.5081684243037776,-0.09225341741697762,10.552650771805414,-0.09252962030691642,true,1.4530609804216884e-13,2.2336880404788363e-16,1000,20,24,2.1316571191421636e-14,0.0,6.084044966890442e-15,2.901639612602478e-13,0.004,,,,,
-2,3,-3,0,schwarzschild-overtone-continuation,ell23-uniform-40,25,95,156,0.6089743589743589,0x1.37cb7cb7cb7cbp-1,0.5052187005732696,-0.09219005719540795,10.57086290125064,-0.09577564199005567,true,3.1106063782808445e-13,2.265790592267349e-16,1000,20,24,3.197453152923794e-14,9.981140015664637e-15,1.3658027769537551e-14,9.066671524188274e-13,0.004,,,,,
-2,3,-3,0,schwarzschild-overtone-continuation,ell23-uniform-40,26,19,30,0.6333333333333333,0x1.4444444444444p-1,0.50231896262776,-0.09212447489161517,10.588786392069386,-0.09897900193827594,true,3.609164127254669e-13,2.706168622523819e-16,1000,20,24,7.105644194726877e-15,8.612025567737775e-15,8.756697161476533e-15,2.1217056241721433e-13,0.004,,,,,
-2,3,-3,0,schwarzschild-overtone-continuation,ell23-uniform-40,27,171,260,0.6576923076923077,0x1.50bd0bd0bd0bdp-1,0.4994677283972266,-0.09205677233067998,10.606429220695878,-0.10214032906684548,true,1.463804533496171e-13,5.551223542284261e-16,1000,20,24,4.26326454606914e-14,3.4582155199852684e-15,1.0868505390809879e-14,2.8094671308577145e-13,0.004,,,,,
-2,3,-3,0,schwarzschild-overtone-continuation,ell23-uniform-40,28,133,195,0.6820512820512821,0x1.5d35d35d35d36p-1,0.49666357895591384,-0.09198704626027808,10.623799039725043,-0.10526024112208912,true,2.2482145088986925e-13,3.1835838817813215e-16,1000,20,24,3.1974435155893043e-14,5.201208990593947e-15,1.0522438524544688e-14,9.473995661601641e-14,0.004,,,,,
-2,3,-3,0,schwarzschild-overtone-continuation,ell23-uniform-40,29,551,780,0.7064102564102565,0x1.69ae9ae9ae9afp-1,0.4939051550090328,-0.09191538867448082,10.640903195265526,-0.10833934481626256,true,2.1243298745557268e-13,5.551115123125783e-16,1000,20,24,5.551115123125783e-17,0.0,0.0,1.9378783086934605e-13,0.004,,,,,
-2,3,-3,0,schwarzschild-overtone-continuation,ell23-uniform-40,30,19,26,0.7307692307692307,0x1.7627627627627p-1,0.49119115362160476,-0.09184188711270555,10.657748743140957,-0.11137823597677723,true,2.5688209734616373e-13,4.2480540932182583e-16,1000,20,24,4.440892098500626e-16,0.0,0.0,2.2546615176861297e-13,0.004,,,,,
-2,3,-3,0,schwarzschild-overtone-continuation,ell23-uniform-40,31,589,780,0.7551282051282051,0x1.82a02a02a02a0p-1,0.48852032516958716,-0.0917666249358025,10.674342464029726,-0.11437749970677633,true,1.8395856144087796e-13,5.678457721415499e-16,1000,20,24,3.553147333202946e-15,0.0,9.286303849750064e-15,6.453037983114209e-13,0.004,,,,,
-2,3,-3,0,schwarzschild-overtone-continuation,ell23-uniform-40,32,152,195,0.7794871794871795,0x1.8f18f18f18f19p-1,0.485891470495243,-0.0916896815810402,10.690690877628017,-0.11733771055438091,true,1.0992262044397522e-13,3.151090695224662e-16,1000,20,24,5.684515355781502e-14,0.0,3.327545106571975e-15,6.947264377701812e-14,0.004,,,,,
-2,3,-3,0,schwarzschild-overtone-continuation,ell23-uniform-40,33,209,260,0.8038461538461539,0x1.9b91b91b91b92p-1,0.4833034382503808,-0.09161113279775608,10.706800255909142,-0.1202594326884604,true,5.158321270830727e-14,2.973419269284548e-16,1000,20,24,2.8426100110059217e-14,0.0,8.868590499107719e-15,6.703246762680667e-13,0.004,,,,,
-2,3,-3,0,schwarzschild-overtone-continuation,ell23-uniform-40,34,323,390,0.8282051282051283,0x1.a80a80a80a80bp-1,0.48075512241293844,-0.0915310508655119,10.72267663555051,-0.123143220079372,true,5.51815466814143e-14,3.576728904403046e-16,1000,20,24,2.4870544563620814e-14,0.0,2.5525175593116274e-14,8.79083536574957e-13,0.004,,,,,
-2,3,-3,0,schwarzschild-overtone-continuation,ell23-uniform-40,35,133,156,0.8525641025641025,0x1.b483483483483p-1,0.47824545996284873,-0.09144950479575185,10.73832582958732,-0.12598961668253114,true,3.257714464178731e-13,9.992549308008016e-16,1000,20,24,2.7755575615628914e-16,6.570102969477723e-15,1.2262319384973861e-14,5.827973406020862e-13,0.004,,,,,
-2,3,-3,0,schwarzschild-overtone-continuation,ell23-uniform-40,36,57,65,0.8769230769230769,0x1.c0fc0fc0fc0fcp-1,0.4757734287055549,-0.09136656051881503,10.753753438353755,-0.12879915662410416,true,8.385382726526664e-13,4.089976194700696e-16,1000,20,24,7.105644194726877e-15,0.0,0.0,1.2358133809389988e-13,0.004,,,,,
-2,3,-3,0,schwarzschild-overtone-continuation,ell23-uniform-40,37,703,780,0.9012820512820513,0x1.cd74d74d74d75p-1,0.4733380452314497,-0.09128228105720822,10.768964859760647,-0.1315723643873176,true,3.2482082499664316e-13,9.226380847435024e-16,1000,20,24,5.551115123125783e-17,6.25806681277258e-15,8.357885465529113e-15,5.963693162773238e-13,0.004,,,,,
-2,3,-3,0,schwarzschild-overtone-continuation,ell23-uniform-40,38,361,390,0.9256410256410257,0x1.d9ed9ed9ed9eep-1,0.4709383630013274,-0.09119672668637385,10.783965298958906,-0.134309754998575,true,1.9590445721204344e-12,1.1188630228279524e-16,1000,20,24,1.4211830463658726e-14,2.2783794471389877e-14,3.9678420431105954e-14,1.6755200458142043e-12,0.004,,,,,
-2,3,-3,0,schwarzschild-overtone-continuation,ell23-uniform-40,39,19,20,0.95,0x1.e666666666666p-1,0.46857347054840276,-0.09110995508415284,10.798759777431728,-0.13701183421287547,true,1.4794165344118797e-12,4.67861064036923e-16,1000,20,24,5.329559109581772e-14,0.0,2.855945218747512e-14,3.4822797154027054e-12,0.004,,KerrQNMEFs-2/l3/s-2l3m-3n0.dat,951,7.547730611448495e-15,1.2963012719415174e-14
-2,3,-3,0,schwarzschild-overtone-continuation,ell23-supplemental-high,40,97,100,0.97,0x1.f0a3d70a3d70ap-1,0.4666571595653617,-0.0910378399348108,10.810756261029958,-0.1392043344513561,true,3.4311287654584303e-12,4.440892098500626e-16,1000,20,24,2.1316354352825292e-14,0.0,0.0,1.1924277405098488e-12,0.004,,KerrQNMEFs-2/l3/s-2l3m-3n0.dat,971,2.2612572384670954e-14,2.1279894101899566e-14
-2,3,-3,0,schwarzschild-overtone-continuation,ell23-supplemental-high,41,49,50,0.98,0x1.f5c28f5c28f5cp-1,0.46570742925672287,-0.09100149784460289,10.816704477447178,-0.14029186820343326,true,1.2720811196145714e-12,2.9164514471278176e-16,1000,20,24,5.684385254002266e-14,0.0,0.0,3.1127454229951216e-12,0.004,,KerrQNMEFs-2/l3/s-2l3m-3n0.dat,981,2.2935113330170604e-14,2.3803347352315634e-14
-2,3,-3,0,schwarzschild-overtone-continuation,ell23-supplemental-high,42,99,100,0.99,0x1.fae147ae147aep-1,0.4647632388795071,-0.090964970867764,10.822619768899381,-0.14137363569502315,true,1.3235575089744214e-12,4.518280359883027e-16,1000,20,24,3.907988989231917e-14,0.0,0.0,1.8111393206685969e-12,0.004,,KerrQNMEFs-2/l3/s-2l3m-3n0.dat,991,6.339239947142579e-14,9.712624580305747e-14
-2,3,-3,0,schwarzschild-overtone-continuation,ell23-supplemental-high,43,199,200,0.995,0x1.fd70a3d70a3d7p-1,0.46429320345261277,-0.09094663914775145,10.825565165857375,-0.1419123674713674,true,6.6104345877900225e-12,4.861313004101529e-16,1000,20,24,4.619278322960845e-14,0.0,0.0,1.2949857249356847e-11,0.004,,KerrQNMEFs-2/l3/s-2l3m-3n0.dat,996,5.2424266937912785e-14,8.190017127439721e-14
-2,3,-3,0,schwarzschild-overtone-continuation,ell23-supplemental-high,44,997,1000,0.997,0x1.fe76c8b439581p-1,0.46410557154490606,-0.0909392938613401,10.826741050536766,-0.14212745979179836,true,9.372945474395999e-12,4.3972502794563197e-16,1000,20,24,7.119291619286993e-15,7.123299096646291e-14,2.2789690949939324e-13,3.16059640324183e-11,0.004,,KerrQNMEFs-2/l3/s-2l3m-3n0.dat,998,1.93351005522313e-14,4.384735319108405e-14
-2,3,-3,0,schwarzschild-overtone-continuation,ell23-supplemental-high,45,999,1000,0.999,0x1.ff7ced916872bp-1,0.4639181574044971,-0.09093194141656921,10.82791563943414,-0.1423423237119313,true,5.3585234990615696e-11,9.907949785259644e-15,1425,20,24,3.552752709864308e-14,0.0,1.413671391237149e-13,2.7774060340316644e-11,0.004,,KerrQNMEFs-2/l3/s-2l3m-3n0.dat,1000,5.843472335564037e-13,9.161290411544596e-13
-2,3,-3,1,schwarzschild-overtone-continuation,ell23-uniform-40,0,0,1,0.0,0x0.0p+0,0.5826438030332962,-0.28129811343504457,10.0,0.0,true,1.8115356374411762e-14,7.677126488674677e-16,1000,20,24,0.0,0.0,0.0,9.971755968890762e-14,0.004,0.189341811116985,KerrQNMEFs-2/l3/s-2l3m-3n1.dat,1,3.2671507653874523e-15,0.0
-2,3,-3,1,schwarzschild-overtone-continuation,ell23-uniform-40,1,19,780,0.02435897435897436,0x1.8f18f18f18f19p-6,0.5774897610112798,-0.2814973358288032,10.02805872464735,-0.01361770235985612,true,2.5791606354153636e-14,4.531581184534698e-16,1000,20,24,2.131628320218024e-14,0.0,0.0,2.8086667748613607e-14,0.004,0.18952320317807014,,,,
-2,3,-3,1,schwarzschild-overtone-continuation,ell23-uniform-40,2,19,390,0.04871794871794872,0x1.8f18f18f18f19p-5,0.5724612835818491,-0.28167226701714076,10.055483827965897,-0.027063750316734816,true,3.139494000676531e-13,6.530306561991892e-16,1000,20,24,5.684352728092187e-14,0.0,0.0,2.955339453317584e-13,0.004,0.18968826100513966,,,,
-2,3,-3,1,schwarzschild-overtone-continuation,ell23-uniform-40,3,19,260,0.07307692307692308,0x1.2b52b52b52b53p-4,0.5675528970807109,-0.2818243091831492,10.082302956907903,-0.040340397116309976,true,2.9500261595162694e-13,3.469446951953614e-17,1000,20,24,2.842204824156345e-14,0.0,0.0,2.8649089494034565e-13,0.004,0.18983791360363614,,,,
-2,3,-3,1,schwarzschild-overtone-continuation,ell23-uniform-40,4,19,195,0.09743589743589744,0x1.8f18f18f18f19p-4,0.5627594763308182,-0.28195476077594495,10.108542040531413,-0.053449938073606845,true,9.41511019158486e-14,2.0816681711721685e-17,1000,20,24,5.684358826714503e-14,0.0,9.322733854954092e-15,6.363575243978495e-13,0.004,0.18997302113266662,,,,
-2,3,-3,1,schwarzschild-overtone-continuation,ell23-uniform-40,5,19,156,0.12179487179487179,0x1.f2df2df2df2dfp-4,0.5580762154619873,-0.2820648260090493,10.134225429388207,-0.06639469723884045,true,6.098106515314282e-14,4.652682298944613e-16,1000,20,24,7.107378653578542e-15,3.17774068866721e-15,3.7142726579553426e-15,2.2644195468014704e-14,0.004,0.19009438121841488,,,,
-2,3,-3,1,schwarzschild-overtone-continuation,ell23-uniform-40,6,19,130,0.14615384615384616,0x1.2b52b52b52b53p-3,0.5534986017318652,-0.28215562332210564,10.159376020916554,-0.07917701612153925,true,2.238808705448785e-13,6.6973807122470445e-16,1000,20,24,3.552822097363439e-15,4.680087186316848e-15,1.3358825150097473e-14,4.143314249337268e-13,0.004,0.19020273457896453,,,,
-2,3,-3,1,schwarzschild-overtone-continuation,ell23-uniform-40,7,133,780,0.17051282051282052,0x1.5d35d35d35d36p-3,0.5490223919843055,-0.28222819293795903,10.184015372505412,-0.09179924416514024,true,2.1056057990625314e-13,3.64275408404521e-16,1000,20,24,3.552822097363439e-15,0.0,8.176737931803353e-15,8.614469919108595e-13,0.004,0.19029877004838577,,,,
-2,3,-3,1,schwarzschild-overtone-continuation,ell23-uniform-40,8,38,195,0.19487179487179487,0x1.8f18f18f18f19p-3,0.5446435914317204,-0.2822835036281292,10.208163803666995,-0.1042637307133058,true,9.336440972175736e-14,7.447602459741819e-16,1000,20,24,6.394971357426492e-14,0.0,0.0,1.2909177596885819e-13,0.004,0.19038312907492688,,,,
-2,3,-3,1,schwarzschild-overtone-continuation,ell23-uniform-40,9,57,260,0.21923076923076923,0x1.c0fc0fc0fc0fcp-3,0.5403584344910165,-0.282322458783656,10.231840488562531,-0.1165728182498324,true,9.286881218569194e-14,4.454424009010536e-16,1000,20,24,4.263257318062316e-14,0.0,1.1097788465619195e-14,1.4184253854885349e-13,0.004,0.19045640975788636,,,,
-2,3,-3,1,schwarzschild-overtone-continuation,ell23-uniform-40,10,19,78,0.24358974358974358,0x1.f2df2df2df2dfp-3,0.5361633674384741,-0.2823459018747048,10.255063539962727,-0.1287288367277282,true,4.1682829260262867e-13,3.433175098891678e-16,1000,20,24,1.0660453750117863e-14,9.166570370519273e-15,1.0842878228087316e-14,4.7307487653774326e-14,0.004,0.19051917047843706,,,,
-2,3,-3,1,schwarzschild-overtone-continuation,ell23-uniform-40,11,209,780,0.26794871794871794,0x1.1261261261261p-2,0.532055032680242,-0.2823546213710682,10.277850085583795,-0.14073409883116272,true,6.466036496704424e-15,4.454424009010536e-16,1000,20,24,6.394923171135289e-14,0.0,1.1226435567921847e-15,3.944482259048148e-13,0.004,0.19057193317237986,,,,
-2,3,-3,1,schwarzschild-overtone-continuation,ell23-uniform-40,12,19,65,0.2923076923076923,0x1.2b52b52b52b53p-2,0.5280302544607978,-0.28234935518585375,10.300216337621741,-0.15259089603745232,true,2.116722231400807e-13,2.6558837364083264e-16,1000,20,24,2.842366092731745e-14,0.0,8.694542048499867e-15,1.837907069510418e-13,0.004,0.19061518628611468,,,,
-2,3,-3,1,schwarzschild-overtone-continuation,ell23-uniform-40,13,19,60,0.31666666666666665,0x1.4444444444444p-2,0.5240860258546456,-0.28233079469657113,10.322177656205957,-0.16430149536596167,true,5.153157306157295e-14,7.948290193542402e-16,1000,20,24,6.395291787027928e-14,0.0,1.445306140580971e-14,7.472389202304709e-13,0.004,0.19064938745186127,,,,
-2,3,-3,1,schwarzschild-overtone-continuation,ell23-uniform-40,14,133,390,0.34102564102564104,0x1.5d35d35d35d36p-2,0.5202194969055353,-0.2822995883907022,10.343748607404288,-0.17586813671730256,true,1.6683811627060346e-13,1.4752290795525882e-16,1000,20,24,2.4884851026246757e-14,0.0,0.0,2.3199145514157095e-13,0.004,0.19067496591339395,,,,
-2,3,-3,1,schwarzschild-overtone-continuation,ell23-uniform-40,15,19,52,0.36538461538461536,0x1.7627627627627p-2,0.5164279637939541,-0.28225634517685727,10.364943016335895,-0.1872930307201423,true,1.1701392537608974e-13,4.793364605007606e-16,1000,20,24,1.422645865968639e-14,0.0,0.0,7.319932023924415e-14,0.004,0.1906923247294715,,,,
-2,3,-3,1,schwarzschild-overtone-continuation,ell23-uniform-40,16,76,195,0.38974358974358975,0x1.8f18f18f18f19p-2,0.5127088589281091,-0.2822016373974154,10.385774015885174,-0.1985783570147015,true,4.898688471093378e-14,4.85722573273506e-17,1000,20,24,1.0667388882858398e-14,0.0,0.0,3.161319464651838e-13,0.004,0.1907018427788806,,,,
-2,3,-3,1,schwarzschild-overtone-continuation,ell23-uniform-40,17,323,780,0.41410256410256413,0x1.a80a80a80a80bp-2,0.5090597418659204,-0.2821360035741324,10.40625409144973,-0.20972626291191693,true,6.761978277018709e-14,6.429251234118251e-16,1000,20,24,4.974802710516532e-14,0.0,1.0128769768415847e-14,2.4195649505285395e-13,0.004,0.19070387658790444,,,,
-2,3,-3,1,schwarzschild-overtone-continuation,ell23-uniform-40,18,57,130,0.43846153846153846,0x1.c0fc0fc0fc0fcp-2,0.5054782909863165,-0.28205995091431685,10.42639512210921,-0.2207388623756974,true,3.130161149627789e-13,6.758924343478424e-16,1000,20,24,3.1977506913340456e-14,0.0,0.0,4.4779080963503806e-13,0.004,0.1906987619984896,,,,
-2,3,-3,1,schwarzschild-overtone-continuation,ell23-uniform-40,19,361,780,0.46282051282051284,0x1.d9ed9ed9ed9eep-2,0.5019622958371155,-0.2819739576018261,10.446208418556463,-0.23161823528281633,true,3.1791949213824893e-14,7.196405783762668e-16,1000,20,24,1.7763655129964547e-14,0.0,9.268866325458892e-15,5.850853008870364e-13,0.004,0.19068681569314,,,,
-2,3,-3,1,schwarzschild-overtone-continuation,ell23-uniform-40,20,19,39,0.48717948717948717,0x1.f2df2df2df2dfp-2,0.4985096500954175,-0.2818784748942274,10.465704758096521,-0.24236642692100163,true,1.7836471469059732e-13,1.5959455978986625e-16,1000,20,24,2.1330444276616993e-14,0.0,8.52380912303998e-15,5.763109439707257e-13,0.004,0.1906683365907346,,,,
-2,3,-3,1,schwarzschild-overtone-continuation,ell23-uniform-40,21,133,260,0.5115384615384615,0x1.05e85e85e85e8p-1,0.495118345082947,-0.28177392904498105,10.48489441698495,-0.25298544769103815,true,6.641917943803734e-14,7.299043573415075e-16,1000,20,24,3.908237361949993e-14,0.0,0.0,1.1205929280757741e-13,0.004,0.19064360712561082,,,,
-2,3,-3,1,schwarzschild-overtone-continuation,ell23-uniform-40,22,209,390,0.5358974358974359,0x1.1261261261261p-1,0.4917864637853725,-0.2816607230672235,10.503787200349151,-0.26347727298296747,true,4.618495756665443e-13,6.245004513516506e-17,1000,20,24,2.1317438523750435e-14,0.0,8.852766914415002e-15,2.5971626398255105e-13,0.004,0.19061289442094298,,,,
-2,3,-3,1,schwarzschild-overtone-continuation,ell23-uniform-40,23,437,780,0.5602564102564103,0x1.1ed9ed9ed9edap-1,0.4885121753297342,-0.2815392383538804,10.522392469908443,-0.2738438432003263,true,3.1535993965061456e-13,6.742162969878415e-16,1000,20,24,3.908379282130869e-14,2.3972849129904254e-15,1.75732032930439e-14,6.591087315448241e-13,0.004,0.19057645136602364,,,,
-2,3,-3,1,schwarzschild-overtone-continuation,ell23-uniform-40,24,38,65,0.5846153846153846,0x1.2b52b52b52b53p-1,0.48529372987919656,-0.2814098361670523,10.54071916969017,-0.28408706390942645,true,2.2912636351516743e-13,5.027227436193981e-16,1000,20,24,5.684873120321881e-14,4.742874840267547e-15,2.0811648092094454e-14,6.714548082253559e-13,0.004,0.1905345176060536,,,,
-2,3,-3,1,schwarzschild-overtone-continuation,ell23-uniform-40,25,95,156,0.6089743589743589,0x1.37cb7cb7cb7cbp-1,0.48212945390801704,-0.2812728590082853,10.5587758499151,-0.29420880609365546,true,2.195597892537493e-13,6.722137407118775e-16,1000,20,24,3.595820250601821e-15,0.0,1.3207688315629585e-14,6.646376262761846e-13,0.004,0.1904873204519837,,,,
-2,3,-3,1,schwarzschild-overtone-continuation,ell23-uniform-40,26,19,30,0.6333333333333333,0x1.4444444444444p-1,0.47901774582362117,-0.28112863187996756,10.576570689209358,-0.30421090649496624,true,7.240441154704174e-13,9.80915185026648e-16,1000,20,24,1.0658719261875218e-14,1.5541635367787703e-14,1.6222938066341745e-14,6.276129153383331e-13,0.004,0.1904350757172408,,,,
-2,3,-3,1,schwarzschild-overtone-continuation,ell23-uniform-40,27,171,260,0.6576923076923077,0x1.50bd0bd0bd0bdp-1,0.4759570719059343,-0.280977463446942,10.594111515285796,-0.31409516802685816,true,1.8004627510239427e-13,1.2118257228641695e-16,1000,20,24,2.487791558697111e-14,0.0,1.1362306874929765e-14,1.592597031263473e-13,0.004,0.19037798848737117,,,,
-2,3,-3,1,schwarzschild-overtone-continuation,ell23-uniform-40,28,133,195,0.6820512820512821,0x1.5d35d35d35d36p-1,0.47294596253674465,-0.28081964710661633,10.611405824220705,-0.3238633602450286,true,6.824540119616012e-14,1.0065223787856362e-15,1000,20,24,7.105739600966012e-14,0.0,9.170099432602311e-15,1.2108660536848836e-13,0.004,0.19031625382767323,,,,
-2,3,-3,1,schwarzschild-overtone-continuation,ell23-uniform-40,29,551,780,0.7064102564102565,0x1.69ae9ae9ae9afp-1,0.4699830086941205,-0.2806554619750781,10.628460798441223,-0.33351721986375005,true,7.015913835071041e-13,5.552849575635886e-16,1000,20,24,8.171611024407124e-14,1.9859730164207388e-14,2.769628188320296e-14,1.0065323822509608e-12,0.004,0.19025005743449044,,,,
-2,3,-3,1,schwarzschild-overtone-continuation,ell23-uniform-40,30,19,26,0.7307692307692307,0x1.7627627627627p-1,0.4670668586902001,-0.2804851737956071,10.645283323527995,-0.343058451306808,true,8.0902280132384e-14,7.683082245783184e-16,1000,20,24,2.4958297582903878e-14,0.0,0.0,6.456269064396113e-13,0.004,0.1901795762337922,,,,
-2,3,-3,1,schwarzschild-overtone-continuation,ell23-uniform-40,31,589,780,0.7551282051282051,0x1.82a02a02a02a0p-1,0.4641962151310956,-0.28030903577629296,10.6618800039247,-0.352488727284485,true,5.275278880532394e-13,2.2473876566261383e-16,1000,20,24,7.160723346098895e-15,0.0,0.0,8.774555507236292e-14,0.004,0.19010497893192838,,,,
-2,3,-3,1,schwarzschild-overtone-continuation,ell23-uniform-40,32,152,195,0.7794871794871795,0x1.8f18f18f18f19p-1,0.46136983208104915,-0.2801272893619246,10.67825717764123,-0.36180968938797087,true,1.1289470952168296e-12,7.438546047598635e-16,1000,20,24,3.614624287906422e-15,0.0,0.0,4.291142830765593e-13,0.004,0.19002642652194168,,,,
-2,3,-3,1,schwarzschild-overtone-continuation,ell23-uniform-40,33,209,260,0.8038461538461539,0x1.9b91b91b91b92p-1,0.4585865124135411,-0.27994016494581986,10.694420930025888,-0.37102294869494923,true,3.1459575516689374e-13,5.2186064346577e-16,1000,20,24,9.951166234788444e-14,0.0,0.0,2.570260057792371e-13,0.004,0.18994407274945507,,,,
-2,3,-3,1,schwarzschild-overtone-continuation,ell23-uniform-40,34,323,390,0.8282051282051283,0x1.a80a80a80a80bp-1,0.45584510533405814,-0.27974788252648786,10.710377106676654,-0.38013008638071866,true,5.512147188300806e-13,2.3479724158959924e-16,1000,20,24,7.108895957933346e-15,1.5365763411891744e-14,2.267058018011743e-14,2.6762335344066315e-13,0.004,0.1898580645412943,,,,
-2,3,-3,1,schwarzschild-overtone-continuation,ell23-uniform-40,35,133,156,0.8525641025641025,0x1.b483483483483p-1,0.45314450406060475,-0.27955065231363907,10.726131325554048,-0.3891326543301582,true,1.8448686607929723e-13,2.8796409701215e-16,1000,20,24,2.842366092731745e-14,0.0,0.0,4.621942590879402e-13,0.004,0.18976854240034716,,,,
-2,3,-3,1,schwarzschild-overtone-continuation,ell23-uniform-40,36,57,65,0.8769230769230769,0x1.c0fc0fc0fc0fcp-1,0.45048364364929533,-0.27934867528834667,10.741688988354934,-0.3980321757475548,true,4.965425778544083e-13,5.551548787055441e-16,1000,20,24,2.1365087578457337e-14,2.217960534119098e-14,2.3590737159019803e-14,1.9327423637135544e-13,0.004,0.18967564076975507,,,,
-2,3,-3,1,schwarzschild-overtone-continuation,ell23-uniform-40,37,703,780,0.9012820512820513,0x1.cd74d74d74d75p-1,0.4478614989536124,-0.2791421437208184,10.757055291198125,-0.4068301457607221,true,4.526687383880993e-13,4.673848563465896e-16,1000,20,24,8.183910206316012e-14,1.4229165934570493e-14,3.2149392383845356e-14,7.97622298900643e-13,0.004,0.18957948836896168,,,,
-2,3,-3,1,schwarzschild-overtone-continuation,ell23-uniform-40,38,361,390,0.9256410256410257,0x1.d9ed9ed9ed9eep-1,0.44527708270712096,-0.27893124165015415,10.772235234671474,-0.4155280320181053,true,1.8190319037745145e-13,4.569276124658356e-16,1000,20,24,2.844793502339404e-14,0.0,0.0,9.812924624553102e-13,0.004,0.18948020850480315,,,,
-2,3,-3,1,schwarzschild-overtone-continuation,ell23-uniform-40,39,19,20,0.95,0x1.e666666666666p-1,0.4427294437203605,-0.27871614532932204,10.78723363328485,-0.42412727527710126,true,1.3528330643921842e-13,5.826295476204436e-16,1000,20,24,1.4221692604176232e-14,0.0,6.647575669163226e-14,1.4030725726671458e-12,0.004,0.18937791935966344,KerrQNMEFs-2/l3/s-2l3m-3n1.dat,951,1.095202798281839e-14,6.1464657966265474e-15
-2,3,-3,1,schwarzschild-overtone-continuation,ell23-supplemental-high,40,97,100,0.97,0x1.f0a3d70a3d70ap-1,0.440664546781237,-0.2785365232937964,10.799415652205981,-0.4311149572261538,true,3.502505556243509e-12,2.463307335887066e-16,1000,20,24,3.1997737003034527e-14,1.654394454641073e-13,3.013242339743031e-13,2.8662475400208006e-12,0.004,0.18929176469328662,KerrQNMEFs-2/l3/s-2l3m-3n1.dat,971,9.281809764116718e-14,1.1565454946838042e-13
-2,3,-3,1,schwarzschild-overtone-continuation,ell23-supplemental-high,41,49,50,0.98,0x1.f5c28f5c28f5cp-1,0.4396410095691288,-0.2784457229443026,10.80546271931567,-0.4345844602548815,true,3.550521422167049e-12,2.3714374201337736e-16,1000,20,24,3.90800081686215e-14,2.2354469487782518e-13,2.6183720335904943e-13,5.728578676879116e-13,0.004,0.18924797425218767,KerrQNMEFs-2/l3/s-2l3m-3n1.dat,981,9.440271489658847e-14,1.705381439708246e-13
-2,3,-3,1,schwarzschild-overtone-continuation,ell23-supplemental-high,42,99,100,0.99,0x1.fae147ae147aep-1,0.4386233328946502,-0.27835427770882765,10.811480897304397,-0.4380378650974984,true,4.3869900538405577e-13,2.2301825219878386e-16,1000,20,24,1.0715809139595271e-14,0.0,0.0,9.939617353640594e-13,0.004,0.1892037182596353,KerrQNMEFs-2/l3/s-2l3m-3n1.dat,991,1.0483968346869295e-14,1.3627394063341489e-14
-2,3,-3,1,schwarzschild-overtone-continuation,ell23-supplemental-high,43,199,200,0.995,0x1.fd70a3d70a3d7p-1,0.4381166737484149,-0.27830831663184785,10.814479246384348,-0.43975856024130766,true,2.145038964057813e-12,4.761226920689353e-15,1000,20,24,1.7831439891681324e-14,0.0,0.0,1.0601459536230543e-11,0.004,0.1891814179485113,KerrQNMEFs-2/l3/s-2l3m-3n1.dat,996,1.3622917193141768e-12,2.1782661329742198e-12
-2,3,-3,1,schwarzschild-overtone-continuation,ell23-supplemental-high,44,997,1000,0.997,0x1.fe76c8b439581p-1,0.43791441454898045,-0.2782898881067054,10.81567659298557,-0.44044572066238197,true,1.0831440959799136e-11,9.980667863055885e-15,1167,20,24,4.618541126448113e-14,0.0,9.7780772795544e-13,4.742812883623866e-12,0.004,0.18917246593750564,KerrQNMEFs-2/l3/s-2l3m-3n1.dat,998,3.8641338612472356e-12,6.166169775638585e-12
-2,3,-3,1,schwarzschild-overtone-continuation,ell23-supplemental-high,45,999,1000,0.999,0x1.ff7ced916872bp-1,0.4377123857808017,-0.27827143453203307,10.81687280426311,-0.4411322435880417,true,5.094987599417427e-11,9.980926705550213e-15,1834,20,24,3.614624287906422e-15,0.0,9.12863400796976e-12,8.801190651127124e-11,0.004,0.18916349581024403,KerrQNMEFs-2/l3/s-2l3m-3n1.dat,1000,1.8768809020230205e-11,2.996066751620603e-11
-2,3,-3,2,schwarzschild-overtone-continuation,ell23-uniform-40,0,0,1,0.0,0x0.0p+0,0.551684900778463,-0.47909275096695936,10.0,0.0,true,7.340525977395958e-13,7.894497640785698e-16,1000,20,24,0.0,1.039408322846928e-14,1.148745569312467e-14,2.615606277811939e-13,0.004,0.20020282781520812,KerrQNMEFs-2/l3/s-2l3m-3n2.dat,1,1.2009411317269482e-14,0.0
-2,3,-3,2,schwarzschild-overtone-continuation,ell23-uniform-40,1,19,780,0.02435897435897436,0x1.8f18f18f18f19p-6,0.545995977294651,-0.47965976471214783,10.026579464085904,-0.02321287367638311,true,6.236252290229756e-14,4.0608835428777945e-16,1000,20,24,6.394886466490165e-14,0.0,1.4936523181711914e-15,5.045035200095932e-13,0.004,0.2006494620818516,,,,
-2,3,-3,2,schwarzschild-overtone-continuation,ell23-uniform-40,2,19,390,0.04871794871794872,0x1.8f18f18f18f19p-5,0.5404399242145517,-0.4801848610666918,10.052584024687947,-0.04617310054285631,true,4.060957261769301e-13,5.27766632335736e-16,1000,20,24,1.4211186748238394e-14,0.0,0.0,4.569805281788627e-14,0.004,0.20107863499639003,,,,
-2,3,-3,2,schwarzschild-overtone-continuation,ell23-uniform-40,3,19,260,0.07307692307692308,0x1.2b52b52b52b53p-4,0.5350111157982667,-0.48067040839682884,10.078042338326934,-0.06888439385393046,true,1.1010546939837507e-13,1.1857187100668868e-16,1000,20,24,2.7755575615628914e-17,0.0,2.1620862982352715e-15,1.9781918835042222e-13,0.004,0.2014912869121912,,,,
-2,3,-3,2,schwarzschild-overtone-continuation,ell23-uniform-40,4,19,195,0.09743589743589744,0x1.8f18f18f18f19p-4,0.5297042780664056,-0.4811186000778089,10.10298123675841,-0.09135052223910728,true,2.496792603222992e-13,2.237726045655905e-16,1000,20,24,3.3306690738754696e-16,0.0,0.0,4.95743609552916e-13,0.004,0.2018882884611148,,,,
-2,3,-3,2,schwarzschild-overtone-continuation,ell23-uniform-40,5,19,156,0.12179487179487179,0x1.f2df2df2df2dfp-4,0.5245144594940679,-0.4815314703707045,10.127425875608658,-0.11357528834923103,true,3.8798760577987485e-14,4.441434166503682e-16,1000,20,24,1.4211288389453755e-14,0.0,0.0,1.4217791915866692e-13,0.004,0.2022704468689116,,,,
-2,3,-3,2,schwarzschild-overtone-continuation,ell23-uniform-40,6,19,130,0.14615384615384616,0x1.2b52b52b52b53p-3,0.5194370047044529,-0.4819109085814278,10.151399868040563,-0.13556251087266952,true,5.3290705182007514e-14,4.460365043975677e-16,1000,20,24,4.974245202070642e-14,0.0,2.6668472207145996e-15,3.8200449546086346e-13,0.004,0.2026385115941464,,,,
-2,3,-3,2,schwarzschild-overtone-continuation,ell23-uniform-40,7,133,780,0.17051282051282052,0x1.5d35d35d35d36p-3,0.5144675307990471,-0.482258671720348,10.174925405229347,-0.15731600941709825,true,4.4753992118116256e-13,8.813214774254467e-16,1000,20,24,1.0659441999608839e-14,0.0,0.0,3.205819688195102e-13,0.004,0.20299317937665845,,,,
-2,3,-3,2,schwarzschild-overtone-continuation,ell23-uniform-40,8,38,195,0.19487179487179487,0x1.8f18f18f18f19p-3,0.5096019060118216,-0.4825763958494507,10.198023365183388,-0.1788395918333327,true,1.4483641257247243e-13,4.371503159461554e-16,1000,20,24,4.263260028566311e-14,0.0,0.0,2.3546655192995013e-13,0.004,0.20333509876912315,,,,
-2,3,-3,2,schwarzschild-overtone-continuation,ell23-uniform-40,9,57,260,0.21923076923076923,0x1.c0fc0fc0fc0fcp-3,0.5048362304178605,-0.4828656062775096,10.220713411242532,-0.20013704362445772,true,3.1380771458932564e-13,4.0608835428777945e-16,1000,20,24,1.421616631318792e-14,0.0,3.2976614195499345e-15,1.92808376785191e-13,0.004,0.20366487421486415,,,,
-2,3,-3,2,schwarzschild-overtone-continuation,ell23-uniform-40,10,19,78,0.24358974358974358,0x1.f2df2df2df2dfp-3,0.5001668184627465,-0.48312772674163357,10.243014081410584,-0.2212121191389732,true,1.0272293163389837e-13,9.469747252991004e-16,1000,20,24,1.776573666601473e-14,0.0,0.0,5.3652152269517314e-14,0.004,0.20398306972652414,,,,
-2,3,-3,2,schwarzschild-overtone-continuation,ell23-uniform-40,11,209,780,0.26794871794871794,0x1.1261261261261p-2,0.49559018311016306,-0.4833640876945086,10.264942869528873,-0.24206853429281333,true,2.951189155527943e-13,6.938893903907228e-17,1000,20,24,1.776669062186882e-14,3.866701351832979e-15,8.526520057132621e-15,2.9450347756971507e-13,0.004,0.20429021221243765,,,,
-2,3,-3,2,schwarzschild-overtone-continuation,ell23-uniform-40,12,19,65,0.2923076923076923,0x1.2b52b52b52b53p-2,0.49110302143100654,-0.48357593380096175,10.28651629917384,-0.26270996060377816,true,2.9628206328836386e-13,5.993212282476064e-16,1000,20,24,1.0741085019148343e-14,0.0,0.0,4.2580722217453914e-13,0.004,0.20458679449167472,,,,
-2,3,-3,2,schwarzschild-overtone-continuation,ell23-uniform-40,13,19,60,0.31666666666666665,0x1.4444444444444p-2,0.4867022014802292,-0.4837644307335004,10.307749991050738,-0.2831400203540454,true,1.9578845207877973e-13,9.367506770274758e-16,1000,20,24,1.7763568394002505e-14,0.0,0.0,8.066029372718637e-13,0.004,0.2048732780328252,,,,
-2,3,-3,2,schwarzschild-overtone-continuation,ell23-uniform-40,14,133,390,0.34102564102564104,0x1.5d35d35d35d36p-2,0.48238475032639355,-0.48393067134515555,10.328658724562263,-0.3033622827236334,true,2.8066473196141985e-13,6.947562107041944e-16,1000,20,24,2.4898963629882405e-14,0.0,3.789423922623494e-15,9.564737277023386e-14,0.004,0.20515009544743948,,,,
-2,3,-3,2,schwarzschild-overtone-continuation,ell23-uniform-40,15,19,52,0.36538461538461536,0x1.7627627627627p-2,0.4781478431158926,-0.4840756812877089,10.349256494151327,-0.3233802607603103,true,1.4210924103971637e-13,1.1778964011900897e-15,1000,20,24,2.4917520667504473e-14,0.0,9.27551305727433e-15,5.362216764371274e-13,0.004,0.20541765276468293,,,,
-2,3,-3,2,schwarzschild-overtone-continuation,ell23-uniform-40,16,76,195,0.38974358974358975,0x1.8f18f18f18f19p-2,0.47398879306790836,-0.4842004241348177,10.369556560946853,-0.343197409070534,true,4.765406241946043e-13,7.021666937153402e-16,1000,20,24,5.686466525275167e-14,4.002966042486721e-15,1.1027594430358626e-14,7.773242185437757e-13,0.004,0.20567633151046044,,,,
-2,3,-3,2,schwarzschild-overtone-continuation,ell23-uniform-40,17,323,780,0.41410256410256413,0x1.a80a80a80a80bp-2,0.46990504230852903,-0.4843058060621289,10.389571500180427,-0.3628171221321195,true,9.286881218569194e-14,8.830679670797666e-16,1000,20,24,1.067893742893049e-14,1.8209011484034673e-15,2.38374992562561e-15,5.993172691795528e-13,0.004,0.2059264906112497,,,,
-2,3,-3,2,schwarzschild-overtone-continuation,ell23-uniform-40,18,57,130,0.43846153846153846,0x1.c0fc0fc0fc0fcp-2,0.4658941534632339,-0.4843926801297569,10.40931324479121,-0.38224273314260815,true,1.714897505585664e-13,3.11864493316497e-16,1000,20,24,6.041082488080018e-14,4.869818370658876e-15,8.912954523954708e-15,6.700117124554891e-13,0.004,0.20616846814005022,,,,
-2,3,-3,2,schwarzschild-overtone-continuation,ell23-uniform-40,19,361,780,0.46282051282051284,0x1.d9ed9ed9ed9eep-2,0.46195380193608676,-0.4844618502072363,10.428793125587916,-0.40147751332893744,true,2.0985834893250886e-13,5.23691153334427e-16,1000,20,24,7.127078414416858e-15,0.0,0.0,1.4633396486197032e-13,0.004,0.2064025829199063,,,,
-2,3,-3,2,schwarzschild-overtone-continuation,ell23-uniform-40,20,19,39,0.48717948717948717,0x1.f2df2df2df2dfp-2,0.4580817688122219,-0.4845140745754728,10.448021908298758,-0.42052467165297647,true,2.01242983399329e-13,1.1710912489631842e-15,1000,20,24,4.9738115411872385e-14,0.0,4.303457022584013e-15,9.374621190356971e-13,0.004,0.2066291359978696,,,,
-2,3,-3,2,schwarzschild-overtone-continuation,ell23-uniform-40,21,133,260,0.5115384615384615,0x1.05e85e85e85e8p-1,0.4542759343268875,-0.48455006923652844,10.467009827803686,-0.43938735485594704,true,3.051471360992473e-13,5.386030058153477e-16,1000,20,24,3.911074787101518e-14,0.0,0.0,1.78918907703654e-13,0.004,0.2068484120010322,,,,
-2,3,-3,2,schwarzschild-overtone-continuation,ell23-uniform-40,22,209,390,0.5358974358974359,0x1.1261261261261p-1,0.4505342718506623,-0.48457051095765685,10.48576661981322,-0.4580686477908408,true,3.0341954501669677e-13,2.0816681711721685e-17,1000,20,24,7.127078414416858e-15,4.4554399471643784e-15,9.537584764147468e-15,3.404169017204737e-14,0.004,0.20706068038417824,,,,
-2,3,-3,2,schwarzschild-overtone-continuation,ell23-uniform-40,23,437,780,0.5602564102564103,0x1.1ed9ed9ed9edap-1,0.4468548423453217,-0.4845760400729505,10.504301550228881,-0.47657157399772543,true,3.823773143824303e-13,2.3592239273284576e-16,1000,20,24,7.108895957933346e-15,1.894711961311747e-15,3.997188364167557e-15,1.4150287881010063e-13,0.004,0.2072661965774526,,,,
-2,3,-3,2,schwarzschild-overtone-continuation,ell23-uniform-40,24,38,65,0.5846153846153846,0x1.2b52b52b52b53p-1,0.4432357892495672,-0.4845672630630564,10.522623442397775,-0.494899096481492,true,1.2185859707004806e-13,6.10780345318845e-16,1000,20,24,5.685425984875427e-14,0.0,0.0,5.2487136483695495e-14,0.004,0.20746520304140328,,,,
-2,3,-3,2,schwarzschild-overtone-continuation,ell23-uniform-40,25,95,156,0.6089743589743589,0x1.37cb7cb7cb7cbp-1,0.43967533375748197,-0.48454475493049937,10.540740702450694,-0.5130541186551586,true,1.4606417487427321e-13,5.164700352369266e-16,1000,20,24,1.4238583238573986e-14,4.270030909665975e-15,1.1236998270439006e-14,3.261105848786288e-13,0.004,0.20765793023520074,,,,
-2,3,-3,2,schwarzschild-overtone-continuation,ell23-uniform-40,26,19,30,0.6333333333333333,0x1.4444444444444p-1,0.43617177045591865,-0.4845090613864155,10.558661342892037,-0.5310394854156567,true,1.3074713393174487e-13,9.155133597044475e-16,1000,20,24,4.267937597905917e-14,0.0,6.505944815763881e-15,3.2659885697226594e-13,0.004,0.20784459750360845,,,,
-2,3,-3,2,schwarzschild-overtone-continuation,ell23-uniform-40,27,171,260,0.6576923076923077,0x1.50bd0bd0bd0bdp-1,0.4327234632897412,-0.4844607008623698,10.576393004595952,-0.548857984321787,true,7.403381368993218e-14,3.775166431889533e-16,1000,20,24,1.7769118642034836e-14,0.0,4.4242074104630714e-15,7.060839681463834e-13,0.004,0.20802541388744192,,,,
-2,3,-3,2,schwarzschild-overtone-continuation,ell23-uniform-40,28,133,195,0.6820512820512821,0x1.5d35d35d35d36p-1,0.4293288418262709,-0.4844001663595329,10.593942977340856,-0.5665123468469002,true,2.404885561115114e-13,2.607399605677454e-16,1000,20,24,1.778575899402738e-14,0.0,8.237001931821374e-15,1.0337362834567689e-13,0.004,0.20820057886172935,,,,
-2,3,-3,2,schwarzschild-overtone-continuation,ell23-uniform-40,29,551,780,0.7064102564102565,0x1.69ae9ae9ae9afp-1,0.4259863977923222,-0.484327927146649,10.61131821900617,-0.5840052496820353,true,1.3455903058456897e-13,3.885780586188048e-16,1000,20,24,3.9130912599127563e-14,0.0,6.2222033166756914e-15,4.769032237252084e-13,0.004,0.20837028300578034,,,,
-2,3,-3,2,schwarzschild-overtone-continuation,ell23-uniform-40,30,19,26,0.7307692307692307,0x1.7627627627627p-1,0.4226946818591005,-0.4842444303169451,10.628525373536487,-0.601339316067517,true,9.116817269549108e-14,4.841339424497384e-16,1000,20,24,6.759498770648678e-14,0.0,0.0,5.952997223159707e-13,0.004,0.20853470860952328,,,,
-2,3,-3,2,schwarzschild-overtone-continuation,ell23-uniform-40,31,589,780,0.7551282051282051,0x1.82a02a02a02a0p-1,0.4194523006519125,-0.4841501022141642,10.645570787769463,-0.6185171171346451,true,7.187975875730512e-13,4.652682298944613e-16,1000,20,24,1.0715809139595271e-14,1.9037411527798246e-14,2.8624006343855577e-14,7.417019723594927e-13,0.004,0.20869403021995883,,,,
-2,3,-3,2,schwarzschild-overtone-continuation,ell23-uniform-40,32,152,195,0.7794871794871795,0x1.8f18f18f18f19p-1,0.41625791396360023,-0.4840453497375936,10.662460527213351,-0.6355411732422498,true,4.851153775650266e-13,1.0408340855860843e-16,1000,20,24,4.2653375747600077e-14,1.2333598450066446e-14,3.418928154060682e-14,3.5666335857156083e-13,0.004,0.20884841513310654,,,,
-2,3,-3,2,schwarzschild-overtone-continuation,ell23-uniform-40,33,209,260,0.8038461538461539,0x1.9b91b91b91b92p-1,0.41311023215170056,-0.4839305615351549,10.679200390847798,-0.6524139552952226,true,1.312131443737577e-13,2.423651445728339e-16,1000,20,24,7.32410687763558e-15,0.0,0.0,1.2134691949976198e-13,0.004,0.20899802383546037,,,,
-2,3,-3,2,schwarzschild-overtone-continuation,ell23-uniform-40,34,323,390,0.8282051282051283,0x1.a80a80a80a80bp-1,0.4100080137028972,-0.48380610909528765,10.695795925019631,-0.6691378860372585,true,1.6664651003666564e-13,1.4514235499740825e-15,1000,20,24,3.1993692008438775e-14,0.0,3.767870249142708e-14,7.12109199069003e-13,0.004,0.20914301040103414,,,,
-2,3,-3,2,schwarzschild-overtone-continuation,ell23-uniform-40,35,133,156,0.8525641025641025,0x1.b483483483483p-1,0.4069500629475448,-0.4836723477456956,10.712252436492355,-0.6857153413101718,true,7.202601285618744e-14,1.5265566588595902e-16,1000,20,24,3.558329743975817e-14,0.0,9.797993385377636e-15,6.268653867445548e-13,0.004,0.20928352284832463,,,,
-2,3,-3,2,schwarzschild-overtone-continuation,ell23-uniform-40,36,57,65,0.8769230769230769,0x1.c0fc0fc0fc0fcp-1,0.40393522791200487,-0.48352961756912277,10.728575004708613,-0.7021486512770574,true,1.3802604129769767e-13,3.885780586188048e-16,1000,20,24,2.493235635302362e-14,0.0,3.798881614212119e-14,2.495643071519556e-13,0.004,0.20941970346249,,,,
-2,3,-3,2,schwarzschild-overtone-continuation,ell23-uniform-40,37,703,780,0.9012820512820513,0x1.cd74d74d74d75p-1,0.40096239829595176,-0.4833782442442232,10.74476849331656,-0.7184401016068247,true,6.932509938160145e-13,5.575456304969596e-16,1000,20,24,2.8526467140921075e-14,0.0,1.0019921179607349e-13,3.282957830612826e-13,0.004,0.2095516890876895,,,,
-2,3,-3,2,schwarzschild-overtone-continuation,ell23-uniform-40,38,361,390,0.9256410256410257,0x1.d9ed9ed9ed9eep-1,0.39803050356499586,-0.4832185398195416,10.760837561009733,-0.7345919346195455,true,8.685935394877154e-13,7.008282842946301e-16,1000,20,24,0.0,0.0,7.500222142552855e-14,5.552358433678174e-13,0.004,0.2096796113931474,,,,
-2,3,-3,2,schwarzschild-overtone-continuation,ell23-uniform-40,39,19,20,0.95,0x1.e666666666666p-1,0.3951385111495741,-0.4830508034273578,10.77678667172566,-0.7506063503922151,true,1.0860922305916116e-12,1.0041097365073553e-15,1000,20,24,7.819785553726681e-14,0.0,0.0,1.2160002705445296e-12,0.004,0.20980359711644198,KerrQNMEFs-2/l3/s-2l3m-3n2.dat,951,9.087421302862611e-14,1.429277941044182e-13
-2,3,-3,2,schwarzschild-overtone-continuation,ell23-supplemental-high,40,97,100,0.97,0x1.f0a3d70a3d70ap-1,0.39279316223675637,-0.4829072804463386,10.789795065982416,-0.7636538158189858,true,8.646406651771318e-13,8.832042661386097e-16,1000,20,24,4.27457491654804e-14,0.0,0.0,3.4086820532778586e-12,0.004,0.20990253890153146,KerrQNMEFs-2/l3/s-2l3m-3n2.dat,971,1.709695245447671e-13,2.9857007989239174e-13
-2,3,-3,2,schwarzschild-overtone-continuation,ell23-supplemental-high,41,49,50,0.98,0x1.f5c28f5c28f5cp-1,0.3916301554455528,-0.48283360907229156,10.796270736391769,-0.7701437235835695,true,8.621344012641173e-12,9.132227626205354e-16,1000,20,24,7.106294666405892e-14,9.803149420223034e-13,1.2587515124015172e-12,3.45122865853537e-12,0.004,0.20995106598810848,KerrQNMEFs-2/l3/s-2l3m-3n2.dat,981,7.687012852764036e-13,1.2404538299298315e-12
-2,3,-3,2,schwarzschild-overtone-continuation,ell23-supplemental-high,42,99,100,0.99,0x1.fae147ae147aep-1,0.3904735063796938,-0.4827586893889333,10.80272776074913,-0.7766112752846959,true,4.981485154057346e-12,9.965851093352424e-15,1126,20,24,4.6249817819244975e-14,0.0,0.0,6.058338635409357e-12,0.004,0.20999897453966415,KerrQNMEFs-2/l3/s-2l3m-3n2.dat,991,2.8198603580910933e-12,4.635900396802702e-12
-2,3,-3,2,schwarzschild-overtone-continuation,ell23-supplemental-high,43,199,200,0.995,0x1.fd70a3d70a3d7p-1,0.3898975458334085,-0.4827207671779903,10.805949366116153,-0.7798367126868435,true,6.440779875692643e-12,9.906105411640433e-15,1472,20,24,7.115446994753759e-14,0.0,0.0,7.059877677590907e-12,0.004,0.21002269933310275,KerrQNMEFs-2/l3/s-2l3m-3n2.dat,996,7.672997719541468e-12,1.2664776371711552e-11
-2,3,-3,2,schwarzschild-overtone-continuation,ell23-supplemental-high,44,997,1000,0.997,0x1.fe76c8b439581p-1,0.38966760035871256,-0.4827055126746848,10.807236729702463,-0.7811253367793538,true,4.537282802413541e-11,9.971663895723581e-15,1818,20,24,5.690583463874556e-14,5.220416475253444e-12,0.0,2.5658008347870146e-11,0.004,0.2100321466990883,KerrQNMEFs-2/l3/s-2l3m-3n2.dat,998,1.8836121751808794e-11,3.1119619739685174e-11
-2,3,-3,2,schwarzschild-overtone-continuation,ell23-supplemental-high,45,999,1000,0.999,0x1.ff7ced916872bp-1,0.3894379048287559,-0.48269020958562237,10.808523365945508,-0.782413076575561,true,4.600794665777404e-11,9.98041282050309e-15,2711,20,24,1.7831439891681324e-14,0.0,1.740027938974642e-11,1.5760812042224826e-10,0.004,0.21004156994652123,KerrQNMEFs-2/l3/s-2l3m-3n2.dat,1000,6.680126869622255e-11,1.1064600044423994e-10
-2,3,-2,0,schwarzschild-overtone-continuation,ell23-uniform-40,0,0,1,0.0,0x0.0p+0,0.5994432884374898,-0.09270304794494667,10.0,0.0,true,1.5957887108469527e-14,2.3714374201337736e-16,1000,20,24,0.0,0.0,1.967320211922957e-15,6.280683845376767e-14,0.004,,KerrQNMEFs-2/l3/s-2l3m-2n0.dat,1,9.559569857539321e-16,0.0
-2,3,-2,0,schwarzschild-overtone-continuation,ell23-uniform-40,1,19,780,0.02435897435897436,0x1.8f18f18f18f19p-6,0.5962052451993209,-0.09273085192329085,10.019280075998662,-0.0029850388136243634,true,4.179396199674811e-14,4.996485455209446e-16,1000,20,24,3.375078001826207e-14,0.0,2.4415836985165615e-15,4.5775667985222375e-14,0.004,,,,,
-2,3,-2,0,schwarzschild-overtone-continuation,ell23-uniform-40,2,19,390,0.04871794871794872,0x1.8f18f18f18f19p-5,0.5930515618273138,-0.09275098346011547,10.038191195558063,-0.005918451007081117,true,8.62265274246159e-15,3.0531133177191805e-16,1000,20,24,3.375078534286678e-14,0.0,5.440730028703117e-16,2.178528039993039e-13,0.004,,,,,
-2,3,-2,0,schwarzschild-overtone-continuation,ell23-uniform-40,3,19,260,0.07307692307692308,0x1.2b52b52b52b53p-4,0.5899789226708336,-0.09276379670506449,10.056746409528966,-0.008800302585049742,true,1.179723633753334e-13,1.3877787807814457e-17,1000,20,24,5.329093388041254e-15,0.0,0.0,6.057586816911593e-14,0.004,,,,,
-2,3,-2,0,schwarzschild-overtone-continuation,ell23-uniform-40,4,19,195,0.09743589743589744,0x1.8f18f18f18f19p-4,0.5869842177520955,-0.0927696136088849,10.074958041135542,-0.011630679545075337,true,3.774758283725532e-15,6.938893903907228e-17,1000,20,24,1.7763780150977157e-15,0.0,0.0,1.2269245381799142e-13,0.004,,,,,
-2,3,-2,0,schwarzschild-overtone-continuation,ell23-uniform-40,5,19,156,0.12179487179487179,0x1.f2df2df2df2dfp-4,0.5840645264436152,-0.09276872662284759,10.092837740445741,-0.014409683849636128,true,9.915230219877327e-14,4.819909745438293e-16,1000,20,24,8.881790295636378e-15,0.0,0.0,1.2228591306686067e-13,0.004,,,,,
-2,3,-2,0,schwarzschild-overtone-continuation,ell23-uniform-40,6,19,130,0.14615384615384616,0x1.2b52b52b52b53p-3,0.5812171027557688,-0.09276140108317049,10.110396533681689,-0.01713742991063664,true,8.136048838924098e-14,3.5571561302006606e-16,1000,20,24,4.9737991987225836e-14,2.167113326383342e-15,3.742888512295384e-15,3.260113908679469e-13,0.004,,,,,
-2,3,-2,0,schwarzschild-overtone-continuation,ell23-uniform-40,7,133,780,0.17051282051282052,0x1.5d35d35d35d36p-3,0.5784393620458526,-0.0927478773194462,10.127644867949602,-0.01981404151255992,true,5.5340358232435334e-14,5.815852873680766e-16,1000,20,24,1.7763602275288083e-14,0.0,8.886119947416683e-15,1.572916086127737e-13,0.004,,,,,
-2,3,-2,0,schwarzschild-overtone-continuation,ell23-uniform-40,8,38,195,0.19487179487179487,0x1.8f18f18f18f19p-3,0.5757288689853944,-0.09272837252033804,10.144592651897227,-0.022439649111731366,true,6.592631084113338e-14,5.647850449853784e-16,1000,20,24,8.881817400630721e-15,0.0,0.0,3.328596012409603e-14,0.004,,,,,
-2,3,-2,0,schwarzschild-overtone-continuation,ell23-uniform-40,9,57,260,0.21923076923076923,0x1.c0fc0fc0fc0fcp-3,0.5730833266438411,-0.0927030823852012,10.161249292736418,-0.02501438745860227,true,4.094300213216723e-14,2.9504581591051765e-16,1000,20,24,5.1514348459439394e-14,0.0,4.200753874657268e-15,2.4961645741839203e-13,0.004,,,,,
-2,3,-2,0,schwarzschild-overtone-continuation,ell23-uniform-40,10,19,78,0.24358974358974358,0x1.f2df2df2df2dfp-3,0.5705005665649803,-0.09267218258582344,10.177623730017713,-0.027538393497717997,true,1.371633706484672e-13,4.518280359883027e-16,1000,20,24,3.5527145088926924e-14,0.0,0.0,7.698418064450471e-14,0.004,,,,,
-2,3,-2,0,schwarzschild-overtone-continuation,ell23-uniform-40,11,209,780,0.26794871794871794,0x1.1261261261261p-2,0.5679785397280391,-0.09263583005961201,10.193724466492007,-0.03001180450672134,true,4.606984117073915e-14,7.894497640785698e-16,1000,20,24,2.664543413191738e-14,0.0,0.0,8.413849931666203e-14,0.004,,,,,
-2,3,-2,0,schwarzschild-overtone-continuation,ell23-uniform-40,12,19,65,0.2923076923076923,0x1.2b52b52b52b53p-2,0.5655153082987538,-0.0925941641521647,10.209559596356534,-0.03243475644118641,true,6.7327497923406e-14,3.417008968066607e-16,1000,20,24,4.6185282515665677e-14,0.0,0.0,7.64517341988315e-14,0.004,,,,,
-2,3,-2,0,schwarzschild-overtone-continuation,ell23-uniform-40,13,19,60,0.31666666666666665,0x1.4444444444444p-2,0.5631090380870493,-0.09254730762500563,10.225136831144855,-0.03480738245682019,true,3.7314065681925976e-14,3.356589068483857e-16,1000,20,24,1.9539930161593828e-14,0.0,3.193007257524278e-15,2.869792300935272e-14,0.004,,,,,
-2,3,-2,0,schwarzschild-overtone-continuation,ell23-uniform-40,14,133,390,0.34102564102564104,0x1.5d35d35d35d36p-2,0.5607579916379293,-0.09249536754204346,10.240463523490698,-0.037129811584534295,true,1.94874724907547e-13,5.635475559608569e-16,1000,20,24,3.9079865867401514e-14,0.0,6.691698900277524e-15,3.8900288320785054e-13,0.004,,,,,
-2,3,-2,0,schwarzschild-overtone-continuation,ell23-uniform-40,15,19,52,0.36538461538461536,0x1.7627627627627p-2,0.5584605218905604,-0.09243843604651644,10.255546688968373,-0.03940216753725015,true,2.294751228482473e-13,7.711855592701269e-16,1000,20,24,1.9540102647498285e-14,6.0044490637300816e-15,9.77352012341177e-15,2.201246109158985e-13,0.004,,,,,
-2,3,-2,0,schwarzschild-overtone-continuation,ell23-uniform-40,16,76,195,0.38974358974358975,0x1.8f18f18f18f19p-2,0.5562150663479649,-0.09237659103875479,10.270393026190714,-0.04162456763025109,true,2.2485883878173082e-13,2.2247786310271853e-16,1000,20,24,1.457167719820518e-16,0.0,0.0,1.28304896965698e-13,0.004,,,,,
-2,3,-2,0,schwarzschild-overtone-continuation,ell23-uniform-40,17,323,780,0.41410256410256413,0x1.a80a80a80a80bp-2,0.5540201417060189,-0.09230989676360943,10.285008935322061,-0.04379712179933916,true,1.495072675599549e-13,1.457167719820518e-16,1000,20,24,1.953992646545064e-14,5.029525509882036e-15,5.361515883678847e-15,7.00929790900377e-14,0.004,,,,,
-2,3,-2,0,schwarzschild-overtone-continuation,ell23-uniform-40,18,57,130,0.43846153846153846,0x1.c0fc0fc0fc0fcp-2,0.5518743388960129,-0.09223840431542173,10.299400535150026,-0.04591993170324939,true,2.0994866335353467e-13,1.3877787807814457e-17,1000,20,24,1.0658285595710818e-14,5.453176020753106e-15,7.661355906241098e-15,1.2579429491072902e-13,0.004,,,,,
-2,3,-2,0,schwarzschild-overtone-continuation,ell23-uniform-40,19,361,780,0.46282051282051284,0x1.d9ed9ed9ed9eep-2,0.549776318499824,-0.09216215206742628,10.313573678841468,-0.047993089898696495,true,1.167675977565693e-13,3.3306690738754696e-16,1000,20,24,4.440951132916535e-14,0.0,0.0,2.948765729555097e-14,0.004,,,,,
-2,3,-2,0,schwarzschild-overtone-continuation,ell23-uniform-40,20,19,39,0.48717948717948717,0x1.f2df2df2df2dfp-2,0.5477248065008933,-0.09208116603156874,10.327533968493722,-0.05001667907801943,true,8.103015814732677e-14,3.693291056919641e-16,1000,20,24,1.9541186809749966e-14,0.0,4.016822537167026e-15,2.412120938702857e-13,0.004,,,,,
-2,3,-2,0,schwarzschild-overtone-continuation,ell23-uniform-40,21,133,260,0.5115384615384615,0x1.05e85e85e85e8p-1,0.5457185903378563,-0.09199546015422448,10.341286768584142,-0.05199077136099844,true,7.620789518182264e-14,2.45228796256662e-16,1000,20,24,2.309264829472015e-14,0.0,0.0,2.953113108016846e-13,0.004,,,,,
-2,3,-2,0,schwarzschild-overtone-continuation,ell23-uniform-40,22,209,390,0.5358974358974359,0x1.1261261261261p-1,0.5437565152308786,-0.09190503655248479,10.354837218404256,-0.05391542763361115,true,2.3442032510515696e-13,4.163336342344337e-17,1000,20,24,2.4869004463940867e-14,5.9947545729819556e-15,7.033560783521107e-15,5.759864443468736e-14,0.004,,,,,
-2,3,-2,0,schwarzschild-overtone-continuation,ell23-uniform-40,23,437,780,0.5602564102564103,0x1.1ed9ed9ed9edap-1,0.5418374807534397,-0.09180988569549825,10.368190243561244,-0.05579069692790835,true,1.154087380901383e-13,5.468975410105057e-16,1000,20,24,2.6646011235683045e-14,0.0,5.5688503603976495e-15,1.9120412938890506e-13,0.004,,,,,
-2,3,-2,0,schwarzschild-overtone-continuation,ell23-uniform-40,24,38,65,0.5846153846153846,0x1.2b52b52b52b53p-1,0.5399604376248163,-0.09170998653473772,10.381350566615998,-0.057616615838187,true,1.5554933801946198e-13,1.1631705747361534e-16,1000,20,24,2.3098042610797057e-14,0.0,0.0,4.961889645281098e-14,0.004,,,,,
-2,3,-2,0,schwarzschild-overtone-continuation,ell23-uniform-40,25,95,156,0.6089743589743589,0x1.37cb7cb7cb7cbp-1,0.5381243847006479,-0.09160530658703872,10.39432271692347,-0.05939320796989419,true,2.2096952686917274e-13,1.3877787807814457e-16,1000,20,24,1.9541799088443853e-14,0.0,0.0,3.0338931965725637e-13,0.004,,,,,
-2,3,-2,0,schwarzschild-overtone-continuation,ell23-uniform-40,26,19,30,0.6333333333333333,0x1.4444444444444p-1,0.5363283661407353,-0.09149580197364768,10.40711103973141,-0.061120483418500016,true,1.7732454901143702e-13,3.5821094699185227e-16,1000,20,24,4.440898657918925e-14,3.703913710233217e-15,1.0383265870420366e-14,6.145811208283799e-13,0.004,,,,,
-2,3,-2,0,schwarzschild-overtone-continuation,ell23-uniform-40,27,171,260,0.6576923076923077,0x1.50bd0bd0bd0bdp-1,0.5345714687350368,-0.09138141741895155,10.419719704588633,-0.06279843827694379,true,1.4300775841839746e-13,1.0061396160665481e-16,1000,20,24,2.3092705632240563e-14,0.0,8.90158134917247e-15,1.6332101453345822e-13,0.004,,,,,
-2,3,-2,0,schwarzschild-overtone-continuation,ell23-uniform-40,28,133,195,0.6820512820512821,0x1.5d35d35d35d36p-1,0.5328528193702292,-0.09126208621207038,10.432152713110122,-0.0644270541710436,true,8.530675149520015e-14,1.8388068845354155e-16,1000,20,24,5.862043278875125e-14,0.0,7.560643761371323e-15,3.6007502404152473e-13,0.004,,,,,
-2,3,-2,0,schwarzschild-overtone-continuation,ell23-uniform-40,29,551,780,0.7064102564102565,0x1.69ae9ae9ae9afp-1,0.5311715826205315,-0.09113773013458769,10.444413906138482,-0.06600629782330125,true,9.033695846391645e-14,1.249000902703301e-16,1000,20,24,8.171241932633387e-14,0.0,0.0,3.404725132817879e-13,0.004,,,,,
-2,3,-2,0,schwarzschild-overtone-continuation,ell23-uniform-40,30,19,26,0.7307692307692307,0x1.7627627627627p-1,0.5295269584476097,-0.09100825935782236,10.456506970339282,-0.06753612064662819,true,3.921134207497893e-13,1.432843787967409e-15,1000,20,24,2.1316395010230125e-14,0.0,0.0,2.4557490852601824e-13,0.004,,,,,
-2,3,-2,0,schwarzschild-overtone-continuation,ell23-uniform-40,31,589,780,0.7551282051282051,0x1.82a02a02a02a0p-1,0.5279181799958325,-0.09087357231325477,10.468435444264372,-0.06901645837063111,true,2.79656342934701e-13,6.620737537031165e-16,1000,20,24,1.0668580404786611e-14,0.0,0.0,8.962354016767384e-14,0.004,,,,,
-2,3,-2,0,schwarzschild-overtone-continuation,ell23-uniform-40,32,152,195,0.7794871794871795,0x1.8f18f18f18f19p-1,0.5263445114695183,-0.09073355553933664,10.480202723911791,-0.07044723070376027,true,4.4115049615189185e-13,6.664589960562512e-16,1000,20,24,6.750165119838335e-14,0.0,0.0,1.1743200032101477e-13,0.004,,,,,
-2,3,-2,0,schwarzschild-overtone-continuation,ell23-uniform-40,33,209,260,0.8038461538461539,0x1.9b91b91b91b92p-1,0.5248052460804665,-0.09058808350869002,10.491812067811308,-0.07182834103608741,true,7.755684626330685e-15,1.8319205572553517e-16,1000,20,24,3.557291483642623e-15,0.0,8.455206652451151e-16,1.4799901725887547e-13,0.004,,,,,
-2,3,-2,0,schwarzschild-overtone-continuation,ell23-uniform-40,34,323,390,0.8282051282051283,0x1.a80a80a80a80bp-1,0.5232997040542663,-0.09043701843922929,10.50326660165796,-0.07315967618803665,true,1.07709212392712e-12,8.04462932373345e-16,1000,20,24,4.618844900689086e-14,0.0,0.0,7.52767889736946e-13,0.004,,,,,
-2,3,-2,0,schwarzschild-overtone-continuation,ell23-uniform-40,35,133,156,0.8525641025641025,0x1.b483483483483p-1,0.5218272306849485,-0.09028021009322713,10.514569322518632,-0.07444110621159086,true,2.859275887155891e-13,6.661338147750939e-16,1000,20,24,1.0658141036401503e-14,0.0,0.0,3.503908893484436e-13,0.004,,,,,
-2,3,-2,0,schwarzschild-overtone-continuation,ell23-uniform-40,36,57,65,0.8769230769230769,0x1.c0fc0fc0fc0fcp-1,0.5203871944282182,-0.0901174955684861,10.525723102630828,-0.07567248425146203,true,3.494959510203913e-13,2.2215299868541707e-16,1000,20,24,6.750183950666436e-14,0.0,1.1574782211529862e-14,1.1018582681157168e-12,0.004,,,,,
-2,3,-2,0,schwarzschild-overtone-continuation,ell23-uniform-40,37,703,780,0.9012820512820513,0x1.cd74d74d74d75p-1,0.5189789850234736,-0.08994869908557417,10.536730692812775,-0.07685364647434663,true,7.505107646466058e-14,4.875529749534861e-16,1000,20,24,3.197539887627095e-14,0.0,4.1805324158941735e-15,5.901758470314336e-13,0.004,,,,,
-2,3,-2,0,schwarzschild-overtone-continuation,ell23-uniform-40,38,361,390,0.9256410256410257,0x1.d9ed9ed9ed9eep-1,0.5176020116358775,-0.08977363177598117,10.547594725503176,-0.07798441207586708,true,9.537977632176411e-13,2.796511984674376e-16,1000,20,24,5.3370334548795836e-15,1.8875444435669886e-14,2.5063530676279124e-14,2.6710874369300954e-12,0.004,,,,,
-2,3,-2,0,schwarzschild-overtone-continuation,ell23-uniform-40,39,19,20,0.95,0x1.e666666666666p-1,0.5162557010096688,-0.08959209147610975,10.558317717446338,-0.07906458337566843,true,4.769112875507584e-13,5.898059818321144e-17,1000,20,24,1.599227638580358e-14,0.0,2.4767310412881284e-14,1.7774445249626302e-13,0.004,,KerrQNMEFs-2/l3/s-2l3m-2n0.dat,951,1.6209737359924214e-14,3.1987939651038275e-14
-2,3,-2,0,schwarzschild-overtone-continuation,ell23-supplemental-high,40,97,100,0.97,0x1.f0a3d70a3d70ap-1,0.5151728399160136,-0.08943804701720452,10.56701811063815,-0.07991348689093988,true,1.2710574864626038e-13,8.955273674796307e-16,1000,20,24,4.796168485832552e-14,3.310717822390884e-15,1.784902025304277e-14,6.674281136178208e-13,0.004,,KerrQNMEFs-2/l3/s-2l3m-2n0.dat,971,1.2204952230780599e-14,3.3972147097574594e-14
-2,3,-2,0,schwarzschild-overtone-continuation,ell23-supplemental-high,41,49,50,0.98,0x1.f5c28f5c28f5cp-1,0.5146389253649695,-0.08935929480060457,10.571333660890396,-0.08032505506869388,true,1.3621773257636669e-12,5.311767472816653e-16,1000,20,24,5.329077023409816e-14,2.0017644600059512e-14,2.307632424646859e-14,8.572647311676216e-13,0.004,,KerrQNMEFs-2/l3/s-2l3m-2n0.dat,981,1.5120676156111087e-14,1.3504228519655927e-14
-2,3,-2,0,schwarzschild-overtone-continuation,ell23-supplemental-high,42,99,100,0.99,0x1.fae147ae147aep-1,0.5141099718342519,-0.08927936756735984,10.575626320706732,-0.08072801227567108,true,3.0012167812797025e-12,4.111294638065033e-16,1000,20,24,3.375079136125728e-14,0.0,7.467779336018328e-14,4.089326229739698e-12,0.004,,KerrQNMEFs-2/l3/s-2l3m-2n0.dat,991,2.1871609323773197e-14,2.519026454195904e-14
-2,3,-2,0,schwarzschild-overtone-continuation,ell23-supplemental-high,43,199,200,0.995,0x1.fd70a3d70a3d7p-1,0.5138473439344295,-0.08923895809719984,10.577764114154128,-0.08092625646934183,true,5.55002561208477e-12,1.0430074488481223e-15,1000,20,24,7.106782481094284e-15,0.0,5.165639981326895e-14,1.9725080994244016e-12,0.004,,KerrQNMEFs-2/l3/s-2l3m-2n0.dat,996,3.352230131478111e-14,3.49494610841602e-14
-2,3,-2,0,schwarzschild-overtone-continuation,ell23-supplemental-high,44,997,1000,0.997,0x1.fe76c8b439581p-1,0.513742636442691,-0.08922271040986092,10.578617644001158,-0.0810049497063071,true,2.2358309679271317e-11,9.194247169321182e-16,1000,20,24,1.0658177176412646e-14,1.919114513057108e-13,2.1633302490182653e-13,1.8641830414691005e-12,0.004,,KerrQNMEFs-2/l3/s-2l3m-2n0.dat,998,1.4626897624009495e-13,1.5182104252181766e-13
-2,3,-2,0,schwarzschild-overtone-continuation,ell23-supplemental-high,45,999,1000,0.999,0x1.ff7ced916872bp-1,0.5136381248946613,-0.08920641457330439,10.579470268466336,-0.08108329733850528,true,6.581701019353665e-11,9.870832210434463e-15,1259,20,24,4.9738061201869266e-14,0.0,0.0,6.7760150900107505e-12,0.004,,KerrQNMEFs-2/l3/s-2l3m-2n0.dat,1000,5.211573850375184e-13,4.699720299422513e-13
-2,3,-2,1,schwarzschild-overtone-continuation,ell23-uniform-40,0,0,1,0.0,0x0.0p+0,0.5826438030332942,-0.28129811343504274,10.0,0.0,true,5.865340917345583e-14,1.944128986425528e-16,1000,20,24,0.0,0.0,3.572176009035959e-15,2.847716647714797e-14,0.004,0.1893418111169834,KerrQNMEFs-2/l3/s-2l3m-2n1.dat,1,5.371976757833036e-15,0.0
-2,3,-2,1,schwarzschild-overtone-continuation,ell23-uniform-40,1,19,780,0.02435897435897436,0x1.8f18f18f18f19p-6,0.5792109996162952,-0.2814268633391662,10.018750026020168,-0.009061543317450765,true,1.3355572298923997e-13,8.851374477315529e-16,1000,20,24,7.105475003044542e-15,0.0,0.0,1.2038094551936485e-13,0.004,0.18945972951315107,,,,
-2,3,-2,1,schwarzschild-overtone-continuation,ell23-uniform-40,2,19,390,0.04871794871794872,0x1.8f18f18f18f19p-5,0.5758685316753385,-0.28153139761702284,10.037162810906567,-0.017973916746728498,true,4.089480552672362e-14,2.45228796256662e-16,1000,20,24,4.4408924373137924e-14,0.0,0.0,1.5334651845977182e-13,0.004,0.1895608116000171,,,,
-2,3,-2,1,schwarzschild-overtone-continuation,ell23-uniform-40,3,19,260,0.07307692307692308,0x1.2b52b52b52b53p-4,0.5726129954390782,-0.28161279028368186,10.055252215003,-0.026737321533726363,true,5.342738339964983e-13,1.1576312899853944e-15,1000,20,24,1.776573666601473e-15,0.0,0.0,4.126965254228143e-13,0.004,0.1896457692759722,,,,
-2,3,-2,1,schwarzschild-overtone-continuation,ell23-uniform-40,4,19,195,0.09743589743589744,0x1.8f18f18f18f19p-4,0.5694411960158496,-0.2816720163265194,10.073031319503398,-0.03535201688532801,true,1.0124454850727435e-13,3.469446951953614e-16,1000,20,24,1.0659234217529549e-14,0.0,0.0,2.333138374909982e-13,0.004,0.18971524810656035,,,,
-2,3,-2,1,schwarzschild-overtone-continuation,ell23-uniform-40,5,19,156,0.12179487179487179,0x1.f2df2df2df2dfp-4,0.5663501307337891,-0.28170995981103447,10.09051248363145,-0.04381830739291397,true,3.1924671082383774e-13,6.97902344841692e-16,1000,20,24,1.243454627759025e-14,6.94777001102668e-15,7.984541526667892e-15,1.124870166719032e-13,0.004,0.18976983272911718,,,,
-2,3,-2,1,schwarzschild-overtone-continuation,ell23-uniform-40,6,19,130,0.14615384615384616,0x1.2b52b52b52b53p-3,0.5633369740744029,-0.28172742103113524,10.107707396293696,-0.05213653200438575,true,1.1686214096612364e-13,4.85722573273506e-17,1000,20,24,1.95400250290297e-14,0.0,1.401708781075867e-14,3.3063746476531215e-13,0.004,0.18981005162171158,,,,
-2,3,-2,1,schwarzschild-overtone-continuation,ell23-uniform-40,7,133,780,0.17051282051282052,0x1.5d35d35d35d36p-3,0.5603990640089528,-0.28172512282174167,10.124627122816182,-0.06030705432304538,true,1.417924759840557e-13,2.7344877050525285e-16,1000,20,24,2.1316395010230125e-14,0.0,0.0,1.6486897892326622e-13,0.004,0.18983638131531855,,,,
-2,3,-2,1,schwarzschild-overtone-continuation,ell23-uniform-40,8,38,195,0.19487179487179487,0x1.8f18f18f18f19p-3,0.5575338895724862,-0.2817037161346624,10.141282147295316,-0.06833025404612396,true,3.0715856451977513e-13,2.2215299868541707e-16,1000,20,24,5.506706901626005e-14,0.0,0.0,2.775657035763352e-13,0.004,0.18984925011700232,,,,
-2,3,-2,1,schwarzschild-overtone-continuation,ell23-uniform-40,9,57,260,0.21923076923076923,0x1.c0fc0fc0fc0fcp-3,0.5547390795302748,-0.281663784963996,10.157682411022124,-0.0762065193841287,true,1.466550406060834e-13,3.3422138886441676e-16,1000,20,24,3.9080937117966175e-14,3.0430036432140253e-15,8.196123257993792e-15,1.7296690385882172e-14,0.004,0.1898490414019395,,,,
-2,3,-2,1,schwarzschild-overtone-continuation,ell23-uniform-40,10,19,78,0.24358974358974358,0x1.f2df2df2df2dfp-3,0.5520123920100768,-0.2816058506956003,10.173837347379614,-0.08393624032647296,true,2.1482170038296686e-14,2.636779683484747e-16,1000,20,24,6.750284380862454e-14,0.0,3.0485681130056856e-15,7.73735446371837e-14,0.004,0.18983609652483874,,,,
-2,3,-2,1,schwarzschild-overtone-continuation,ell23-uniform-40,11,209,780,0.26794871794871794,0x1.1261261261261p-2,0.5493517049878965,-0.2815303759447684,10.189755913563724,-0.09151980263898338,true,7.424794422009767e-14,2.0816681711721685e-17,1000,20,24,8.704152495843807e-14,1.5582722720639762e-15,2.795470146924422e-15,1.3341610646922248e-13,0.004,0.18981071739392386,,,,
-2,3,-2,1,schwarzschild-overtone-continuation,ell23-uniform-40,12,19,65,0.2923076923076923,0x1.2b52b52b52b53p-2,0.5467550075284647,-0.2814377679380166,10.205446619432184,-0.09895758249632963,true,1.1460255324827901e-13,6.245004513516506e-17,1000,20,24,1.2450170209160063e-14,0.0,0.0,2.115375495004655e-13,0.004,0.1897731687457938,,,,
-2,3,-2,1,schwarzschild-overtone-continuation,ell23-uniform-40,13,19,60,0.31666666666666665,0x1.4444444444444p-2,0.5442203916917026,-0.28132838148747247,10.220917553746865,-0.10624994166711335,true,2.085238842699044e-13,3.677613769070831e-16,1000,20,24,4.085632279714351e-14,0.0,0.0,6.605266823269226e-13,0.004,0.18972368015436186,,,,
-2,3,-2,1,schwarzschild-overtone-continuation,ell23-uniform-40,14,133,390,0.34102564102564104,0x1.5d35d35d35d36p-2,0.5417460450263364,-0.2812025216005659,10.23617640804522,-0.11339722318222847,true,5.188056869979446e-14,4.545902364027965e-16,1000,20,24,1.8244937149463952e-15,0.0,3.179679517821762e-15,1.6879129258632409e-13,0.004,0.18966244780353592,,,,
-2,3,-2,1,schwarzschild-overtone-continuation,ell23-uniform-40,15,19,52,0.36538461538461536,0x1.7627627627627p-2,0.5393302435793436,-0.28106044576267275,10.25123049834182,-0.12039974742837306,true,1.199040866595169e-14,1.0021117808169478e-15,1000,20,24,7.105549329298523e-15,0.0,1.072098405376252e-15,1.9249564061367122e-13,0.004,0.18958963605014484,,,,
-2,3,-2,1,schwarzschild-overtone-continuation,ell23-uniform-40,16,76,195,0.38974358974358975,0x1.8f18f18f18f19p-2,0.5369713453567861,-0.2809023659263291,10.266086784840708,-0.12725780861845074,true,1.3198343270687569e-13,3.5388358909926865e-16,1000,20,24,4.26412459140189e-14,2.375981029593432e-15,1.2036579066516219e-14,4.0068956421923597e-13,0.004,0.18950537880109547,,,,
-2,3,-2,1,schwarzschild-overtone-continuation,ell23-uniform-40,17,323,780,0.41410256410256413,0x1.a80a80a80a80bp-2,0.5346677841769,-0.2807284502372285,10.280751889813407,-0.13397167159959275,true,4.2903269867805076e-13,1.5218182408308987e-16,1000,20,24,1.1191056692997416e-13,0.0,8.009203071697867e-15,2.3573567075920897e-13,0.004,0.18940978072693576,,,,
-2,3,-2,1,schwarzschild-overtone-continuation,ell23-uniform-40,18,57,130,0.43846153846153846,0x1.c0fc0fc0fc0fcp-2,0.5324180638614056,-0.2805388245247069,10.29523211377816,-0.1405415689677856,true,2.4168899914933136e-13,3.8559277963506344e-16,1000,20,24,5.862019623772428e-14,0.0,0.0,2.2561305349953887e-13,0.004,0.18930291833253826,,,,
-2,3,-2,1,schwarzschild-overtone-continuation,ell23-uniform-40,19,361,780,0.46282051282051284,0x1.d9ed9ed9ed9eep-2,0.5302207527152031,-0.28033357358254324,10.309533450100579,-0.14696769846574265,true,1.001369471348642e-13,1.0057327710640516e-15,1000,20,24,1.9541186809749966e-14,0.0,1.3342206531593264e-14,1.8440186152742065e-13,0.004,0.1891848409048052,,,,
-2,3,-2,1,schwarzschild-overtone-continuation,ell23-uniform-40,20,19,39,0.48717948717948717,0x1.f2df2df2df2dfp-2,0.5280744782471768,-0.28011274226444927,10.32366159811631,-0.15325022064805513,true,3.169913632660077e-13,7.711855592701269e-16,1000,20,24,3.375170436095545e-14,0.0,0.0,2.923078706213766e-13,0.004,0.18905557135694354,,,,
-2,3,-2,1,schwarzschild-overtone-continuation,ell23-uniform-40,21,133,260,0.5115384615384615,0x1.05e85e85e85e8p-1,0.5259779220890414,-0.2798763364180858,10.33762197486657,-0.15938925680488764,true,3.5759523589713274e-14,9.39188966358397e-16,1000,20,24,4.618531118446131e-14,0.0,1.111110848057422e-14,6.830415433801191e-13,0.004,0.1889151069887904,,,,
-2,3,-2,1,schwarzschild-overtone-continuation,ell23-uniform-40,22,209,390,0.5358974358974359,0x1.1261261261261p-1,0.5239298150705054,-0.2796243236813193,10.351419725523925,-0.1653848871427192,true,3.048461370821064e-13,1.249000902703301e-16,1000,20,24,2.3102244613642867e-14,0.0,0.0,1.3641275561053097e-13,0.004,0.1887634201835916,,,,
-2,3,-2,1,schwarzschild-overtone-continuation,ell23-uniform-40,23,437,780,0.5602564102564103,0x1.1ed9ed9ed9edap-1,0.5219289324119643,-0.2793566341648701,10.365059732573915,-0.1712371492280734,true,5.2019132250878386e-14,1.8735013540549517e-16,1000,20,24,2.4869135148635004e-14,1.1710090180710446e-15,5.55555424028711e-15,5.837651902806998e-13,0.004,0.18860045906226927,,,,
-2,3,-2,1,schwarzschild-overtone-continuation,ell23-uniform-40,24,38,65,0.5846153846153846,0x1.2b52b52b52b53p-1,0.5199740889979493,-0.2790731610467532,10.37854662381196,-0.17694603670773015,true,4.4403791458385224e-13,1.1295700899707568e-16,1000,20,24,2.0114655421281033e-15,0.0,0.0,1.0075639428487505e-13,0.004,0.1884261481181809,,,,
-2,3,-2,1,schwarzschild-overtone-continuation,ell23-uniform-40,25,95,156,0.6089743589743589,0x1.37cb7cb7cb7cbp-1,0.5180641346963123,-0.2787737611054708,10.391884779205405,-0.18251149832716443,true,1.103058955909832e-13,3.6088919696935627e-16,1000,20,24,4.440892098500626e-14,0.0,0.0,1.882791610824645e-13,0.004,0.18824038885705383,,,,
-2,3,-2,1,schwarzschild-overtone-continuation,ell23-uniform-40,26,19,30,0.6333333333333333,0x1.4444444444444p-1,0.5161979496908262,-0.2784582552212841,10.405078336666387,-0.18793343727716708,true,8.478574873599671e-13,5.311767472816653e-16,1000,20,24,3.7303503953138806e-14,0.0,0.0,2.223468240057121e-13,0.004,0.188043060469727,,,,
-2,3,-2,1,schwarzschild-overtone-continuation,ell23-uniform-40,27,171,260,0.6576923076923077,0x1.50bd0bd0bd0bdp-1,0.5143744397970249,-0.27812642887769146,10.418131196776843,-0.19321171090775652,true,9.808642923501425e-14,1.0824674490095276e-15,1000,20,24,3.730722103150856e-14,0.0,3.6905523389740094e-15,7.016187899283641e-14,0.004,0.18783402056775494,,,,
-2,3,-2,1,schwarzschild-overtone-continuation,ell23-uniform-40,28,133,195,0.6820512820512821,0x1.5d35d35d35d36p-1,0.5125925317343386,-0.27777803269851103,10.431047026505114,-0.1983461308576012,true,1.9860273225978184e-13,1.208005429980432e-15,1000,20,24,2.844127254681468e-14,0.0,0.0,1.0054968213047116e-13,0.004,0.1876131060156028,,,,
-2,3,-2,1,schwarzschild-overtone-continuation,ell23-uniform-40,29,551,780,0.7064102564102565,0x1.69ae9ae9ae9afp-1,0.5108511683311896,-0.27741278305955697,10.44382926195459,-0.20333646365678468,true,5.277252428611782e-13,8.326672684688674e-17,1000,20,24,1.897149936107019e-15,1.2878587085651816e-14,2.5660866513386925e-14,8.346166107314875e-13,0.004,0.18738013389655422,,,,
-2,3,-2,1,schwarzschild-overtone-continuation,ell23-uniform-40,30,19,26,0.7307692307692307,0x1.7627627627627p-1,0.5091493036441368,-0.27703036281773125,10.456481110186331,-0.20818243187019705,true,3.570134773916449e-13,8.326672684688674e-17,1000,20,24,4.086710444176276e-14,8.935226370193775e-15,1.77410895020416e-14,1.2503536553670053e-13,0.004,0.1871349026529753,,,,
-2,3,-2,1,schwarzschild-overtone-continuation,ell23-uniform-40,31,589,780,0.7551282051282051,0x1.82a02a02a02a0p-1,0.5074858979775582,-0.27663042220424633,10.469005550165221,-0.21288371585828023,true,4.1243648229738786e-13,2.3714374201337736e-16,1000,20,24,7.283152421561918e-14,0.0,1.1854458009294934e-14,7.049889281224502e-13,0.004,0.18687719344505008,,,,
-2,3,-2,1,schwarzschild-overtone-continuation,ell23-uniform-40,32,152,195,0.7794871794871795,0x1.8f18f18f18f19p-1,0.5058599127970123,-0.27621257993160714,10.481405332883915,-0.21743995623968987,true,2.866601869375347e-13,2.2887833992611187e-16,1000,20,24,1.95576586765121e-14,0.0,0.0,9.95202631196466e-13,0.004,0.18660677177498705,,,,
-2,3,-2,1,schwarzschild-overtone-continuation,ell23-uniform-40,33,209,260,0.8038461538461539,0x1.9b91b91b91b92p-1,0.5042703055359667,-0.2757764245677182,10.493682980732569,-0.22185075714853453,true,5.656880800624262e-13,1.1796119636642288e-16,1000,20,24,5.684375089675358e-14,0.0,1.5165114152657213e-14,7.826560501932606e-14,0.004,0.1863233894264515,,,,
-2,3,-2,1,schwarzschild-overtone-continuation,ell23-uniform-40,34,323,390,0.8282051282051283,0x1.a80a80a80a80bp-1,0.5027160243045845,-0.2753215162314515,10.505840786193698,-0.22611569038320609,true,2.2737367544323206e-13,2.118352371637509e-16,1000,20,24,3.020093608036818e-14,0.0,1.594281809632597e-14,7.759752115597497e-13,0.004,0.18602678676986192,,,,
-2,3,-2,1,schwarzschild-overtone-continuation,ell23-uniform-40,35,133,156,0.8525641025641025,0x1.b483483483483p-1,0.5011960025167226,-0.2748473886661713,10.517880809956807,-0.230234300548129,true,7.755684626330686e-14,3.424925848472271e-16,1000,20,24,3.9080481270251204e-14,0.0,0.0,5.306760144161967e-13,0.004,0.18571669548564143,,,,
-2,3,-2,1,schwarzschild-overtone-continuation,ell23-uniform-40,36,57,65,0.8769230769230769,0x1.c0fc0fc0fc0fcp-1,0.49970915346084227,-0.2743535517476807,10.529804878564574,-0.2342061112902934,true,5.039886248827531e-13,1.1231634567754562e-15,1000,20,24,2.3100710637697648e-14,0.0,0.0,5.614664682279973e-13,0.004,0.18539284175693474,,,,
-2,3,-2,1,schwarzschild-overtone-continuation,ell23-uniform-40,37,703,780,0.9012820512820513,0x1.cd74d74d74d75p-1,0.49825436484957686,-0.273839494482961,10.541614581722214,-0.23803063273118205,true,2.503087863744971e-13,6.073117991709927e-16,1000,20,24,3.199274087890246e-14,0.0,0.0,1.2974596570259734e-12,0.004,0.1850549499830682,,,,
-2,3,-2,1,schwarzschild-overtone-continuation,ell23-uniform-40,38,361,390,0.9256410256410257,0x1.d9ed9ed9ed9eep-1,0.4968304933925545,-0.27330468855576073,10.553311269419673,-0.24170737019089178,true,8.60020921103214e-14,9.099281950539972e-16,1000,20,24,2.4871613187678717e-14,0.0,0.0,9.78710153877903e-13,0.004,0.18470274706358691,,,,
-2,3,-2,1,schwarzschild-overtone-continuation,ell23-uniform-40,39,19,20,0.95,0x1.e666666666666p-1,0.4954363594487856,-0.27274859247387995,10.56489604904369,-0.24523583429411647,true,1.9697546741254416e-13,2.2422936607558627e-16,1000,20,24,7.638819007206039e-14,0.0,0.0,9.077587552830591e-13,0.004,0.1843359673009446,KerrQNMEFs-2/l3/s-2l3m-2n1.dat,951,2.3849712199672196e-14,1.8924743920546202e-14
-2,3,-2,1,schwarzschild-overtone-continuation,ell23-supplemental-high,40,97,100,0.97,0x1.f0a3d70a3d70ap-1,0.49431307650788786,-0.27227570559446385,10.574324715293724,-0.24802170834137707,true,1.3099448402836327e-12,3.581605385275468e-16,1000,20,24,1.2450874033558875e-14,0.0,0.0,3.5035233244890697e-13,0.004,0.18402374608581748,KerrQNMEFs-2/l3/s-2l3m-2n1.dat,971,2.7652577857112817e-14,3.149455630781122e-14
-2,3,-2,1,schwarzschild-overtone-continuation,ell23-supplemental-high,41,49,50,0.98,0x1.f5c28f5c28f5cp-1,0.49375842660977975,-0.27203364540923863,10.579011092496993,-0.2493769646503231,true,1.3780419491400015e-12,4.949649745064885e-16,1000,20,24,5.1517047561437884e-14,0.0,0.0,4.74579918799606e-13,0.004,0.18386384527294006,KerrQNMEFs-2/l3/s-2l3m-2n1.dat,981,4.196033540999471e-14,3.5594737530522504e-14
-2,3,-2,1,schwarzschild-overtone-continuation,ell23-supplemental-high,42,99,100,0.99,0x1.fae147ae147aep-1,0.49320831890216604,-0.2717877897411428,10.583678879388941,-0.25070706110365637,true,2.6052518381945804e-12,9.114614191360963e-16,1000,20,24,1.4988010832439613e-15,0.0,6.3776191267426e-13,6.661717093098095e-13,0.004,0.18370139699974297,KerrQNMEFs-2/l3/s-2l3m-2n1.dat,991,3.2360615909531004e-13,3.1741538878165677e-13
-2,3,-2,1,schwarzschild-overtone-continuation,ell23-supplemental-high,43,199,200,0.995,0x1.fd70a3d70a3d7p-1,0.4929349399968291,-0.2716634266905998,10.586005809986101,-0.25136266561459353,true,1.2188772468147609e-12,6.661428497319261e-16,1000,20,24,1.9860273225978185e-15,0.0,3.780310866103472e-13,4.49193722250892e-12,0.004,0.18361921299263248,KerrQNMEFs-2/l3/s-2l3m-2n1.dat,996,3.024507130574252e-14,1.599501590535003e-14
-2,3,-2,1,schwarzschild-overtone-continuation,ell23-supplemental-high,44,997,1000,0.997,0x1.fe76c8b439581p-1,0.49282589745224364,-0.2716134120596249,10.586935283387456,-0.2516231435208398,true,9.364233522109798e-12,9.793363215950037e-15,1000,20,24,1.0672587275020413e-14,0.0,3.1111207235580883e-12,3.390013093799509e-12,0.004,0.18358615965885808,KerrQNMEFs-2/l3/s-2l3m-2n1.dat,998,4.077983947631108e-12,3.878444978386729e-12
-2,3,-2,1,schwarzschild-overtone-continuation,ell23-supplemental-high,45,999,1000,0.999,0x1.ff7ced916872bp-1,0.49271703036174597,-0.27156324301974627,10.58786401480836,-0.2518826131684165,true,2.780137267091213e-11,9.987015068195087e-15,1550,20,24,4.085715007982613e-14,4.69206303634171e-12,5.517556172836115e-12,1.562630650549471e-11,0.004,0.18355300345540582,KerrQNMEFs-2/l3/s-2l3m-2n1.dat,1000,9.835924686238852e-12,9.375375992470363e-12
-2,3,-2,2,schwarzschild-overtone-continuation,ell23-uniform-40,0,0,1,0.0,0x0.0p+0,0.5516849007784594,-0.4790927509669621,10.0,0.0,true,1.5230188203809216e-13,1.0087920413118926e-15,1000,20,24,0.0,0.0,5.7498942422734215e-15,2.4452182612258026e-13,0.004,0.20020282781521287,KerrQNMEFs-2/l3/s-2l3m-2n2.dat,1,8.106338859342884e-15,0.0
-2,3,-2,2,schwarzschild-overtone-continuation,ell23-uniform-40,1,19,780,0.02435897435897436,0x1.8f18f18f18f19p-6,0.5478985317043482,-0.47946264427682234,10.017778004670653,-0.015445274912883339,true,3.988158472468045e-14,6.938893903907228e-16,1000,20,24,2.3092705632240563e-14,0.0,2.531698018113677e-15,3.403682341508199e-13,0.004,0.2004959879357291,,,,
-2,3,-2,2,schwarzschild-overtone-continuation,ell23-uniform-40,2,19,390,0.04871794871794872,0x1.8f18f18f18f19p-5,0.5442133760453549,-0.4797885403119057,10.035286875207111,-0.030660728949664796,true,1.3337175320070063e-13,4.657336792487875e-16,1000,20,24,1.734723475976807e-16,0.0,0.0,5.748636620178754e-13,0.004,0.20076838273866138,,,,
-2,3,-2,2,schwarzschild-overtone-continuation,ell23-uniform-40,3,19,260,0.07307692307692308,0x1.2b52b52b52b53p-4,0.5406258756512099,-0.4800722428738419,10.052542101112259,-0.04564671910195194,true,7.587170250247472e-14,4.710277376051325e-16,1000,20,24,1.4210856409267797e-14,0.0,3.844723333240106e-15,1.726867602174266e-13,0.004,0.20102072070985474,,,,
-2,3,-2,2,schwarzschild-overtone-continuation,ell23-uniform-40,4,19,195,0.09743589743589744,0x1.8f18f18f18f19p-4,0.5371326853701744,-0.480315382949759,10.069558281348387,-0.06040369019057847,true,1.1531022405982247e-13,3.331391796911832e-16,1000,20,24,2.131631030721588e-14,0.0,0.0,7.61156469010769e-14,0.004,0.20125363838588484,,,,
-2,3,-2,2,schwarzschild-overtone-continuation,ell23-uniform-40,5,19,156,0.12179487179487179,0x1.f2df2df2df2dfp-4,0.5337306555886918,-0.4805194322411307,10.086349186539868,-0.07493215232315663,true,8.07656537475711e-14,1.457167719820518e-16,1000,20,24,3.5580223032530555e-15,0.0,1.916542091876757e-15,2.6891279315180403e-13,0.004,0.20146770581578283,,,,
-2,3,-2,2,schwarzschild-overtone-continuation,ell23-uniform-40,6,19,130,0.14615384615384616,0x1.2b52b52b52b53p-3,0.5304168163125038,-0.48068571506833496,10.102927814887405,-0.08923266098738472,true,7.316698243098516e-13,7.190046907511409e-16,1000,20,24,3.9079872643661836e-14,9.946414901022556e-15,1.2168469792883275e-14,3.638239982020032e-13,0.004,0.20166343137331852,,,,
-2,3,-2,2,schwarzschild-overtone-continuation,ell23-uniform-40,7,133,780,0.17051282051282052,0x1.5d35d35d35d36p-3,0.5271883625921516,-0.480815418851524,10.11930644245322,-0.10330579941178056,true,2.4352290941694743e-13,1.0000677077679748e-15,1000,20,24,5.1515425056271065e-14,0.0,1.2994827337208943e-15,3.3352991863680313e-13,0.004,0.20184126600331828,,,,
-2,3,-2,2,schwarzschild-overtone-continuation,ell23-uniform-40,8,38,195,0.19487179487179487,0x1.8f18f18f18f19p-3,0.524042641119516,-0.48090960333990845,10.135496668384787,-0.11715216288473668,true,8.405495513285155e-14,5.4672143489065705e-16,1000,20,24,1.9539969587077654e-14,0.0,0.0,1.5784857202840213e-13,0.004,0.20200160697422134,,,,
-2,3,-2,2,schwarzschild-overtone-continuation,ell23-uniform-40,9,57,260,0.21923076923076923,0x1.c0fc0fc0fc0fcp-3,0.52097713784131,-0.4809692087381439,10.151509455567139,-0.13077234477257554,true,2.4127248657684555e-13,7.043917247687977e-16,1000,20,24,1.2435613005176604e-14,0.0,0.0,8.539659992536935e-13,0.004,0.20214480120052986,,,,
-2,3,-2,2,schwarzschild-overtone-continuation,ell23-uniform-40,10,19,78,0.24358974358974358,0x1.f2df2df2df2dfp-3,0.5179894664520992,-0.4809950628586959,10.16735516712432,-0.14416692401982095,true,1.2165450851839156e-13,3.7089020784843903e-16,1000,20,24,5.862009767451464e-14,0.0,0.0,4.918752616757308e-13,0.004,0.20227114819109435,,,,
-2,3,-2,2,schwarzschild-overtone-continuation,ell23-uniform-40,11,209,780,0.26794871794871794,0x1.1261261261261p-2,0.5150773576427868,-0.4809878874132889,10.183043599133484,-0.15733645395172846,true,2.0527924651635468e-13,4.445768331151997e-16,1000,20,24,5.347542221830668e-15,0.0,5.4290359981217895e-15,1.0737136715217037e-13,0.004,0.20238090267401276,,,,
-2,3,-2,2,schwarzschild-overtone-continuation,ell23-uniform-40,12,19,65,0.2923076923076923,0x1.2b52b52b52b53p-2,0.5122386489920172,-0.4809483035431453,10.19858400986318,-0.17028145223107688,true,3.0110460151295795e-13,3.0531133177191805e-16,1000,20,24,2.843233262637584e-14,0.0,0.0,2.9169191050562694e-13,0.004,0.2024742769441637,,,,
-2,3,-2,2,schwarzschild-overtone-continuation,ell23-uniform-40,13,19,60,0.31666666666666665,0x1.4444444444444p-2,0.5094712753971631,-0.48087683667744396,10.21398514580419,-0.1830023918500542,true,3.607579134868181e-13,5.389157964038493e-16,1000,20,24,1.0658177176412646e-14,0.0,0.0,2.5126542376911777e-13,0.004,0.20255144297672997,,,,
-2,3,-2,2,schwarzschild-overtone-continuation,ell23-uniform-40,14,133,390,0.34102564102564104,0x1.5d35d35d35d36p-2,0.5067732599492846,-0.4807739208010206,10.229255264718999,-0.1954996930637822,true,2.503213922610599e-13,8.326672684688674e-17,1000,20,24,2.664541041505688e-14,0.0,4.095805194048e-15,9.430179735591716e-14,0.004,0.20261253434788506,,,,
-2,3,-2,2,schwarzschild-overtone-continuation,ell23-uniform-40,15,19,52,0.36538461538461536,0x1.7627627627627p-2,0.5041427051627787,-0.4806399022063542,10.244402155906608,-0.2077737161963175,true,6.895977633300854e-14,4.1080361655775567e-16,1000,20,24,4.085961061649548e-14,0.0,0.0,3.1069110812408056e-13,0.004,0.2026576480031597,,,,
-2,3,-2,2,schwarzschild-overtone-continuation,ell23-uniform-40,16,76,195,0.38974358974358975,0x1.8f18f18f18f19p-2,0.5015777844754328,-0.4804750428007806,10.259433157844233,-0.2198247552728688,true,4.3512857001673736e-13,2.9052345828309734e-16,1000,20,24,2.6646277760795913e-14,0.0,0.0,4.021084953359483e-13,0.004,0.20268684591432248,,,,
-2,3,-2,2,schwarzschild-overtone-continuation,ell23-uniform-40,17,323,780,0.41410256410256413,0x1.a80a80a80a80bp-2,0.4990767339388696,-0.48027952303772947,10.27435517334499,-0.2316530324543891,true,1.43928757971101e-13,9.992970910418892e-16,1000,20,24,1.1191185763841062e-13,0.0,1.07181094099104e-14,2.04871497623304e-13,0.004,0.20270015666712457,,,,
-2,3,-2,2,schwarzschild-overtone-continuation,ell23-uniform-40,18,57,130,0.43846153846153846,0x1.c0fc0fc0fc0fcp-2,0.49663784402294514,-0.48005344454041654,10.289174682346168,-0.24325869327321906,true,2.026000974367113e-13,2.3479724158959924e-16,1000,20,24,6.395058694153868e-14,2.9205407954182373e-15,1.1728758814287895e-14,9.705319490521692e-13,0.004,0.20269757702474284,,,,
-2,3,-2,2,schwarzschild-overtone-continuation,ell23-uniform-40,19,361,780,0.46282051282051284,0x1.d9ed9ed9ed9eep-2,0.4942594514605856,-0.47979683248841676,10.303897752423348,-0.254641802691706,true,1.674781644312613e-13,1.734723475976807e-16,1000,20,24,1.6021964624461192e-14,0.0,3.3550969194576954e-15,5.945638096829276e-13,0.004,0.20267907351593278,,,,
-2,3,-2,2,schwarzschild-overtone-continuation,ell23-uniform-40,20,19,39,0.48717948717948717,0x1.f2df2df2df2dfp-2,0.49193993106305506,-0.4795096378407894,10.31853004711242,-0.2658023420297541,true,1.9809564793356575e-13,7.376145397762941e-16,1000,20,24,6.219630009466357e-14,2.9893669801409084e-15,3.160725202785821e-15,1.3065584559820772e-13,0.004,0.20264458410153335,,,,
-2,3,-2,2,schwarzschild-overtone-continuation,ell23-uniform-40,21,133,260,0.5115384615384615,0x1.05e85e85e85e8p-1,0.4896776874385813,-0.47919173947568106,10.333076832106789,-0.2767402068331746,true,1.462449891871584e-13,4.467376080957673e-16,1000,20,24,7.183280244430314e-15,0.0,5.157759701249372e-15,1.0770880041763767e-13,0.004,0.2025940199800826,,,,
-2,3,-2,2,schwarzschild-overtone-continuation,ell23-uniform-40,22,209,390,0.5358974358974359,0x1.1261261261261p-1,0.48747114655197915,-0.47884294633374597,10.347542979392369,-0.2874552057822078,true,2.492764945186076e-13,7.920071861333852e-16,1000,20,24,4.086258003240401e-14,0.0,0.0,1.638225773711427e-13,0.004,0.20252726760037462,,,,
-2,3,-2,2,schwarzschild-overtone-continuation,ell23-uniform-40,23,437,780,0.5602564102564103,0x1.1ed9ed9ed9edap-1,0.4853187470682457,-0.4784629996632103,10.361932969381344,-0.29794706076937355,true,2.4743102947613216e-13,2.7755575615628914e-16,1000,20,24,7.105533608619493e-14,0.0,0.0,4.295756898731081e-13,0.004,0.20244419095854557,,,,
-2,3,-2,2,schwarzschild-overtone-continuation,ell23-uniform-40,24,38,65,0.5846153846153846,0x1.2b52b52b52b53p-1,0.4832189314311804,-0.4780515754761769,10.37625089110844,-0.30821540830733807,true,7.552405206970613e-13,2.2729511820139823e-16,1000,20,24,2.1337160809573222e-14,0.0,0.0,6.405977231429802e-13,0.004,0.2023446342668999,,,,
-2,3,-2,2,schwarzschild-overtone-continuation,ell23-uniform-40,25,95,156,0.6089743589743589,0x1.37cb7cb7cb7cbp-1,0.48117013663866437,-0.4776082873400359,10.390500440567738,-0.31825980246109475,true,2.5579692684541155e-13,1.1188630228279524e-16,1000,20,24,2.6684413063186528e-14,3.4367634720675847e-15,8.42398866944097e-15,5.174178653962301e-13,0.004,0.20222842509301625,,,,
-2,3,-2,2,schwarzschild-overtone-continuation,ell23-uniform-40,26,19,30,0.6333333333333333,0x1.4444444444444p-1,0.47917078469134844,-0.4771326896430828,10.404684917287886,-0.32807971953289533,true,5.249504521724716e-13,7.663002283985489e-16,1000,20,24,1.4214757307157084e-14,9.680291698812869e-15,1.452621931828401e-14,3.247579788083038e-13,0.004,0.20209537807857,,,,
-2,3,-2,2,schwarzschild-overtone-continuation,ell23-uniform-40,27,171,260,0.6576923076923077,0x1.50bd0bd0bd0bdp-1,0.47721927271103654,-0.4766242814898751,10.418807219276726,-0.33767456476253915,true,3.8571723609154246e-13,8.881784197001252e-16,1000,20,24,1.95714402457095e-14,0.0,0.0,6.376714371042807e-13,0.004,0.20194529935810812,,,,
-2,3,-2,2,schwarzschild-overtone-continuation,ell23-uniform-40,28,133,195,0.6820512820512821,0x1.5d35d35d35d36p-1,0.47531396275151927,-0.4760825113967139,10.432869836510593,-0.3470436813364989,true,2.338225633091763e-13,1.6711069443220838e-16,1000,20,24,4.085926181379754e-14,3.128879526812945e-15,1.4516351790555462e-14,2.26929586233382e-13,0.004,0.20177799180577852,,,,
-2,3,-2,2,schwarzschild-overtone-continuation,ell23-uniform-40,29,551,780,0.7064102564102565,0x1.69ae9ae9ae9afp-1,0.473453171357315,-0.47550678297172366,10.446874843201861,-0.35618636202564086,true,5.830835517966293e-13,5.4672143489065705e-16,1000,20,24,3.0235237904184296e-14,0.0,1.7636915750149492e-14,5.33204693507746e-13,0.004,0.2015932612436721,,,,
-2,3,-2,2,schwarzschild-overtone-continuation,ell23-uniform-40,30,19,26,0.7307692307692307,0x1.7627627627627p-1,0.4716351589665733,-0.47489646177116535,10.46082388915195,-0.3651018637861819,true,2.101630778670477e-13,2.482534153247273e-16,1000,20,24,7.999648041244785e-14,0.0,6.83035335636718e-15,6.831085256737034e-13,0.004,0.20139092374270331,,,,
-2,3,-2,2,schwarzschild-overtone-continuation,ell23-uniform-40,31,589,780,0.7551282051282051,0x1.82a02a02a02a0p-1,0.46985811930205923,-0.47425088352527495,10.474718190583015,-0.3737894256601969,true,2.303316539539231e-13,2.0816681711721685e-17,1000,20,24,2.8427129924377134e-14,8.532119924727177e-15,1.2084230658809304e-14,6.321684384600078e-13,0.004,0.20117081413760918,,,,
-2,3,-2,2,schwarzschild-overtone-continuation,ell23-uniform-40,32,152,195,0.7794871794871795,0x1.8f18f18f18f19p-1,0.46812016894715586,-0.4735693639157979,10.488558520941888,-0.38224829029176227,true,8.274968200872247e-13,4.443059973708341e-16,1000,20,24,3.7309440776686157e-14,2.3112712947436976e-14,2.3961277670048557e-14,5.826477511780254e-13,0.004,0.2009327958558167,,,,
-2,3,-2,2,schwarzschild-overtone-continuation,ell23-uniform-40,33,209,260,0.8038461538461539,0x1.9b91b91b91b92p-1,0.46641933735984725,-0.4728512100644383,10.502345202272942,-0.3904777293302226,true,1.602522234597421e-13,4.561234287365988e-16,1000,20,24,7.105427357601002e-15,1.3316314123646287e-14,1.7441635518255584e-14,6.197729123295538e-13,0.004,0.2006767721248472,,,,
-2,3,-2,2,schwarzschild-overtone-continuation,ell23-uniform-40,34,323,390,0.8282051282051283,0x1.a80a80a80a80bp-1,0.4647535576318058,-0.47209573385229314,10.516078097865678,-0.39847707291718465,true,9.130284075445036e-13,1.1269455858991386e-15,1000,20,24,3.3820143261846216e-14,3.164992518415486e-14,7.617994927637217e-14,7.959763622078779e-13,0.004,0.2004026985750845,,,,
-2,3,-2,2,schwarzschild-overtone-continuation,ell23-uniform-40,35,133,156,0.8525641025641025,0x1.b483483483483p-1,0.46312065834747757,-0.4713022671374136,10.529756606977442,-0.40624574334903213,true,3.8585091652276313e-13,6.662783593823664e-16,1000,20,24,7.136584070361083e-15,0.0,4.420918678839991e-14,2.279423871874273e-13,0.004,0.20011059719254506,,,,
-2,3,-2,2,schwarzschild-overtone-continuation,ell23-uniform-40,36,57,65,0.8769230769230769,0x1.c0fc0fc0fc0fcp-1,0.4615183569364644,-0.47047017887301557,10.543379662517614,-0.4137832928731408,true,4.656393427555339e-13,3.2398021848425308e-16,1000,20,24,4.263617799967902e-14,0.0,0.0,4.1650549089458866e-13,0.004,0.19980057150614974,,,,
-2,3,-2,2,schwarzschild-overtone-continuation,ell23-uniform-40,37,703,780,0.9012820512820513,0x1.cd74d74d74d75p-1,0.4599442549419399,-0.46959889405577515,10.55694573264164,-0.4210894454159007,true,1.7763568394002505e-13,1.97758476261356e-16,1000,20,24,2.6783828463706765e-14,0.0,0.0,8.373676239454407e-13,0.004,0.1994728228161519,,,,
-2,3,-2,2,schwarzschild-overtone-continuation,ell23-uniform-40,38,361,390,0.9256410256410257,0x1.d9ed9ed9ed9eep-1,0.4583958356443385,-0.4686879143510618,10.570452827241308,-0.4281641418559004,true,2.3442695016192525e-13,5.0895734351719815e-16,1000,20,24,7.105915231829363e-14,0.0,5.822572035429251e-14,9.022843653541647e-13,0.004,0.19912766718464836,,,,
-2,3,-2,2,schwarzschild-overtone-continuation,ell23-uniform-40,39,19,20,0.95,0x1.e666666666666p-1,0.4568704644914381,-0.4677368401496794,10.583898510327453,-0.4350075882438572,true,2.4841701007304093e-13,4.471281307293777e-16,1000,20,24,1.2434993501203062e-14,0.0,2.4015312876284357e-13,3.795474883702564e-12,0.004,0.19876555281421396,KerrQNMEFs-2/l3/s-2l3m-2n2.dat,951,1.4558501882040448e-13,1.4699882163005554e-13
-2,3,-2,2,schwarzschild-overtone-continuation,ell23-supplemental-high,40,97,100,0.97,0x1.f0a3d70a3d70ap-1,0.4556333561544271,-0.46692578426919573,10.594890213557772,-0.4404538931723062,true,1.6553129681818092e-12,1.2341920555886013e-15,1000,20,24,1.7772239894833365e-15,0.0,0.0,3.18009365355842e-12,0.004,0.19845597470144666,KerrQNMEFs-2/l3/s-2l3m-2n2.dat,971,6.183852651315659e-13,6.280680337375846e-13
-2,3,-2,2,schwarzschild-overtone-continuation,ell23-supplemental-high,41,49,50,0.98,0x1.f5c28f5c28f5cp-1,0.4550194437663553,-0.46651002104207234,10.600369267769915,-0.44311885569468,true,1.305167837211227e-12,1.003534157357007e-15,1000,20,24,1.0660453750117863e-14,0.0,0.0,2.039640004448626e-12,0.004,0.19829717464206637,KerrQNMEFs-2/l3/s-2l3m-2n2.dat,981,1.5162294548438022e-13,1.709207006276587e-13
-2,3,-2,2,schwarzschild-overtone-continuation,ell23-supplemental-high,42,99,100,0.99,0x1.fae147ae147aep-1,0.45440835848973704,-0.46608742826344757,10.605836807764456,-0.44574512223334667,true,7.70261098978118e-12,1.1514383065176238e-15,1000,20,24,2.3092905791195877e-14,1.1586077294969187e-12,0.0,9.870369736362146e-12,0.004,0.19813577783405084,KerrQNMEFs-2/l3/s-2l3m-2n2.dat,991,2.3278873561114274e-12,2.4114120972057634e-12
-2,3,-2,2,schwarzschild-overtone-continuation,ell23-supplemental-high,43,199,200,0.995,0x1.fd70a3d70a3d7p-1,0.45410381239188213,-0.46587357109268485,10.60856618226399,-0.44704377154471,true,8.444599385616335e-12,9.822215874082147e-15,1145,20,24,2.8455570577493314e-14,0.0,8.222664371459915e-12,1.180504690930266e-11,0.004,0.19805412558124208,KerrQNMEFs-2/l3/s-2l3m-2n2.dat,996,9.435187198975378e-12,9.813730410830266e-12
-2,3,-2,2,schwarzschild-overtone-continuation,ell23-supplemental-high,44,997,1000,0.997,0x1.fe76c8b439581p-1,0.45398217185138584,-0.46578755037931613,10.609657101467915,-0.44756053134926704,true,2.3878562491570587e-11,9.909022322596829e-15,1387,20,24,2.845037212500472e-14,2.164318973250292e-12,0.0,4.672865272669179e-12,0.004,0.19802128928665552,KerrQNMEFs-2/l3/s-2l3m-2n2.dat,998,1.3007938860627183e-11,1.3544567208287573e-11
-2,3,-2,2,schwarzschild-overtone-continuation,ell23-supplemental-high,45,999,1000,0.999,0x1.ff7ced916872bp-1,0.45386063040231683,-0.4657012567774505,10.610747542877052,-0.4480757496697202,true,4.6403908264887405e-11,9.82500715176522e-15,2118,20,24,6.580401539665289e-14,3.101964126769735e-11,0.0,1.4655160531327717e-11,0.004,0.1979883537069635,KerrQNMEFs-2/l3/s-2l3m-2n2.dat,1000,7.732356038808257e-11,8.069172788385257e-11
-2,3,-1,0,schwarzschild-overtone-continuation,ell23-uniform-40,0,0,1,0.0,0x0.0p+0,0.5994432884374916,-0.09270304794494721,10.0,0.0,true,6.877650182243564e-14,2.9052345828309734e-16,1000,20,24,0.0,0.0,0.0,8.333301778087208e-14,0.004,,KerrQNMEFs-2/l3/s-2l3m-1n0.dat,1,1.602148379482783e-15,0.0
-2,3,-1,0,schwarzschild-overtone-continuation,ell23-uniform-40,1,19,780,0.02435897435897436,0x1.8f18f18f18f19p-6,0.5978344631371879,-0.09271502580111908,10.009635567833932,-0.001482468502268988,true,5.329810615491758e-14,4.47545209131181e-16,1000,20,24,3.19744231275863e-14,0.0,2.0471501066083613e-15,1.1797821420476678e-13,0.004,,,,,
-2,3,-1,0,schwarzschild-overtone-continuation,ell23-uniform-40,2,19,390,0.04871794871794872,0x1.8f18f18f18f19p-5,0.5962882825636573,-0.09271932347699675,10.01907662320824,-0.0029189280572219593,true,5.369257097709317e-14,4.577566798522237e-16,1000,20,24,3.375078440667261e-14,0.0,0.0,1.3491324946568705e-13,0.004,,,,,
-2,3,-1,0,schwarzschild-overtone-continuation,ell23-uniform-40,3,19,260,0.07307692307692308,0x1.2b52b52b52b53p-4,0.5948032081389893,-0.09271611305517954,10.028328123501737,-0.004309268100020651,true,4.171839369083926e-14,4.47545209131181e-16,1000,20,24,2.8421709642162244e-14,0.0,0.0,1.3945886121916072e-13,0.004,,,,,
-2,3,-1,0,schwarzschild-overtone-continuation,ell23-uniform-40,4,19,195,0.09743589743589744,0x1.8f18f18f18f19p-4,0.5933778199042234,-0.09270553531140685,10.03739475038768,-0.0056533841180859004,true,1.4466269914582546e-13,6.938893903907228e-18,1000,20,24,1.7764332824789285e-15,0.0,0.0,1.2102795752787888e-13,0.004,,,,,
-2,3,-1,0,schwarzschild-overtone-continuation,ell23-uniform-40,5,19,156,0.12179487179487179,0x1.f2df2df2df2dfp-4,0.5920108096716696,-0.0926877010333038,10.04628092679494,-0.0069511753942394765,true,2.0860142283340862e-13,1.6711069443220838e-16,1000,20,24,4.6185286693817965e-14,5.613011916452869e-15,1.2680569940734624e-14,3.3389838875483536e-13,0.004,,,,,
-2,3,-1,0,schwarzschild-overtone-continuation,ell23-uniform-40,6,19,130,0.14615384615384616,0x1.2b52b52b52b53p-3,0.5907009749333076,-0.09266269205209371,10.054990832296184,-0.008202542983827967,true,1.518111348018927e-13,5.27766632335736e-16,1000,20,24,8.881785721660427e-15,0.0,0.0,1.0655550201113982e-13,0.004,,,,,
-2,3,-1,0,schwarzschild-overtone-continuation,ell23-uniform-40,7,133,780,0.17051282051282052,0x1.5d35d35d35d36p-3,0.5894472134537116,-0.09263056200557075,10.063528417076196,-0.00940738789139391,true,2.259646170677204e-13,8.908848018021073e-16,1000,20,24,6.394885977093473e-14,0.0,0.0,2.2598032638862284e-13,0.004,,,,,
-2,3,-1,0,schwarzschild-overtone-continuation,ell23-uniform-40,8,38,195,0.19487179487179487,0x1.8f18f18f18f19p-3,0.5882485184859259,-0.09259133684572395,10.071897414614478,-0.010565609417333382,true,7.69864221545057e-14,5.855456244815921e-16,1000,20,24,2.6645372976255557e-14,0.0,0.0,1.0602112543495375e-13,0.004,,,,,
-2,3,-1,0,schwarzschild-overtone-continuation,ell23-uniform-40,9,57,260,0.21923076923076923,0x1.c0fc0fc0fc0fcp-3,0.587103974557238,-0.09254501509988888,10.080101353197268,-0.011677103649018375,true,2.8202287277614296e-14,2.2247786310271853e-16,1000,20,24,3.730351686030172e-14,0.0,1.0783460845676344e-14,2.5094970041808157e-13,0.004,,,,,
-2,3,-1,0,schwarzschild-overtone-continuation,ell23-uniform-40,10,19,78,0.24358974358974358,0x1.f2df2df2df2dfp-3,0.5860127537791808,-0.09249156788997713,10.088143566360888,-0.012741762074279534,true,9.14543478879259e-14,2.3479724158959924e-16,1000,20,24,5.506707188524217e-14,0.0,0.0,2.1432998545066569e-13,0.004,,,,,
-2,3,-1,0,schwarzschild-overtone-continuation,ell23-uniform-40,11,209,780,0.26794871794871794,0x1.1261261261261p-2,0.5849741126426251,-0.09243093871036881,10.096027202354026,-0.013759470298015886,true,6.179066904694994e-14,4.467376080957673e-16,1000,20,24,3.3750780661895654e-14,0.0,1.7503626354362158e-15,3.833855867991193e-14,0.004,,,,,
-2,3,-1,0,schwarzschild-overtone-continuation,ell23-uniform-40,12,19,65,0.2923076923076923,0x1.2b52b52b52b53p-2,0.5839873892644138,-0.09236304296093734,10.103755232695775,-0.014730106845159761,true,7.892428601420107e-14,2.8609792490763985e-16,1000,20,24,4.618530522265641e-14,0.0,5.672621096443546e-15,7.450250025577225e-14,0.004,,,,,
-2,3,-1,0,schwarzschild-overtone-continuation,ell23-uniform-40,13,19,60,0.31666666666666665,0x1.4444444444444p-2,0.5830520010569682,-0.09228776722747005,10.111330459893873,-0.015653542035291564,true,9.707184716932601e-14,1.1295700899707568e-16,1000,20,24,4.97380013045873e-14,0.0,0.0,5.4888150823703476e-14,0.004,,,,,
-2,3,-1,0,schwarzschild-overtone-continuation,ell23-uniform-40,14,133,390,0.34102564102564104,0x1.5d35d35d35d36p-2,0.5821674427965785,-0.09220496829758655,10.118755524380312,-0.016529636916012662,true,4.3546224919407e-14,5.013320832966251e-16,1000,20,24,3.730355187095864e-14,0.0,1.2086429840187376e-15,2.3929115668234035e-13,0.004,,,,,
-2,3,-1,0,schwarzschild-overtone-continuation,ell23-uniform-40,15,19,52,0.36538461538461536,0x1.7627627627627p-2,0.5813332850698092,-0.09211447189546064,10.126032910712095,-0.01735824224373625,true,5.4711358097392625e-14,1.734723475976807e-16,1000,20,24,7.63834406165089e-14,1.435864898055014e-15,5.143775420446722e-15,2.154688628432707e-13,0.004,,,,,
-2,3,-1,0,schwarzschild-overtone-continuation,ell23-uniform-40,16,76,195,0.38974358974358975,0x1.8f18f18f18f19p-2,0.5805491730806716,-0.09201607111374314,10.133164953075125,-0.018139197501969614,true,9.21364716944903e-14,2.3479724158959924e-16,1000,20,24,3.907988511813799e-14,2.4453670244623667e-15,6.195464776079161e-15,2.1897245939066436e-13,0.004,,,,,
-2,3,-1,0,schwarzschild-overtone-continuation,ell23-uniform-40,17,323,780,0.41410256410256413,0x1.a80a80a80a80bp-2,0.5798148258038354,-0.09190952451528422,10.140153840124503,-0.018872329948387747,true,8.08303360890373e-14,2.582350176184633e-16,1000,20,24,3.552714288664171e-14,0.0,0.0,5.057793989687611e-14,0.004,,,,,
-2,3,-1,0,schwarzschild-overtone-continuation,ell23-uniform-40,18,57,130,0.43846153846153846,0x1.c0fc0fc0fc0fcp-2,0.5791300354712839,-0.09179455387115497,10.147001619184438,-0.019557453683251902,true,3.68487019189505e-14,2.582350176184633e-16,1000,20,24,3.9079856011020775e-14,0.0,3.0349233860234356e-15,7.108895957933346e-15,0.004,,,,,
-2,3,-1,0,schwarzschild-overtone-continuation,ell23-uniform-40,19,361,780,0.46282051282051284,0x1.d9ed9ed9ed9eep-2,0.5784946673812892,-0.09167084149398151,10.15371019982583,-0.020194368732853,true,8.29843995937393e-14,4.632458786145298e-16,1000,20,24,6.217249722011327e-14,0.0,0.0,8.411740125079021e-14,0.004,,,,,
-2,3,-1,0,schwarzschild-overtone-continuation,ell23-uniform-40,20,19,39,0.48717948717948717,0x1.f2df2df2df2dfp-2,0.5779086600193325,-0.09153802711729583,10.160281356831387,-0.020782860142907908,true,3.216199406086401e-14,2.5447867175859907e-16,1000,20,24,3.197445491998159e-14,0.0,0.0,9.591607316771129e-14,0.004,,,,,
-2,3,-1,0,schwarzschild-overtone-continuation,ell23-uniform-40,21,133,260,0.5115384615384615,0x1.05e85e85e85e8p-1,0.5773720254805603,-0.09139570426192006,10.166716732550048,-0.02132269707818914,true,2.0914668822265654e-14,6.004849988450171e-16,1000,20,24,5.151448340037326e-14,0.0,6.245991300465091e-15,1.0694830893395338e-13,0.004,,,,,
-2,3,-1,0,schwarzschild-overtone-continuation,ell23-uniform-40,22,209,390,0.5358974358974359,0x1.1261261261261p-1,0.5768848501821028,-0.09124341601907308,10.173017838637055,-0.02181363192626388,true,8.191610388096001e-14,2.0595777971499126e-16,1000,20,24,4.4409012599995334e-14,0.0,0.0,2.3607842543075485e-13,0.004,,,,,
-2,3,-1,0,schwarzschild-overtone-continuation,ell23-uniform-40,23,437,780,0.5602564102564103,0x1.1ed9ed9ed9edap-1,0.5764472958510034,-0.09108065016621229,10.179186057164896,-0.02225539940507018,true,3.9547010612778715e-14,5.48172618408671e-16,1000,20,24,3.197482140043859e-14,0.0,0.0,1.255956204492245e-13,0.004,,,,,
-2,3,-1,0,schwarzschild-overtone-continuation,ell23-uniform-40,24,38,65,0.5846153846153846,0x1.2b52b52b52b53p-1,0.5760596007689549,-0.09090683351627829,10.185222641083332,-0.02264771567655488,true,1.053458329430062e-13,2.2887833992611187e-16,1000,20,24,2.1316472936705965e-14,0.0,0.0,2.655097376887041e-13,0.004,,,,,
-2,3,-1,0,schwarzschild-overtone-continuation,ell23-uniform-40,25,95,156,0.6089743589743589,0x1.37cb7cb7cb7cbp-1,0.5757220812481405,-0.09072132538236863,10.191128713995035,-0.022990277471762143,true,2.4349091853294377e-14,1.0408340855860843e-16,1000,20,24,6.394884772424535e-14,0.0,5.795949711218547e-15,1.6170946214483343e-13,0.004,,,,,
-2,3,-1,0,schwarzschild-overtone-continuation,ell23-uniform-40,26,19,30,0.6333333333333333,0x1.4444444444444p-1,0.5754351333019797,-0.09052341001778091,10.196905269202954,-0.02328276123685733,true,8.20667367581468e-14,2.306595211858756e-16,1000,20,24,1.4210905960602915e-14,0.0,2.1677797545656835e-15,2.1343650005259877e-13,0.004,,,,,
-2,3,-1,0,schwarzschild-overtone-continuation,ell23-uniform-40,27,171,260,0.6576923076923077,0x1.50bd0bd0bd0bdp-1,0.5751992344598512,-0.09031228786644431,10.202553167972013,-0.02352482231537596,true,3.0787427327232494e-14,2.9504581591051765e-16,1000,20,24,1.2434993501203062e-14,0.0,9.899221668966102e-15,3.794364842546013e-13,0.004,,,,,
-2,3,-1,0,schwarzschild-overtone-continuation,ell23-uniform-40,28,133,195,0.6820512820512821,0x1.5d35d35d35d36p-1,0.5750149456538475,-0.09008706542840408,10.208073136931747,-0.02371609418954923,true,8.516127075118096e-14,7.010772845198844e-16,1000,20,24,3.0198073444670725e-14,5.760335218184685e-15,1.052724198567234e-14,4.947230037771842e-13,0.004,,,,,
-2,3,-1,0,schwarzschild-overtone-continuation,ell23-uniform-40,29,551,780,0.7064102564102565,0x1.69ae9ae9ae9afp-1,0.5748829130764697,-0.08984674351099321,10.213465764528534,-0.023856187814085536,true,2.499180830732445e-13,3.945418707248932e-16,1000,20,24,3.375106526375997e-14,0.0,0.0,5.469226815203916e-13,0.004,,,,,
-2,3,-1,0,schwarzschild-overtone-continuation,ell23-uniform-40,30,19,26,0.7307692307692307,0x1.7627627627627p-1,0.5748038698683486,-0.08959020359734868,10.218731496417153,-0.023944691090308088,true,2.1022875500329038e-13,5.898059818321144e-17,1000,20,24,8.881820307636452e-14,5.406729849075286e-15,6.187081393325543e-15,3.42450735003467e-13,0.004,,,,,
-2,3,-1,0,schwarzschild-overtone-continuation,ell23-uniform-40,31,589,780,0.7551282051282051,0x1.82a02a02a02a0p-1,0.5747786374401073,-0.08931619201983317,10.223870629654067,-0.023981168548273736,true,2.8609307803114984e-13,4.484587321511725e-16,1000,20,24,1.42109262893058e-14,7.28550816809042e-15,1.9643811332260003e-14,3.200478562880148e-13,0.004,,,,,
-2,3,-1,0,schwarzschild-overtone-continuation,ell23-uniform-40,32,152,195,0.7794871794871795,0x1.8f18f18f18f19p-1,0.574808126158853,-0.0890233015795017,10.228883305529113,-0.02396516133205603,true,1.0470715763863339e-13,4.2914688736145975e-16,1000,20,24,7.46069937890644e-14,0.0,0.0,1.8412572736585323e-13,0.004,,,,,
-2,3,-1,0,schwarzschild-overtone-continuation,ell23-uniform-40,33,209,260,0.8038461538461539,0x1.9b91b91b91b92p-1,0.5748933350310158,-0.08870995020460577,10.23376950083899,-0.02389618762115002,true,4.719897452640404e-14,2.3714374201337736e-16,1000,20,24,3.555289419311741e-15,0.0,0.0,1.119140053442553e-13,0.004,,,,,
-2,3,-1,0,schwarzschild-overtone-continuation,ell23-uniform-40,34,323,390,0.8282051282051283,0x1.a80a80a80a80bp-1,0.5750353498813873,-0.08837435619527971,10.238529017372786,-0.02377374367260226,true,2.2058497114476595e-13,2.514331927660129e-16,1000,20,24,3.3750940438676344e-14,0.0,0.0,2.5841108096607124e-13,0.004,,,,,
-2,3,-1,0,schwarzschild-overtone-continuation,ell23-uniform-40,35,133,156,0.8525641025641025,0x1.b483483483483p-1,0.5752353393577522,-0.08801450956798892,10.243161469339949,-0.02359730573959326,true,1.1430273099217881e-13,8.906212913792458e-16,1000,20,24,3.197469491151056e-14,0.0,0.0,3.2438125395749397e-13,0.004,,,,,
-2,3,-1,0,schwarzschild-overtone-continuation,ell23-uniform-40,36,57,65,0.8769230769230769,0x1.c0fc0fc0fc0fcp-1,0.5754945478692136,-0.0876281389979127,10.247666268440561,-0.023366333217534382,true,1.9312724421933498e-13,6.841851431048982e-16,1000,20,24,3.375151035058605e-14,0.0,1.8121904180882578e-14,3.2483084283049224e-13,0.004,,,,,
-2,3,-1,0,schwarzschild-overtone-continuation,ell23-uniform-40,37,703,780,0.9012820512820513,0x1.cd74d74d74d75p-1,0.5758142842885017,-0.08721267388033038,10.252042606245562,-0.023080273496324345,true,3.2002166648575194e-13,2.359479019930958e-16,1000,20,24,1.2435196779346372e-14,0.0,0.0,9.377014911377556e-14,0.004,,,,,
-2,3,-1,0,schwarzschild-overtone-continuation,ell23-uniform-40,38,361,390,0.9256410256410257,0x1.d9ed9ed9ed9eep-1,0.5761959049038449,-0.08676520111063309,10.256289433546753,-0.022738569163889343,true,5.599880414230937e-13,1.0408340855860843e-17,1000,20,24,1.599648820324645e-14,0.0,1.8410552826180775e-14,1.6698540876659201e-12,0.004,,,,,
-2,3,-1,0,schwarzschild-overtone-continuation,ell23-uniform-40,39,19,20,0.95,0x1.e666666666666p-1,0.5766407886885803,-0.08628241634826192,10.260405436352476,-0.02234066841949022,true,4.183954385160175e-13,4.47545209131181e-16,1000,20,24,3.197608626219929e-14,0.0,3.639851677704519e-14,8.677036104233379e-13,0.004,,KerrQNMEFs-2/l3/s-2l3m-1n0.dat,951,1.414303868622662e-14,5.719956514284611e-15
-2,3,-1,0,schwarzschild-overtone-continuation,ell23-supplemental-high,40,97,100,0.97,0x1.f0a3d70a3d70ap-1,0.577054318934736,-0.08585700508696423,10.263685968842609,-0.021971584386821563,true,1.8399018459077995e-13,2.2591401799415137e-16,1000,20,24,2.8422807163904735e-14,0.0,3.6486139933739614e-14,1.4506050152404825e-12,0.004,,KerrQNMEFs-2/l3/s-2l3m-1n0.dat,971,2.1254682665121705e-14,1.9676479224467415e-14
-2,3,-1,0,schwarzschild-overtone-continuation,ell23-supplemental-high,41,49,50,0.98,0x1.f5c28f5c28f5cp-1,0.577277652222095,-0.08563371060604433,10.265292436804481,-0.0217726145932856,true,2.264273399931443e-12,1.8214596497756474e-16,1000,20,24,7.28328529959505e-14,3.9654843143626446e-14,5.296247491376041e-14,5.552138210386244e-13,0.004,,KerrQNMEFs-2/l3/s-2l3m-1n0.dat,981,3.1484868467559294e-14,3.954708503203017e-14
-2,3,-1,0,schwarzschild-overtone-continuation,ell23-supplemental-high,42,99,100,0.99,0x1.fae147ae147aep-1,0.5775121480383145,-0.0854029435036653,10.266876181213325,-0.021563983104970527,true,4.786255965159319e-12,3.626236012983389e-16,1000,20,24,2.8423275551174525e-14,0.0,7.373638387797924e-15,4.1583401949721635e-12,0.004,,KerrQNMEFs-2/l3/s-2l3m-1n0.dat,991,1.863323907707386e-14,3.7656654328206044e-14
-2,3,-1,0,schwarzschild-overtone-continuation,ell23-supplemental-high,43,199,200,0.995,0x1.fd70a3d70a3d7p-1,0.5776336080365947,-0.08528465509946147,10.267659483616766,-0.02145603481817042,true,1.71311912533495e-12,1.0936410031235494e-15,1000,20,24,1.4223671320383696e-14,0.0,0.0,3.449654339366358e-12,0.004,,KerrQNMEFs-2/l3/s-2l3m-1n0.dat,996,5.5792994437704584e-14,1.0769163338864018e-14
-2,3,-1,0,schwarzschild-overtone-continuation,ell23-supplemental-high,44,997,1000,0.997,0x1.fe76c8b439581p-1,0.5776829814887005,-0.08523678401698322,10.267971198443243,-0.021412176299196232,true,1.2751698545700387e-11,4.934426949698985e-16,1000,20,24,4.618546599565023e-14,5.040660125015014e-14,1.683648023532657e-13,1.4910335952535772e-11,0.004,,KerrQNMEFs-2/l3/s-2l3m-1n0.dat,998,8.419781385798338e-14,1.618238763410291e-14
-2,3,-1,0,schwarzschild-overtone-continuation,ell23-supplemental-high,45,999,1000,0.999,0x1.ff7ced916872bp-1,0.5777328069948346,-0.0851885912016125,10.268281993468076,-0.021367929336880066,true,6.085183568078359e-12,9.689205849959284e-15,1090,20,24,7.105617937458293e-15,0.0,1.7697258858595673e-13,9.340127504843255e-12,0.004,,KerrQNMEFs-2/l3/s-2l3m-1n0.dat,1000,6.666208536206445e-13,1.8338995424620817e-13
-2,3,-1,1,schwarzschild-overtone-continuation,ell23-uniform-40,0,0,1,0.0,0x0.0p+0,0.5826438030332979,-0.2812981134350457,10.0,0.0,true,6.419048000440291e-14,4.454424009010536e-16,1000,20,24,0.0,0.0,1.7667900989825679e-15,4.297581406266429e-14,0.004,0.1893418111169856,KerrQNMEFs-2/l3/s-2l3m-1n1.dat,1,2.277987190955421e-15,0.0
-2,3,-1,1,schwarzschild-overtone-continuation,ell23-uniform-40,1,19,780,0.02435897435897436,0x1.8f18f18f18f19p-6,0.5809396711860856,-0.2813562714885565,10.009380120844407,-0.004500741719863322,true,3.651266807319769e-14,3.3422138886441676e-16,1000,20,24,5.861977853006827e-14,0.0,0.0,8.614987296302639e-14,0.004,0.18939628710610767,,,,
-2,3,-1,1,schwarzschild-overtone-continuation,ell23-uniform-40,2,19,390,0.04871794871794872,0x1.8f18f18f18f19p-5,0.5793053119648125,-0.28138990068305464,10.01860083836046,-0.008866558801566884,true,5.0125063422692274e-14,1.5959455978986625e-16,1000,20,24,2.4869001801838108e-14,0.0,0.0,1.4062489959927662e-13,0.004,0.18943338669207252,,,,
-2,3,-1,1,schwarzschild-overtone-continuation,ell23-uniform-40,3,19,260,0.07307692307692308,0x1.2b52b52b52b53p-4,0.5777391337993865,-0.2813995202537473,10.0276676379549,-0.01309711770929784,true,1.7714651227075247e-13,5.403879419618045e-16,1000,20,24,1.0658215716211385e-14,0.0,7.464134339039856e-15,4.673129042391877e-13,0.004,0.18945345281922954,,,,
-2,3,-1,1,schwarzschild-overtone-continuation,ell23-uniform-40,4,19,195,0.09743589743589744,0x1.8f18f18f18f19p-4,0.5762396672442002,-0.28138555087736244,10.03658567682741,-0.017192093888899904,true,1.8741406512043205e-14,3.394388883480595e-16,1000,20,24,8.881790295636378e-15,0.0,6.115303531970722e-15,2.634407413688134e-13,0.004,0.18945676169133555,,,,
-2,3,-1,1,schwarzschild-overtone-continuation,ell23-uniform-40,5,19,156,0.12179487179487179,0x1.f2df2df2df2dfp-4,0.5748055576925287,-0.2813483185656698,10.045359801962228,-0.021151164492787023,true,7.150387920919873e-14,2.7755575615628914e-16,1000,20,24,2.4869199280687415e-14,0.0,6.033375232228994e-15,3.1939987652484537e-13,0.004,0.18944352536668918,,,,
-2,3,-1,1,schwarzschild-overtone-continuation,ell23-uniform-40,6,19,130,0.14615384615384616,0x1.2b52b52b52b53p-3,0.5734355587658068,-0.2812880576598454,10.053994566203908,-0.02497400183146565,true,1.1073504922101996e-13,1.0418512929668255e-15,1000,20,24,7.105427357601002e-15,0.0,0.0,1.0555880013644903e-13,0.004,0.1894138937514748,,,,
-2,3,-1,1,schwarzschild-overtone-continuation,ell23-uniform-40,7,133,780,0.17051282051282052,0x1.5d35d35d35d36p-3,0.5721285262967666,-0.281204912980398,10.062494242573448,-0.028660267446985747,true,2.1683198553528097e-14,3.635477168592509e-16,1000,20,24,5.1514390518989164e-14,0.0,6.620737537031165e-15,3.10376105979301e-13,0.004,0.1893679560285147,,,,
-2,3,-1,1,schwarzschild-overtone-continuation,ell23-uniform-40,8,38,195,0.19487179487179487,0x1.8f18f18f18f19p-3,0.5708834128323435,-0.28109894117243783,10.070862836954145,-0.032209606719546945,true,5.025277079762631e-14,3.469446951953614e-16,1000,20,24,2.131631030721588e-14,0.0,2.9057317281871776e-15,2.218740091344906e-13,0.004,0.18930574154884208,,,,
-2,3,-1,1,schwarzschild-overtone-continuation,ell23-uniform-40,9,57,260,0.21923076923076923,0x1.c0fc0fc0fc0fcp-3,0.5696992625866414,-0.2809701112719466,10.07910409925798,-0.035621643931955466,true,1.1242475990046569e-13,1.6653345369377348e-16,1000,20,24,3.375091975333218e-14,0.0,6.554078232643619e-15,1.193336375924647e-13,0.004,0.1892272202042524,,,,
-2,3,-1,1,schwarzschild-overtone-continuation,ell23-uniform-40,10,19,78,0.24358974358974358,0x1.f2df2df2df2dfp-3,0.5685752067776709,-0.28081830450599454,10.08722153316193,-0.038895977728399735,true,1.2627448466429119e-13,5.389157964038493e-16,1000,20,24,1.065933585057438e-14,2.6604844918946567e-15,1.3389584260279294e-14,5.412580349963025e-13,0.004,0.18913230229093245,,,,
-2,3,-1,1,schwarzschild-overtone-continuation,ell23-uniform-40,11,209,780,0.26794871794871794,0x1.1261261261261p-2,0.5675104592830341,-0.2806433133273411,10.095218404484852,-0.042032176914425866,true,6.4613072405326e-14,1.734723475976807e-16,1000,20,24,1.5987213060438534e-14,0.0,3.2315882365247814e-15,1.0951999846551078e-13,0.004,0.18902083786615556,,,,
-2,3,-1,1,schwarzschild-overtone-continuation,ell23-uniform-40,12,19,65,0.2923076923076923,0x1.2b52b52b52b53p-2,0.5665043125491844,-0.2804448396717684,10.103097748261275,-0.045029776554375706,true,8.600667827708165e-14,4.445768331151997e-16,1000,20,24,2.4869185486259915e-14,0.0,0.0,5.259683190303025e-13,0.004,0.1888926155925768,,,,
-2,3,-1,1,schwarzschild-overtone-continuation,ell23-uniform-40,13,19,60,0.31666666666666665,0x1.4444444444444p-2,0.5655561336869444,-0.28022249241433217,10.110862374548377,-0.04788827433135273,true,6.885531236134421e-14,8.326672684688674e-17,1000,20,24,3.197588072556782e-14,0.0,0.0,1.4063822196190632e-13,0.004,0.18874736105728962,,,,
-2,3,-1,1,schwarzschild-overtone-continuation,ell23-uniform-40,14,133,390,0.34102564102564104,0x1.5d35d35d35d36p-2,0.5646653606811802,-0.27997578398837086,10.118514872989318,-0.05060712714325024,true,1.0227944301831056e-13,3.3887102699122705e-16,1000,20,24,7.106650367922489e-15,5.432440494274603e-15,8.912954523954708e-15,1.0601740506911578e-13,0.004,0.18858473454539376,,,,
-2,3,-1,1,schwarzschild-overtone-continuation,ell23-uniform-40,15,19,52,0.36538461538461536,0x1.7627627627627p-2,0.5638314986359223,-0.27970412611823936,10.126057616138228,-0.05318574791690688,true,1.3474357479630668e-13,1.217454592664719e-15,1000,20,24,3.552714763002508e-14,0.0,7.398618198782242e-15,5.521906024105731e-14,0.004,0.18840432824061945,,,,
-2,3,-1,1,schwarzschild-overtone-continuation,ell23-uniform-40,16,76,195,0.38974358974358975,0x1.8f18f18f18f19p-2,0.563054115965763,-0.27940682460317967,10.13349276153586,-0.05562350263143712,true,2.66129513859087e-13,6.919785635576268e-16,1000,20,24,1.9541704229620355e-14,0.0,7.095228537709468e-15,2.2917111694369423e-13,0.004,0.1882056628180796,,,,
-2,3,-1,1,schwarzschild-overtone-continuation,ell23-uniform-40,17,323,780,0.41410256410256413,0x1.a80a80a80a80bp-2,0.5623328404310274,-0.2790830730754297,10.140822252509322,-0.05791970755173934,true,2.3542760259097385e-13,3.5333894300643197e-16,1000,20,24,5.684342055487388e-14,4.579249418244023e-15,1.2988779066579385e-14,7.227224102745696e-13,0.004,0.1879881833870741,,,,
-2,3,-1,1,schwarzschild-overtone-continuation,ell23-uniform-40,18,57,130,0.43846153846153846,0x1.c0fc0fc0fc0fcp-2,0.5616673548957578,-0.27873194564038506,10.148047817647798,-0.06007362668440669,true,4.09581241662243e-13,6.679023307106313e-16,1000,20,24,5.336659047931515e-15,8.921939011081488e-15,1.4622631933333256e-14,3.476413047323211e-13,0.004,0.18775125473446366,,,,
-2,3,-1,1,schwarzschild-overtone-continuation,ell23-uniform-40,19,361,780,0.46282051282051284,0x1.d9ed9ed9ed9eep-2,0.5610573926636998,-0.2783523882903559,10.155170968889642,-0.062084469481783144,true,9.730013843147228e-14,3.469446951953614e-17,1000,20,24,4.0856467160356604e-14,0.0,5.6534230881029115e-15,1.6776054026466153e-13,0.004,0.18749415581255754,,,,
-2,3,-1,1,schwarzschild-overtone-continuation,ell23-uniform-40,20,19,39,0.48717948717948717,0x1.f2df2df2df2dfp-2,0.5605027322163258,-0.27794320896647723,10.162192998132044,-0.06395138883633977,true,2.243090158935384e-13,2.237726045655905e-16,1000,20,24,7.108476022178978e-15,4.9164205652118054e-15,7.338397831473715e-15,1.5157695690493977e-13,0.004,0.187216073409603,,,,
-2,3,-1,1,schwarzschild-overtone-continuation,ell23-uniform-40,21,133,260,0.5115384615384615,0x1.05e85e85e85e8p-1,0.5600031911373686,-0.2775030661258596,10.169114972252162,-0.0656734794279131,true,1.0530159589964839e-13,9.470509886490462e-16,1000,20,24,2.664616573022579e-14,2.318213734067276e-15,8.95090418262362e-15,2.537906697465263e-13,0.004,0.18691609493672978,,,,
-2,3,-1,1,schwarzschild-overtone-continuation,ell23-uniform-40,22,209,390,0.5358974358974359,0x1.1261261261261p-1,0.5595586189562318,-0.27703045565362844,10.175937726399056,-0.067249776512414,true,1.5834505048009754e-13,6.087272963323595e-16,1000,20,24,7.46070918028039e-14,0.0,0.0,1.5184279664218787e-13,0.004,0.18659320026374002,,,,
-2,3,-1,1,schwarzschild-overtone-continuation,ell23-uniform-40,23,437,780,0.5602564102564103,0x1.1ed9ed9ed9edap-1,0.5591688885776791,-0.2765236959439402,10.182661855390572,-0.06867925527402048,true,1.5620076484313602e-13,9.667002416805824e-16,1000,20,24,4.974157117763582e-14,0.0,0.0,3.539365928370457e-14,0.004,0.18624625254008026,,,,
-2,3,-1,1,schwarzschild-overtone-continuation,ell23-uniform-40,24,38,65,0.5846153846153846,0x1.2b52b52b52b53p-1,0.5588338858802315,-0.2759809109615751,10.189287703009484,-0.06996083090613144,true,6.852876418481776e-13,2.7755575615628914e-16,1000,20,24,1.5989867629288094e-14,7.4517388679806e-15,1.1931153152041105e-14,2.808666774861361e-13,0.004,0.18587398794789795,,,,
-2,3,-1,1,schwarzschild-overtone-continuation,ell23-uniform-40,25,95,156,0.6089743589743589,0x1.37cb7cb7cb7cbp-1,0.5585534969592559,-0.2754000110905671,10.195815348964523,-0.07109335964301902,true,2.1850813780841606e-14,3.1401849173675503e-16,1000,20,24,6.039819886604857e-14,8.77234276586887e-15,1.9102370375406433e-14,4.500131505168856e-13,0.004,0.1854750043574392,,,,
-2,3,-1,1,schwarzschild-overtone-continuation,ell23-uniform-40,26,19,30,0.6333333333333333,0x1.4444444444444p-1,0.5583275923535709,-0.2747786715830716,10.202244593235557,-0.07207564103848513,true,1.784155689604421e-13,3.0436364816617974e-16,1000,20,24,2.4868995751603507e-14,0.0,1.6852457782742533e-14,7.168700355331661e-13,0.004,0.18504774889685954,,,,
-2,3,-1,1,schwarzschild-overtone-continuation,ell23-uniform-40,27,171,260,0.6576923076923077,0x1.50bd0bd0bd0bdp-1,0.5581560074229015,-0.2741143084489999,10.208574937488583,-0.07290642188560788,true,2.645713414241536e-13,7.000033757780904e-16,1000,20,24,2.3096391614804225e-14,0.0,0.0,4.949449453470732e-13,0.004,0.184590504517603,,,,
-2,3,-1,1,schwarzschild-overtone-continuation,ell23-uniform-40,28,133,195,0.6820512820512821,0x1.5d35d35d35d36p-1,0.5580385178259031,-0.2734040516871708,10.214805563205402,-0.07358440230093781,true,8.395987761457828e-14,3.841541122891592e-16,1000,20,24,6.039636213492629e-14,0.0,2.756060177257249e-15,1.553176219779483e-13,0.004,0.18410137574932534,,,,
-2,3,-1,1,schwarzschild-overtone-continuation,ell23-uniform-40,29,551,780,0.7064102564102565,0x1.69ae9ae9ae9afp-1,0.5579748087813264,-0.27264471587042344,10.220935306143865,-0.07410824466639643,true,7.155523048068222e-13,1.2118257228641695e-16,1000,20,24,2.131628659031158e-14,0.0,0.0,4.968538669439414e-13,0.004,0.18357827401295193,,,,
-2,3,-1,1,schwarzschild-overtone-continuation,ell23-uniform-40,30,19,26,0.7307692307692307,0x1.7627627627627p-1,0.5579644364659212,-0.2718327682885119,10.226962626736084,-0.07447658634553368,true,2.6781230501588365e-13,7.510691584075473e-16,1000,20,24,4.2632674824434116e-14,0.0,9.112625100713601e-15,9.91622467654899e-14,0.004,0.18301890312895985,,,,
-2,3,-1,1,schwarzschild-overtone-continuation,ell23-uniform-40,31,589,780,0.7551282051282051,0x1.82a02a02a02a0p-1,0.558006779515722,-0.27096429516261605,10.232885576054084,-0.07468805738131412,true,2.659616131124146e-13,1.2738115944464653e-16,1000,20,24,4.163336342344337e-17,0.0,0.0,4.927405431118971e-13,0.004,0.1824207460614249,,,,
-2,3,-1,1,schwarzschild-overtone-continuation,ell23-uniform-40,32,152,195,0.7794871794871795,0x1.8f18f18f18f19p-1,0.5581009781555488,-0.2700349669308601,10.238701757062975,-0.07474130475638871,true,1.31693230658542e-13,5.530694562324905e-16,1000,20,24,3.593703998394621e-15,0.0,0.0,2.8870717363196456e-13,0.004,0.18178105453450444,,,,
-2,3,-1,1,schwarzschild-overtone-continuation,ell23-uniform-40,33,209,260,0.8038461538461539,0x1.9b91b91b91b92p-1,0.5582458580192177,-0.26904000433847625,10.244408281075726,-0.07463502526615215,true,1.463312694242729e-13,6.783900038130591e-16,1000,20,24,4.85722573273506e-16,0.0,0.0,5.454429792074125e-13,0.004,0.18109684402215023,,,,
-2,3,-1,1,schwarzschild-overtone-continuation,ell23-uniform-40,34,323,390,0.8282051282051283,0x1.a80a80a80a80bp-1,0.5584398353053728,-0.26797414814104503,10.250001719689532,-0.07436800962407149,true,5.06015442511646e-13,2.7755575615628914e-17,1000,20,24,1.4213300735844977e-14,0.0,0.0,1.8989578641840079e-13,0.004,0.18036489783493043,,,,
-2,3,-1,1,schwarzschild-overtone-continuation,ell23-uniform-40,35,133,156,0.8525641025641025,0x1.b483483483483p-1,0.5586807996686558,-0.2668316367435282,10.255478053112904,-0.07393920106885947,true,1.2777788643467683e-12,2.227212004505268e-16,1000,20,24,1.5987217577946522e-14,0.0,0.0,7.197013371341215e-13,0.004,0.17958178570119762,,,,
-2,3,-1,1,schwarzschild-overtone-continuation,ell23-uniform-40,36,57,65,0.8769230769230769,0x1.c0fc0fc0fc0fcp-1,0.5589659713887375,-0.2656061981264373,10.26083261679943,-0.0733477724101061,true,9.038920693062232e-13,6.404208137774835e-16,1000,20,24,3.553064942939281e-14,3.5152762503986706e-14,4.854163724103494e-14,6.502752065018704e-13,0.004,0.1787439044320884,,,,
-2,3,-1,1,schwarzschild-overtone-continuation,ell23-uniform-40,37,703,780,0.9012820512820513,0x1.cd74d74d74d75p-1,0.5592917301992907,-0.26429106495664395,10.266060049817874,-0.07259322599667317,true,4.2936881862922425e-13,1.3672438525262642e-16,1000,20,24,1.776463088035647e-14,0.0,4.675027745074236e-14,6.276028598763697e-13,0.004,0.17784755095251312,,,,
-2,3,-1,1,schwarzschild-overtone-continuation,ell23-uniform-40,38,361,390,0.9256410256410257,0x1.d9ed9ed9ed9eep-1,0.5596534150857869,-0.26287902469999935,10.271154250510286,-0.07167552128238111,true,4.36138111558864e-13,1.6306400674181987e-16,1000,20,24,6.395580882665788e-14,0.0,0.0,1.1852617051291054e-12,0.004,0.1768890410077656,,,,
-2,3,-1,1,schwarzschild-overtone-continuation,ell23-uniform-40,39,19,20,0.95,0x1.e666666666666p-1,0.5600450977744835,-0.2613625195134537,10.276108347731311,-0.07059523415612874,true,5.388923294692749e-13,4.684781256633846e-16,1000,20,24,8.887030186255109e-15,0.0,9.363972716058872e-14,3.906155879421236e-12,0.004,0.17586488984800355,KerrQNMEFs-2/l3/s-2l3m-1n1.dat,951,9.051041714325233e-15,3.563431384952412e-14
-2,3,-1,1,schwarzschild-overtone-continuation,ell23-supplemental-high,40,97,100,0.97,0x1.f0a3d70a3d70ap-1,0.5603839389490627,-0.2600338534473283,10.28006583337107,-0.0695876601066403,true,1.6695609296192826e-12,7.081837293955494e-16,1000,20,24,8.17527381622494e-14,0.0,1.7773402421382167e-13,8.676425824987901e-13,0.004,0.17497278666585844,KerrQNMEFs-2/l3/s-2l3m-1n1.dat,971,1.0654747666207495e-13,1.1537918002696639e-14
-2,3,-1,1,schwarzschild-overtone-continuation,ell23-supplemental-high,41,49,50,0.98,0x1.f5c28f5c28f5cp-1,0.5605575470368631,-0.2593398201649657,10.282005805562974,-0.06904349450800899,true,3.912020138149551e-13,9.245408901544945e-16,1000,20,24,1.786950432383069e-15,0.0,3.337859258801357e-13,5.130265016500333e-12,0.004,0.17450895225031068,KerrQNMEFs-2/l3/s-2l3m-1n1.dat,981,2.520230720032107e-14,1.5095977926737183e-14
-2,3,-1,1,schwarzschild-overtone-continuation,ell23-supplemental-high,42,99,100,0.99,0x1.fae147ae147aep-1,0.5607330245174539,-0.25862528875697066,10.283919131063584,-0.06847267876082425,true,1.5667920469212057e-12,3.3824883703976606e-16,1000,20,24,1.788512522917511e-15,0.0,0.0,4.54279185586472e-12,0.004,0.1740330999585528,KerrQNMEFs-2/l3/s-2l3m-1n1.dat,991,2.627405651965384e-13,8.43511670284487e-14
-2,3,-1,1,schwarzschild-overtone-continuation,ell23-supplemental-high,43,199,200,0.995,0x1.fd70a3d70a3d7p-1,0.560821228000481,-0.25826017724789957,10.284865607648857,-0.06817735327665146,true,6.017253507724744e-12,9.059725179688225e-16,1000,20,24,7.113892644373329e-15,0.0,1.637222702807951e-12,8.059158510982604e-12,0.004,0.173790642397695,KerrQNMEFs-2/l3/s-2l3m-1n1.dat,996,7.2641183231027e-13,2.292009673145323e-13
-2,3,-1,1,schwarzschild-overtone-continuation,ell23-supplemental-high,44,997,1000,0.997,0x1.fe76c8b439581p-1,0.56085656456354,-0.2581126483852501,10.285242271852828,-0.0680573825494572,true,3.0307479722868813e-12,1.544122180468097e-15,1000,20,24,7.11259303125118e-15,0.0,0.0,4.182944325498898e-12,0.004,0.17369281155999156,KerrQNMEFs-2/l3/s-2l3m-1n1.dat,998,1.3817047899362886e-12,4.524663456997662e-13
-2,3,-1,1,schwarzschild-overtone-continuation,ell23-supplemental-high,45,999,1000,0.999,0x1.ff7ced916872bp-1,0.5608919227644963,-0.25796426552491375,10.285617827589757,-0.06793636357897695,true,4.833466633591892e-12,9.718284486877821e-15,1293,20,24,1.421915321510977e-14,0.0,0.0,1.3994348427662753e-11,0.004,0.1735944959367408,KerrQNMEFs-2/l3/s-2l3m-1n1.dat,1000,1.5365614530457626e-11,4.984856710657773e-12
-2,3,-1,2,schwarzschild-overtone-continuation,ell23-uniform-40,0,0,1,0.0,0x0.0p+0,0.5516849007784594,-0.4790927509669621,10.0,0.0,true,1.5230188203809216e-13,1.0087920413118926e-15,1000,20,24,0.0,0.0,5.764613224877722e-15,2.489182414763513e-13,0.004,0.2002028278152105,KerrQNMEFs-2/l3/s-2l3m-1n2.dat,1,8.106338859342884e-15,0.0
-2,3,-1,2,schwarzschild-overtone-continuation,ell23-uniform-40,1,19,780,0.02435897435897436,0x1.8f18f18f18f19p-6,0.5498078151920213,-0.47926576308027763,10.008913382074434,-0.007672869279945054,true,1.290917759688582e-14,4.163336342344337e-17,1000,20,24,8.88178457816607e-15,0.0,6.606526679858433e-15,6.888383386315168e-13,0.004,0.20034310399843736,,,,
-2,3,-1,2,schwarzschild-overtone-continuation,ell23-uniform-40,2,19,390,0.04871794871794872,0x1.8f18f18f18f19p-5,0.5480135884225588,-0.47939292410940715,10.017740133464818,-0.015130822058467618,true,2.5121479338940402e-14,1.117140368961273e-15,1000,20,24,3.907986910152591e-14,0.0,4.5193032509710784e-15,4.879934251389246e-13,0.004,0.20046039321577103,,,,
-2,3,-1,2,schwarzschild-overtone-continuation,ell23-uniform-40,3,19,260,0.07307692307692308,0x1.2b52b52b52b53p-4,0.5463005357667055,-0.47947509171801106,10.026486775738494,-0.02237328946787872,true,6.313724233214559e-14,5.593023969348752e-16,1000,20,24,3.730352992879962e-14,0.0,9.142334389995534e-15,2.2483373146964056e-13,0.004,0.200555023515132,,,,
-2,3,-1,2,schwarzschild-overtone-continuation,ell23-uniform-40,4,19,195,0.09743589743589744,0x1.8f18f18f18f19p-4,0.5446670969788885,-0.4795129450578627,10.03515939099893,-0.02939968759053677,true,5.918894559025793e-14,1.8735013540549517e-16,1000,20,24,1.7763568394002505e-14,0.0,7.03043854199395e-15,1.3591451658141757e-13,0.004,0.20062724520342037,,,,
-2,3,-1,2,schwarzschild-overtone-continuation,ell23-uniform-40,5,19,156,0.12179487179487179,0x1.f2df2df2df2dfp-4,0.5431118279623056,-0.4795069910531344,10.043763641660602,-0.03620940379947962,true,6.042224978733284e-14,4.649058915617843e-16,1000,20,24,3.469446951953614e-17,0.0,1.078646091432988e-14,2.7461989843283437e-13,0.004,0.20067723335298074,,,,
-2,3,-1,2,schwarzschild-overtone-continuation,ell23-uniform-40,6,19,130,0.14615384615384616,0x1.2b52b52b52b53p-3,0.5416333929208247,-0.47945756907195447,10.052304787525893,-0.042801784408177675,true,1.5738561695383657e-14,3.2612801348363973e-16,1000,20,24,5.151492081686655e-14,0.0,5.393730375902732e-15,1.574382371056962e-13,0.004,0.20070508963587788,,,,
-2,3,-1,2,schwarzschild-overtone-continuation,ell23-uniform-40,7,133,780,0.17051282051282052,0x1.5d35d35d35d36p-3,0.5402305568657897,-0.47936485407772805,10.060787700312849,-0.049176123453317545,true,5.0518929557308305e-14,4.163336342344337e-17,1000,20,24,4.085624501756827e-14,0.0,2.094764613337708e-15,4.754345742734108e-13,0.004,0.2007108435274907,,,,
-2,3,-1,2,schwarzschild-overtone-continuation,ell23-uniform-40,8,38,195,0.19487179487179487,0x1.8f18f18f18f19p-3,0.5389021783706115,-0.4792288583263087,10.069216875748307,-0.05533165246564867,true,4.660736885581334e-13,2.237726045655905e-16,1000,20,24,2.131710537292855e-14,6.481506359707587e-15,6.783499021541564e-15,5.329810615491758e-14,0.004,0.2006944529106273,,,,
-2,3,-1,2,schwarzschild-overtone-continuation,ell23-uniform-40,9,57,260,0.21923076923076923,0x1.c0fc0fc0fc0fcp-3,0.537647202461009,-0.4790494316516939,10.07759644330598,-0.06126753111224089,true,1.0385327877061936e-13,6.866350197783356e-16,1000,20,24,2.4870181569458235e-14,0.0,0.0,1.6129672239133989e-13,0.004,0.20065580410344408,,,,
-2,3,-1,2,schwarzschild-overtone-continuation,ell23-uniform-40,10,19,78,0.24358974358974358,0x1.f2df2df2df2dfp-3,0.5364646535216273,-0.4788262603611494,10.085930173644046,-0.06698283861934202,true,3.3863250970122044e-13,4.561234287365988e-16,1000,20,24,3.557291483642623e-15,0.0,6.606526679858433e-15,1.484673318575902e-13,0.004,0.20059471132695939,,,,
-2,3,-1,2,schwarzschild-overtone-continuation,ell23-uniform-40,11,209,780,0.26794871794871794,0x1.1261261261261p-2,0.5353536280883577,-0.47855886474041204,10.09422148376047,-0.07247656590969885,true,2.544848170132169e-13,3.3335590258932494e-16,1000,20,24,1.2438957793485555e-14,3.633755041099893e-15,3.608224830031759e-15,1.4907182468629747e-13,0.004,0.20051091562212475,,,,
-2,3,-1,2,schwarzschild-overtone-continuation,ell23-uniform-40,12,19,65,0.2923076923076923,0x1.2b52b52b52b53p-2,0.5343132873802799,-0.4782465951507635,10.102473439858477,-0.07774760841274861,true,2.2667350383262743e-13,3.189627710442956e-16,1000,20,24,2.3094477812670966e-14,0.0,0.0,2.0424241642735992e-13,0.004,0.20040408322186753,,,,
-2,3,-1,2,schwarzschild-overtone-continuation,ell23-uniform-40,13,19,60,0.31666666666666665,0x1.4444444444444p-2,0.5333428494045223,-0.4778886266818279,10.11068875788204,-0.08279475953168783,true,8.107760432577354e-14,5.85010898289606e-16,1000,20,24,7.993606259168744e-14,0.0,4.7791200441584545e-15,9.272854936269104e-15,0.004,0.20027380338056147,,,,
-2,3,-1,2,schwarzschild-overtone-continuation,ell23-uniform-40,14,133,390,0.34102564102564104,0x1.5d35d35d35d36p-2,0.5324415804408428,-0.4774839523070426,10.118869801649584,-0.0876167047786885,true,8.038014698286133e-14,5.403879419618045e-16,1000,20,24,6.572520452294732e-14,0.0,0.0,3.967006928458155e-13,0.004,0.20011958566210936,,,,
-2,3,-1,2,schwarzschild-overtone-continuation,ell23-uniform-40,15,19,52,0.36538461538461536,0x1.7627627627627p-2,0.5316087856783548,-0.4770313744731872,10.127018578480484,-0.09221201662063275,true,5.422982071392023e-14,4.3021142204224816e-16,1000,20,24,4.7961835441566604e-14,0.0,0.0,6.169204763213285e-13,0.004,0.19994085668937467,,,,
-2,3,-1,2,schwarzschild-overtone-continuation,ell23-uniform-40,16,76,195,0.38974358974358975,0x1.8f18f18f18f19p-2,0.5308437987333936,-0.4765294950416983,10.135136732173887,-0.09657915011374492,true,1.9610498806698068e-13,1.249000902703301e-16,1000,20,24,4.2633975843811884e-14,0.0,5.9009163182103526e-15,1.8150160165141644e-13,0.004,0.1997369563626689,,,,
-2,3,-1,2,schwarzschild-overtone-continuation,ell23-uniform-40,17,323,780,0.41410256410256413,0x1.a80a80a80a80bp-2,0.5301459697226792,-0.4759767034882988,10.143225533158931,-0.10071643944861243,true,5.345535595021295e-13,4.577566798522237e-16,1000,20,24,4.085620730620576e-14,0.0,0.0,4.907459046901451e-13,0.004,0.19950713356458064,,,,
-2,3,-1,2,schwarzschild-overtone-continuation,ell23-uniform-40,18,57,130,0.43846153846153846,0x1.c0fc0fc0fc0fcp-2,0.5295146514968011,-0.4753711632608253,10.151285865595861,-0.10462209558000128,true,3.7789356354353755e-14,1.942890293094024e-16,1000,20,24,6.039629198089401e-14,0.0,0.0,5.4491030888136886e-14,0.004,0.19925054138506157,,,,
-2,3,-1,2,schwarzschild-overtone-continuation,ell23-uniform-40,19,361,780,0.46282051282051284,0x1.d9ed9ed9ed9eep-2,0.5289491835523491,-0.4747107961949343,10.159318211161006,-0.10829420518174096,true,1.8758919072090802e-13,1.1631705747361534e-16,1000,20,24,1.7766191969516512e-14,0.0,0.0,3.795962762563274e-13,0.004,0.19896623192682472,,,,
-2,3,-1,2,schwarzschild-overtone-continuation,ell23-uniform-40,20,19,39,0.48717948717948717,0x1.f2df2df2df2dfp-2,0.5284488730325082,-0.4739932648976229,10.167322629202586,-0.11173073125012813,true,3.020133145511626e-13,2.582350176184633e-16,1000,20,24,4.085666926799798e-14,0.0,0.0,6.148992046444937e-14,0.004,0.19865315079097376,,,,
-2,3,-1,2,schwarzschild-overtone-continuation,ell23-uniform-40,21,133,260,0.5115384615384615,0x1.05e85e85e85e8p-1,0.5280129720905772,-0.47321595303435676,10.175298732901762,-0.11492951578535054,true,5.106060410683998e-14,2.396682302503803e-16,1000,20,24,1.9279638981753174e-15,0.0,1.74747305420801e-14,5.157044149121426e-13,0.004,0.19831013140210435,,,,
-2,3,-1,2,schwarzschild-overtone-continuation,ell23-uniform-40,22,209,390,0.5358974358974359,0x1.1261261261261p-1,0.527640650722506,-0.47237594350550643,10.183245661027048,-0.117888285116312,true,2.4481522856038103e-13,3.0436364816617974e-16,1000,20,24,7.129293932524782e-15,3.886177074183181e-15,4.196877994341497e-15,2.6066485664257884e-13,0.004,0.19793588941942122,,,,
-2,3,-1,2,schwarzschild-overtone-continuation,ell23-uniform-40,23,437,780,0.5602564102564103,0x1.1ed9ed9ed9edap-1,0.5273309639665745,-0.4714699945835422,10.191162044820468,-0.12060465860976978,true,1.021144488328544e-13,4.445768331151997e-16,1000,20,24,1.0665222138308497e-14,0.0,4.255211271505921e-15,4.0507168289818834e-13,0.004,0.19752901760709302,,,,
-2,3,-1,2,schwarzschild-overtone-continuation,ell23-uniform-40,24,38,65,0.5846153846153846,0x1.2b52b52b52b53p-1,0.5270828121137963,-0.47049451422145716,10.199045969521379,-0.12307616173087389,true,1.252055954172107e-13,4.163336342344337e-17,1000,20,24,7.118439421797475e-15,0.0,4.711585604760359e-15,1.962618085501045e-13,0.004,0.19708798172000344,,,,
-2,3,-1,2,schwarzschild-overtone-continuation,ell23-uniform-40,25,95,156,0.6089743589743589,0x1.37cb7cb7cb7cbp-1,0.526894892264159,-0.46944553296139035,10.206894930017064,-0.1253002447154892,true,2.8999569458393257e-13,4.793364605007606e-16,1000,20,24,7.460866000512441e-14,0.0,0.0,1.0945245050665878e-13,0.004,0.1966111182241751,,,,
-2,3,-1,2,schwarzschild-overtone-continuation,ell23-uniform-40,26,19,30,0.6333333333333333,0x1.4444444444444p-1,0.5267656391994469,-0.4683186762060599,10.214705780136606,-0.1272743084918675,true,3.315395874204341e-13,6.790550617843254e-16,1000,20,24,6.572520891836129e-14,6.572857864924091e-15,8.150125975096213e-15,1.9652641023440268e-13,0.004,0.19609663504601357,,,,
-2,3,-1,2,schwarzschild-overtone-continuation,ell23-uniform-40,27,171,260,0.6576923076923077,0x1.50bd0bd0bd0bdp-1,0.5266931531249174,-0.4671091371180525,10.22247467519914,-0.12899573997404853,true,2.811028572771978e-13,1.4781635639898986e-15,1000,20,24,2.131808899983951e-14,5.8936009139585174e-15,1.2648383607259997e-14,7.116659487951634e-14,0.004,0.19554261707764153,,,,
-2,3,-1,2,schwarzschild-overtone-continuation,ell23-uniform-40,28,133,195,0.6820512820512821,0x1.5d35d35d35d36p-1,0.526675111379288,-0.4658116521549376,10.230197007640584,-0.1304619594636859,true,2.54174256552429e-13,5.551548787055441e-16,1000,20,24,1.0668580404786611e-14,0.0,0.0,3.213171871667339e-13,0.004,0.1949470389149303,,,,
-2,3,-1,2,schwarzschild-overtone-continuation,ell23-uniform-40,29,551,780,0.7064102564102565,0x1.69ae9ae9ae9afp-1,0.5267086607707248,-0.4644204823314658,10.237867335939727,-0.13167048366342612,true,3.412270059808006e-14,5.468975410105057e-16,1000,20,24,4.085715007982613e-14,0.0,0.0,9.668098502789351e-14,0.004,0.19430778834915785,,,,
-2,3,-1,2,schwarzschild-overtone-continuation,ell23-uniform-40,30,19,26,0.7307692307692307,0x1.7627627627627p-1,0.5267902868648474,-0.4629294048497839,10.245479307767807,-0.13261900873099414,true,1.4198637009878159e-13,2.498001805406602e-16,1000,20,24,1.600226283304035e-14,0.0,0.0,6.161015599281111e-13,0.004,0.19362270556001693,,,,
-2,3,-1,2,schwarzschild-overtone-continuation,ell23-uniform-40,31,589,780,0.7551282051282051,0x1.82a02a02a02a0p-1,0.5269156565141428,-0.4613317219045682,10.25302557944132,-0.13330551886629624,true,6.814273624794634e-14,3.8315011419927443e-16,1000,20,24,6.219405196992332e-14,0.0,0.0,4.895500951536937e-13,0.004,0.19288964485905366,,,,
-2,3,-1,2,schwarzschild-overtone-continuation,ell23-uniform-40,32,152,195,0.7794871794871795,0x1.8f18f18f18f19p-1,0.527079430505136,-0.4596202963925729,10.260497735597037,-0.13372842702907334,true,3.8059766646842215e-14,3.635477168592509e-16,1000,20,24,2.3100710637697648e-14,0.0,1.686525249222976e-14,1.1459429281099514e-12,0.004,0.19210656825244946,,,,
-2,3,-1,2,schwarzschild-overtone-continuation,ell23-uniform-40,33,209,260,0.8038461538461539,0x1.9b91b91b91b92p-1,0.5272750449484596,-0.4577876279992411,10.267886215821061,-0.1338867553029295,true,4.196715872480099e-13,6.790550617843254e-16,1000,20,24,1.603169832171491e-14,0.0,3.9571625551233003e-14,8.261836662616986e-13,0.004,0.1912716829534617,,,,
-2,3,-1,2,schwarzschild-overtone-continuation,ell23-uniform-40,34,323,390,0.8282051282051283,0x1.a80a80a80a80bp-1,0.5274944637524551,-0.45582598751108167,10.275180259037226,-0.13378036268488036,true,7.447111232783922e-13,3.3887102699122705e-16,1000,20,24,5.329720999804419e-15,0.0,0.0,7.998365983140293e-13,0.004,0.1903836378874355,,,,
-2,3,-1,2,schwarzschild-overtone-continuation,ell23-uniform-40,35,133,156,0.8525641025641025,0x1.b483483483483p-1,0.527727911243783,-0.45372763150384426,10.282367881987916,-0.13341022686128803,true,1.2543456762245838e-13,1.5265566588595902e-16,1000,20,24,6.039690423151891e-14,0.0,1.2287917140018453e-14,1.3706826231469458e-13,0.004,0.18944179623116622,,,,
-2,3,-1,2,schwarzschild-overtone-continuation,ell23-uniform-40,36,57,65,0.8769230769230769,0x1.c0fc0fc0fc0fcp-1,0.5279636047064316,-0.4514851221372674,10.289435914865281,-0.13277878257157388,true,2.2958338407482174e-13,6.856526084140016e-16,1000,20,24,1.0731075137505066e-14,0.0,0.0,5.821357428542445e-13,0.004,0.1884466002116464,,,,
-2,3,-1,2,schwarzschild-overtone-continuation,ell23-uniform-40,37,703,780,0.9012820512820513,0x1.cd74d74d74d75p-1,0.528187521451649,-0.4490917748328764,10.296370123911004,-0.13189031095072526,true,1.2537166161668538e-13,5.274015853390341e-16,1000,20,24,3.0198181067463144e-14,0.0,0.0,4.790378594078726e-13,0.004,0.1874000378137003,,,,
-2,3,-1,2,schwarzschild-overtone-continuation,ell23-uniform-40,38,361,390,0.9256410256410257,0x1.d9ed9ed9ed9eep-1,0.5283832521173073,-0.4465422466107215,10.303155455089382,-0.13075136072297305,true,1.6881933178349189e-13,8.005932084973442e-16,1000,20,24,1.2464231420105324e-14,0.0,6.32516380071424e-14,9.803494367055367e-13,0.004,0.18630620541115223,,,,
-2,3,-1,2,schwarzschild-overtone-continuation,ell23-uniform-40,39,19,20,0.95,0x1.e666666666666p-1,0.5285320066957885,-0.443833257383206,10.309776431156232,-0.12937116385092481,true,4.918111061943914e-13,5.061588988174682e-16,1000,20,24,5.334538597006558e-14,9.006126164798887e-14,3.518499780398774e-13,2.7533566824326544e-12,0.004,0.18517193385625694,KerrQNMEFs-2/l3/s-2l3m-1n2.dat,951,6.453099106043539e-14,4.9037182365425004e-14
-2,3,-1,2,schwarzschild-overtone-continuation,ell23-supplemental-high,40,97,100,0.97,0x1.f0a3d70a3d70ap-1,0.5286043598386667,-0.44148943025233517,10.315078932739468,-0.12806611860038797,true,7.335923623499316e-13,7.782704976483342e-16,1000,20,24,8.947503914515287e-15,0.0,1.0833922398223817e-13,3.1122765434690665e-13,0.004,0.18421744760492056,KerrQNMEFs-2/l3/s-2l3m-1n2.dat,971,6.227166124864978e-14,3.82019277269489e-14
-2,3,-1,2,schwarzschild-overtone-continuation,ell23-supplemental-high,41,49,50,0.98,0x1.f5c28f5c28f5cp-1,0.52861951196317,-0.4402775085133811,10.31768220640475,-0.12735826240638018,true,4.2399613539501886e-13,9.000523778413571e-16,1000,20,24,3.552822097363439e-15,0.0,0.0,4.628798735110954e-13,0.004,0.1837348229085514,KerrQNMEFs-2/l3/s-2l3m-1n2.dat,981,5.24015529559452e-13,2.3751119418301733e-13
-2,3,-1,2,schwarzschild-overtone-continuation,ell23-supplemental-high,42,99,100,0.99,0x1.fae147ae147aep-1,0.5286185165668522,-0.4390393812891871,10.320252214843784,-0.12661507791381885,true,6.217907677625119e-12,1.115420450384655e-15,1000,20,24,1.0688491623476045e-14,3.3478370964702393e-12,3.209162640077328e-12,7.93591806694709e-12,0.004,0.18325006522545204,KerrQNMEFs-2/l3/s-2l3m-1n2.dat,991,1.4317426827789531e-12,6.05605615829313e-13
-2,3,-1,2,schwarzschild-overtone-continuation,ell23-supplemental-high,43,199,200,0.995,0x1.fd70a3d70a3d7p-1,0.5286114570245976,-0.4384106454452119,10.32152446312625,-0.12623063597705525,true,1.7764233538368087e-11,1.4488430826097425e-15,1000,20,24,7.641891781286648e-14,7.379940833133506e-12,1.1448813774010118e-11,5.879861349854252e-12,0.004,0.18300726908521886,KerrQNMEFs-2/l3/s-2l3m-1n2.dat,996,8.276165896129678e-12,3.5551928275015492e-12
-2,3,-1,2,schwarzschild-overtone-continuation,ell23-supplemental-high,44,997,1000,0.997,0x1.fe76c8b439581p-1,0.528607343849959,-0.4381573688844411,10.322030947298215,-0.12607451357250904,true,4.4508696996620864e-12,9.980908464685734e-15,1058,20,24,2.664587300296445e-14,7.554570256305397e-12,1.8598241500035173e-11,3.881018001639688e-11,0.004,0.1829101244225291,KerrQNMEFs-2/l3/s-2l3m-1n2.dat,998,2.369948967537758e-11,1.0232884084348474e-11
-2,3,-1,2,schwarzschild-overtone-continuation,ell23-supplemental-high,45,999,1000,0.999,0x1.ff7ced916872bp-1,0.5286024743220694,-0.4379030818897869,10.322536041519285,-0.1259170674052392,true,5.016531803375843e-11,9.994765533102434e-15,1613,20,24,1.1657341758564144e-15,0.0,0.0,5.20684339892705e-12,0.004,0.18281298125545592,KerrQNMEFs-2/l3/s-2l3m-1n2.dat,1000,8.36145375181906e-11,3.61364755702475e-11
-2,3,0,0,schwarzschild-overtone-continuation,ell23-uniform-40,0,0,1,0.0,0x0.0p+0,0.5994432884374898,-0.09270304794494667,10.0,0.0,true,1.5957887108469527e-14,2.3714374201337736e-16,1000,20,24,0.0,0.0,1.967320211922957e-15,6.280683845376767e-14,0.004,,KerrQNMEFs-2/l3/s-2l3m0n0.dat,1,9.559569857539321e-16,0.0
-2,3,0,0,schwarzschild-overtone-continuation,ell23-uniform-40,1,19,780,0.02435897435897436,0x1.8f18f18f18f19p-6,0.5994715115807449,-0.09269913480015185,9.999930622090258,2.198200565012065e-05,true,6.054778147701489e-14,9.264917572290597e-16,1000,20,24,7.10542735916489e-15,0.0,3.66205343881779e-15,1.0922969724857426e-13,0.004,,,,,
-2,3,0,0,schwarzschild-overtone-continuation,ell23-uniform-40,2,19,390,0.04871794871794872,0x1.8f18f18f18f19p-5,0.5995562298034637,-0.09268737870675663,9.999722409424372,8.792707703852579e-05,true,2.392631334555819e-13,2.0816681711721685e-16,1000,20,24,1.776356841933491e-14,6.456990322827603e-15,7.929792726436376e-15,3.2468965393701106e-13,0.004,,,,,
-2,3,0,0,schwarzschild-overtone-continuation,ell23-uniform-40,3,19,260,0.07307692307692308,0x1.2b52b52b52b53p-4,0.5996975897834061,-0.09266772952332623,9.999375124790502,0.00019783229044161992,true,2.9276225397455684e-14,7.632783294297951e-17,1000,20,24,7.105427603738928e-15,0.0,4.132156471862352e-15,1.3248454680138176e-14,0.004,,,,,
-2,3,0,0,schwarzschild-overtone-continuation,ell23-uniform-40,4,19,195,0.09743589743589744,0x1.8f18f18f18f19p-4,0.5998958369838326,-0.0926401031297199,9.998888371491155,0.0003516924808077399,true,8.144286160446828e-14,1.1631705747361534e-16,1000,20,24,8.881784250602555e-15,2.210013198821679e-15,6.49859921987218e-15,7.588599744428075e-15,0.004,,,,,
-2,3,0,0,schwarzschild-overtone-continuation,ell23-uniform-40,5,19,156,0.12179487179487179,0x1.f2df2df2df2dfp-4,0.6001513171680698,-0.0926043805891586,9.998261591308898,0.0005494997962855651,true,1.7019280811224491e-13,8.568339948907339e-16,1000,20,24,1.7763568441648107e-14,0.0,0.0,2.5877143419417817e-13,0.004,,,,,
-2,3,0,0,schwarzschild-overtone-continuation,ell23-uniform-40,6,19,130,0.14615384615384616,0x1.2b52b52b52b53p-3,0.6004644785483754,-0.09256040695240893,9.997494061623243,0.0007912430598940661,true,5.112236476335198e-14,1.0408340855860843e-16,1000,20,24,1.598721301374879e-14,0.0,0.0,4.985086826397804e-14,0.004,,,,,
-2,3,0,0,schwarzschild-overtone-continuation,ell23-uniform-40,7,133,780,0.17051282051282052,0x1.5d35d35d35d36p-3,0.6008358745983523,-0.09250798968014298,9.996584891642529,0.0010769069230330585,true,4.7301234047676755e-14,5.993212282476064e-16,1000,20,24,3.552717490446719e-15,0.0,0.0,6.345971100748304e-14,0.004,,,,,
-2,3,0,0,schwarzschild-overtone-continuation,ell23-uniform-40,8,38,195,0.19487179487179487,0x1.8f18f18f18f19p-3,0.6012661675677637,-0.09244689665189579,9.995533017702579,0.001406470790294279,true,9.956416699914453e-14,2.2887833992611187e-16,1000,20,24,2.486899734073558e-14,0.0,0.0,8.939246645254353e-14,0.004,,,,,
-2,3,0,0,schwarzschild-overtone-continuation,ell23-uniform-40,9,57,260,0.21923076923076923,0x1.c0fc0fc0fc0fcp-3,0.6017561327489029,-0.09237685372040512,9.994337197571424,0.0017799074889801587,true,1.2692952171404031e-13,4.85722573273506e-17,1000,20,24,1.4210857918044976e-14,3.429611049281852e-15,4.282483846487626e-15,1.0831589824628469e-13,0.004,,,,,
-2,3,0,0,schwarzschild-overtone-continuation,ell23-uniform-40,10,19,78,0.24358974358974358,0x1.f2df2df2df2dfp-3,0.6023066635555233,-0.09229754175975166,9.992996003685102,0.002197181649721783,true,2.7949409857725205e-14,4.875529749534861e-16,1000,20,24,6.217249272025114e-14,0.0,6.551256644696548e-15,1.1922864893685972e-13,0.004,,,,,
-2,3,0,0,schwarzschild-overtone-continuation,ell23-uniform-40,11,209,780,0.26794871794871794,0x1.1261261261261p-2,0.6029187774882838,-0.09220859314318795,9.991507815222809,0.002658247756335548,true,1.81801791581316e-13,3.693291056919641e-16,1000,20,24,7.105436304380875e-15,0.0,0.0,3.118126145114878e-14,0.004,,,,,
-2,3,0,0,schwarzschild-overtone-continuation,ell23-uniform-40,12,19,65,0.2923076923076923,0x1.2b52b52b52b53p-2,0.6035936230759227,-0.09210958757149909,9.98987080891217,0.0031630478130409393,true,1.1102230246251565e-13,7.021666937153402e-16,1000,20,24,2.1316316236437834e-14,0.0,0.0,1.0723260224835579e-13,0.004,,,,,
-2,3,0,0,schwarzschild-overtone-continuation,ell23-uniform-40,13,19,60,0.31666666666666665,0x1.4444444444444p-2,0.6043324878985225,-0.09200004715497642,9.988082948432131,0.003711508565134111,true,2.5646767049978667e-13,1.1796119636642288e-16,1000,20,24,2.1316321053929457e-14,5.9669323522139875e-15,7.313370336005609e-15,2.794305860115813e-13,0.004,,,,,
-2,3,0,0,schwarzschild-overtone-continuation,ell23-uniform-40,14,133,390,0.34102564102564104,0x1.5d35d35d35d36p-2,0.6051368078196859,-0.0918794306300186,9.98614197225935,0.004303538194382829,true,1.8825297271650545e-13,2.45228796256662e-16,1000,20,24,3.552734431047099e-15,5.7977271844559315e-15,7.447602459741819e-15,3.895095295325021e-14,0.004,,,,,
-2,3,0,0,schwarzschild-overtone-continuation,ell23-uniform-40,15,19,52,0.36538461538461536,0x1.7627627627627p-2,0.6060081775778542,-0.09174712656452044,9.984045379770851,0.004939022392090332,true,5.87558723573521e-14,6.849851696944542e-16,1000,20,24,7.105475003044542e-15,1.5859585452872752e-15,3.2170436338591506e-15,2.3957944053024673e-13,0.004,,,,,
-2,3,0,0,schwarzschild-overtone-continuation,ell23-uniform-40,16,76,195,0.38974358974358975,0x1.8f18f18f18f19p-2,0.6069483629152517,-0.09160244537279462,9.98179041538453,0.0056178196899549235,true,7.929479900264993e-14,8.783938091597278e-16,1000,20,24,3.552717618560312e-14,0.0,0.0,1.386390751950411e-13,0.004,,,,,
-2,3,0,0,schwarzschild-overtone-continuation,ell23-uniform-40,17,323,780,0.41410256410256413,0x1.a80a80a80a80bp-2,0.6079593144558316,-0.09144460991911921,9.97937405047543,0.006339755900152478,true,2.2960958249178483e-13,1.457167719820518e-16,1000,20,24,3.375085307198827e-14,0.0,7.09187545947477e-15,1.3771724802056005e-13,0.004,,,,,
-2,3,0,0,schwarzschild-overtone-continuation,ell23-uniform-40,18,57,130,0.43846153846153846,0x1.c0fc0fc0fc0fcp-2,0.6090431835832316,-0.09127274443612411,9.976792962758584,0.007104617479722313,true,9.814371537686384e-14,4.561234287365988e-16,1000,20,24,1.2434614160781204e-14,0.0,3.290762661040834e-15,5.661571401244778e-14,0.004,,,,,
-2,3,0,0,schwarzschild-overtone-continuation,ell23-uniform-40,19,361,780,0.46282051282051284,0x1.d9ed9ed9ed9eep-2,0.610202340616862,-0.09108586141787865,9.974043512767077,0.007912143588001882,true,3.949960707535497e-14,3.7553457920377367e-16,1000,20,24,2.3092836009413326e-14,9.097098972217435e-16,3.7479534729472276e-15,2.8955467867731975e-13,0.004,,,,,
-2,3,0,0,schwarzschild-overtone-continuation,ell23-uniform-40,20,19,39,0.48717948717948717,0x1.f2df2df2df2dfp-2,0.6114393956408994,-0.09088284606164453,9.971121716985278,0.008762016546218354,true,1.2952568118547596e-13,9.71445146547012e-17,1000,20,24,5.68434188872778e-14,0.0,0.0,2.7794166784863913e-13,0.004,,,,,
-2,3,0,0,schwarzschild-overtone-continuation,ell23-uniform-40,21,133,260,0.5115384615384615,0x1.05e85e85e85e8p-1,0.6127572224088764,-0.09066243772239518,9.96802321710672,0.009653850331123232,true,4.6001297571431225e-14,1.8319205572553517e-16,1000,20,24,1.012525005739035e-13,1.858224904927247e-15,3.1791949213824896e-15,1.2267095302709723e-13,0.004,,,,,
-2,3,0,0,schwarzschild-overtone-continuation,ell23-uniform-40,22,209,390,0.5358974358974359,0x1.1261261261261p-1,0.6141589858283384,-0.09042320770060334,9.964743244779154,0.01058717663353768,true,1.4975488864984723e-13,6.790550617843254e-16,1000,20,24,6.039669307351658e-14,0.0,6.155483356642005e-15,2.679540232578123e-13,0.004,,,,,
-2,3,0,0,schwarzschild-overtone-continuation,ell23-uniform-40,23,437,780,0.5602564102564103,0x1.1ed9ed9ed9edap-1,0.615648173628224,-0.09016353249577397,9.961276581071072,0.011561427879606347,true,3.4065579334376284e-14,2.3592239273284576e-16,1000,20,24,1.5987393759762397e-14,0.0,1.9170610516016144e-14,4.546037798549885e-13,0.004,,,,,
-2,3,0,0,schwarzschild-overtone-continuation,ell23-uniform-40,24,38,65,0.5846153846153846,0x1.2b52b52b52b53p-1,0.6172286329292241,-0.08988156140940992,9.957617509724848,0.012575916435403976,true,1.1718507894210613e-13,6.938893903907228e-17,1000,20,24,1.7844732015673445e-15,3.1726759768907837e-15,7.200258536120153e-15,1.4597385260786925e-13,0.004,,,,,
-2,3,0,0,schwarzschild-overtone-continuation,ell23-uniform-40,25,95,156,0.6089743589743589,0x1.37cb7cb7cb7cbp-1,0.6189046125774101,-0.08957517704823657,9.95375976306732,0.013629808977565548,true,8.110587634208935e-14,3.469446951953614e-17,1000,20,24,3.9080324840878356e-14,1.3317615724243605e-15,2.561344912845726e-15,2.2405037839303056e-13,0.004,,,,,
-2,3,0,0,schwarzschild-overtone-continuation,ell23-uniform-40,26,19,30,0.6333333333333333,0x1.4444444444444p-1,0.6206808122658735,-0.08924194682920747,9.94969645919571,0.014722094689465746,true,6.360250562653447e-14,2.0122792321330962e-16,1000,20,24,3.552718015606544e-14,0.0,4.317062830077974e-15,5.365950338995594e-15,0.004,,,,,
-2,3,0,0,schwarzschild-overtone-continuation,ell23-uniform-40,27,171,260,0.6576923076923077,0x1.50bd0bd0bd0bdp-1,0.6225624396588427,-0.08887906297607359,9.945420028748892,0.015851545499119265,true,5.5778736183169934e-14,5.721958498152797e-16,1000,20,24,2.842249737188105e-14,0.0,8.215650382226158e-15,3.2850626942184943e-13,0.004,,,,,
-2,3,0,0,schwarzschild-overtone-continuation,ell23-uniform-40,28,133,195,0.6820512820512821,0x1.5d35d35d35d36p-1,0.6245552769426219,-0.08848326765197594,9.940922129192577,0.017016665959073543,true,1.8275822263932188e-13,5.219528979665952e-16,1000,20,24,7.460710374191728e-14,3.6905523389740094e-15,4.78942543627414e-15,2.6675468874587777e-13,0.004,,,,,
-2,3,0,0,schwarzschild-overtone-continuation,ell23-uniform-40,29,551,780,0.7064102564102565,0x1.69ae9ae9ae9afp-1,0.6266657584443334,-0.08805075869557157,9.936193544078717,0.018215629502985997,true,1.1137700720795299e-14,1.594813855221478e-16,1000,20,24,1.4212482619285517e-14,0.0,2.8609792490763984e-15,1.1236861156120877e-13,0.004,,,,,
-2,3,0,0,schwarzschild-overtone-continuation,ell23-uniform-40,30,19,26,0.7307692307692307,0x1.7627627627627p-1,0.6289010611477611,-0.0875770697666312,9.931224064171914,0.01944619658085611,true,1.5622238494876984e-13,3.469446951953614e-17,1000,20,24,3.554238011089489e-15,0.0,0.0,1.2871253697427087e-13,0.004,,,,,
-2,3,0,0,schwarzschild-overtone-continuation,ell23-uniform-40,31,589,780,0.7551282051282051,0x1.82a02a02a02a0p-1,0.6312692100209416,-0.08705691633642872,9.926002346671709,0.02070560839574515,true,8.57635609340429e-14,1.5218182408308987e-16,1000,20,24,8.704370059487948e-14,0.0,0.0,2.4175681860327894e-13,0.004,,,,,
-2,3,0,0,schwarzschild-overtone-continuation,ell23-uniform-40,32,152,195,0.7794871794871795,0x1.8f18f18f18f19p-1,0.6337791998969374,-0.08648399553603263,9.920515748021256,0.02199044736129769,true,3.023057177906978e-13,4.205336100044299e-16,1000,20,24,2.3094391291725288e-14,8.063759033315296e-15,1.1618626177607427e-14,3.3939174661592826e-13,0.004,,,,,
-2,3,0,0,schwarzschild-overtone-continuation,ell23-uniform-40,33,209,260,0.8038461538461539,0x1.9b91b91b91b92p-1,0.6364411349019088,-0.08585072288674292,9.914750125075038,0.02329645153709398,true,3.2777521826347185e-13,3.5005327124830286e-16,1000,20,24,1.9542256437023882e-14,0.0,0.0,4.0054114157317116e-13,0.004,,,,,
-2,3,0,0,schwarzschild-overtone-continuation,ell23-uniform-40,34,323,390,0.8282051282051283,0x1.a80a80a80a80bp-1,0.6392663844680567,-0.08514788160814658,9.908689598953636,0.024618264494948697,true,3.355099858495593e-13,1.2911750880923164e-16,1000,20,24,3.5586058361230125e-15,0.0,0.0,1.465602046541384e-13,0.004,,,,,
-2,3,0,0,schwarzschild-overtone-continuation,ell23-uniform-40,35,133,156,0.8525641025641025,0x1.b483483483483p-1,0.6422677505267466,-0.08436414940602635,9.90231627630609,0.025949093253877877,true,9.095159518872572e-14,5.721958498152797e-16,1000,20,24,1.7763634801261442e-14,0.0,0.0,2.7446294023303923e-13,0.004,,,,,
-2,3,0,0,schwarzschild-overtone-continuation,ell23-uniform-40,36,57,65,0.8769230769230769,0x1.c0fc0fc0fc0fcp-1,0.6454596309888309,-0.08348545187238993,9.895609925264472,0.02728023345594743,true,6.909548609278006e-14,2.3263411494723067e-16,1000,20,24,3.0199941442878356e-14,0.0,0.0,3.9383978403543925e-14,0.004,,,,,
-2,3,0,0,schwarzschild-overtone-continuation,ell23-uniform-40,37,703,780,0.9012820512820513,0x1.cd74d74d74d75p-1,0.6488581449746225,-0.08249406923191627,9.888547610989646,0.028600400473625838,true,1.2828645064833251e-13,4.471685101569707e-16,1000,20,24,1.2435522017464036e-14,0.0,1.123213826045613e-14,1.0816193618669144e-13,0.004,,,,,
-2,3,0,0,schwarzschild-overtone-continuation,ell23-uniform-40,38,361,390,0.9256410256410257,0x1.d9ed9ed9ed9eep-1,0.6524811454995557,-0.08136739368954853,9.881103314608895,0.029894774764810842,true,1.6767587744605116e-13,3.316363021242753e-16,1000,20,24,1.4212279353209315e-14,0.0,0.0,8.203645201023793e-13,0.004,,,,,
-2,3,0,0,schwarzschild-overtone-continuation,ell23-uniform-40,39,19,20,0.95,0x1.e666666666666p-1,0.6563479672121993,-0.08007620319446596,9.873247602317445,0.031143627834655907,true,1.605620490584527e-13,4.494775313252277e-16,1000,20,24,3.5529576159146815e-15,0.0,0.0,3.4053390716402084e-13,0.004,,KerrQNMEFs-2/l3/s-2l3m0n0.dat,951,3.972442522218699e-15,2.031330821370476e-15
-2,3,0,0,schwarzschild-overtone-continuation,ell23-supplemental-high,40,97,100,0.97,0x1.f0a3d70a3d70ap-1,0.659719187967352,-0.07886658208291931,9.86646700512179,0.03211654120719725,true,4.655851269358499e-13,6.004849988450171e-16,1000,20,24,1.4213050055029608e-14,0.0,0.0,1.3269314993621138e-12,0.004,,KerrQNMEFs-2/l3/s-2l3m0n0.dat,971,5.989097566098388e-15,1.9572232390902223e-14
-2,3,0,0,schwarzschild-overtone-continuation,ell23-supplemental-high,41,49,50,0.98,0x1.f5c28f5c28f5cp-1,0.6614748593257345,-0.07820240846130633,9.86295822352189,0.03257895804534529,true,3.67436524618947e-13,2.67507634463277e-16,1000,20,24,1.5992631646686627e-14,0.0,4.1252302593098234e-14,7.352577859262993e-13,0.004,,KerrQNMEFs-2/l3/s-2l3m0n0.dat,981,5.3944794531059694e-14,2.8602710690641276e-14
-2,3,0,0,schwarzschild-overtone-continuation,ell23-supplemental-high,42,99,100,0.99,0x1.fae147ae147aep-1,0.6632788644190932,-0.07749348865747556,9.859367019140237,0.0330215588497212,true,6.363226582731758e-13,2.1510571102112408e-16,1000,20,24,1.599808752282012e-14,0.0,0.0,1.924459450815113e-13,0.004,,KerrQNMEFs-2/l3/s-2l3m0n0.dat,991,3.4298356656422584e-14,1.30455357591014e-14
-2,3,0,0,schwarzschild-overtone-continuation,ell23-supplemental-high,43,199,200,0.995,0x1.fd70a3d70a3d7p-1,0.6641993201974189,-0.0771208770457251,9.85753968819346,0.03323440285885671,true,2.0896752609662897e-12,3.3738030318740266e-16,1000,20,24,5.862046605366286e-14,0.0,0.0,6.691656695859504e-13,0.004,,KerrQNMEFs-2/l3/s-2l3m0n0.dat,996,4.362825334599242e-14,2.8544824985131657e-14
-2,3,0,0,schwarzschild-overtone-continuation,ell23-supplemental-high,44,997,1000,0.997,0x1.fe76c8b439581p-1,0.6645709829685231,-0.07696825667374521,9.85680272868389,0.033317820028242164,true,7.659851723674333e-12,6.736894154259844e-16,1000,20,24,2.8422631834315626e-14,0.0,0.0,3.925554497073106e-12,0.004,,KerrQNMEFs-2/l3/s-2l3m0n0.dat,998,1.4051621658567718e-14,2.85160444832066e-14
-2,3,0,0,schwarzschild-overtone-continuation,ell23-supplemental-high,45,999,1000,0.999,0x1.ff7ced916872bp-1,0.6649446439117364,-0.0768135333754891,9.85606229358594,0.033400208480251076,true,4.0732896521200576e-12,3.2286938081378896e-15,1000,20,24,2.4871923893123297e-14,0.0,0.0,1.6640396615076778e-12,0.004,,KerrQNMEFs-2/l3/s-2l3m0n0.dat,1000,1.2454545727534188e-13,7.932281780679705e-14
-2,3,0,1,schwarzschild-overtone-continuation,ell23-uniform-40,0,0,1,0.0,0x0.0p+0,0.5826438030332979,-0.2812981134350457,10.0,0.0,true,6.419048000440291e-14,4.454424009010536e-16,1000,20,24,0.0,0.0,1.7667900989825679e-15,4.297581406266429e-14,0.004,0.18934181111698598,KerrQNMEFs-2/l3/s-2l3m0n1.dat,1,2.277987190955421e-15,0.0
-2,3,0,1,schwarzschild-overtone-continuation,ell23-uniform-40,1,19,780,0.02435897435897436,0x1.8f18f18f18f19p-6,0.5826758047985455,-0.28128557876738175,9.999948498363459,6.483335229083913e-05,true,9.441466109136564e-14,3.189627710442956e-16,1000,20,24,1.2434497910964315e-14,2.025966904339278e-15,5.056087786996822e-15,6.484310776657757e-14,0.004,0.18933288835941514,,,,
-2,3,0,1,schwarzschild-overtone-continuation,ell23-uniform-40,2,19,390,0.04871794871794872,0x1.8f18f18f18f19p-5,0.5827718609231148,-0.28124792203474586,9.999793887001706,0.0002593365773830799,true,1.3808246839911234e-13,7.164218939837045e-16,1000,20,24,4.7961634689571906e-14,0.0,9.848028687179946e-15,3.131143870488849e-13,0.004,0.18930608426265152,,,,
-2,3,0,1,schwarzschild-overtone-continuation,ell23-uniform-40,3,19,260,0.07307692307692308,0x1.2b52b52b52b53p-4,0.582932124141353,-0.28118498452802276,9.999535845987934,0.0005835189009816041,true,2.2441098133476106e-13,4.652682298944613e-16,1000,20,24,7.10542918484274e-15,1.8149684782055937e-15,5.978733960281817e-15,2.5121479338940402e-14,0.004,0.18926129100452802,,,,
-2,3,0,1,schwarzschild-overtone-continuation,ell23-uniform-40,4,19,195,0.09743589743589744,0x1.8f18f18f18f19p-4,0.5831568498377706,-0.28109649998780045,9.999173840199509,0.0010373947623470194,true,2.3816599965132903e-13,1.3877787807814457e-16,1000,20,24,3.197442681570871e-14,0.0,6.588076898967615e-15,1.7084279864102708e-13,0.004,0.18919832770774267,,,,
-2,3,0,1,schwarzschild-overtone-continuation,ell23-uniform-40,5,19,156,0.12179487179487179,0x1.f2df2df2df2dfp-4,0.5834463972940617,-0.2809820919526247,9.99870711642889,0.0016209823844939842,true,7.632264499726314e-14,2.9052345828309734e-16,1000,20,24,5.329074228380234e-15,0.0,0.0,4.0153622017645743e-13,0.004,0.18911693865578083,,,,
-2,3,0,1,schwarzschild-overtone-continuation,ell23-uniform-40,6,19,130,0.14615384615384616,0x1.2b52b52b52b53p-3,0.5838012314467395,-0.2808412699744128,9.99813469929036,0.002334301722550853,true,2.995058265132699e-13,6.894341957538586e-16,1000,20,24,4.085621377173663e-14,0.0,0.0,4.3980529096429943e-13,0.004,0.18901679074696184,,,,
-2,3,0,1,schwarzschild-overtone-continuation,ell23-uniform-40,7,133,780,0.17051282051282052,0x1.5d35d35d35d36p-3,0.5842219251668856,-0.280673424626101,9.997455385875416,0.0031773717382681107,true,1.229573879381011e-13,3.469446951953614e-17,1000,20,24,1.7765411124479167e-15,0.0,0.0,4.715089867795858e-14,0.004,0.18889747013687846,,,,
-2,3,0,1,schwarzschild-overtone-continuation,ell23-uniform-40,8,38,195,0.19487179487179487,0x1.8f18f18f18f19p-3,0.5847091620765676,-0.28047782120103637,9.996667739091485,0.004150206930642558,true,1.0039657863311465e-13,2.2215299868541707e-16,1000,20,24,1.4210855668114038e-14,2.1276056357529605e-15,6.418443104244263e-15,3.4638958368304884e-14,0.004,0.18875847800202272,,,,
-2,3,0,1,schwarzschild-overtone-continuation,ell23-uniform-40,9,57,260,0.21923076923076923,0x1.c0fc0fc0fc0fcp-3,0.5852637399189408,-0.2802535919747171,9.995770079604698,0.005252813031842569,true,5.576635996375892e-14,5.0895734351719815e-16,1000,20,24,6.750160403764229e-14,0.0,0.0,1.4751517911903714e-13,0.004,0.18859922533864515,,,,
-2,3,0,1,schwarzschild-overtone-continuation,ell23-uniform-40,10,19,78,0.24358974358974358,0x1.f2df2df2df2dfp-3,0.5858865745007159,-0.2799997268659919,9.994760476286753,0.006485181753584703,true,2.0673008586379857e-13,7.000033757780904e-16,1000,20,24,1.9540039370759047e-14,0.0,0.0,6.404745667978754e-14,0.004,0.18841902668845595,,,,
-2,3,0,1,schwarzschild-overtone-continuation,ell23-uniform-40,11,209,780,0.26794871794871794,0x1.1261261261261p-2,0.5865787042268219,-0.27971506229565,9.993636735046978,0.007847284440346878,true,1.628693771529444e-13,1.4304896245381993e-16,1000,20,24,8.348877795774543e-14,0.0,0.0,2.3263663168703145e-13,0.004,0.1882170926568922,,,,
-2,3,0,1,schwarzschild-overtone-continuation,ell23-uniform-40,12,19,65,0.2923076923076923,0x1.2b52b52b52b53p-2,0.5873412952466123,-0.27939826799374956,9.99239638590901,0.009339064451330054,true,6.527960332296686e-14,9.71445146547012e-17,1000,20,24,1.0658150071415777e-14,0.0,0.0,2.3479723502758016e-13,0.004,0.1879925210591614,,,,
-2,3,0,1,schwarzschild-overtone-continuation,ell23-uniform-40,13,19,60,0.31666666666666665,0x1.4444444444444p-2,0.588175647228332,-0.27904783145085926,9.991036668163858,0.010960428051016703,true,2.1218543409875903e-13,3.469446951953614e-17,1000,20,24,4.7961677611495116e-14,0.0,0.0,2.359886049795813e-13,0.004,0.18774428649213545,,,,
-2,3,0,1,schwarzschild-overtone-continuation,ell23-uniform-40,14,133,390,0.34102564102564104,0x1.5d35d35d35d36p-2,0.5890831997734028,-0.2786620396404228,9.989554513407104,0.012711233536451767,true,1.3751572135562573e-13,3.2487068343022356e-16,1000,20,24,5.32915020646462e-14,0.0,0.0,1.2951882932425237e-13,0.004,0.18747122808590444,,,,
-2,3,0,1,schwarzschild-overtone-continuation,ell23-uniform-40,15,19,52,0.36538461538461536,0x1.7627627627627p-2,0.5900655394720422,-0.2782389575559504,9.987946526231683,0.014591278265284603,true,1.495018261682008e-13,1.5265566588595902e-16,1000,20,24,4.085621673404965e-14,0.0,2.9624445261614194e-15,5.960233109062532e-14,0.004,0.18717203513428218,,,,
-2,3,0,1,schwarzschild-overtone-continuation,ell23-uniform-40,16,76,195,0.38974358974358975,0x1.8f18f18f18f19p-2,0.5911244075857812,-0.2777764030037709,9.986208962315787,0.01660028316835208,true,2.3548790850980325e-13,3.576728904403046e-16,1000,20,24,3.7303564778104974e-14,6.370977849902625e-15,6.595322839099869e-15,4.90248742696497e-13,0.004,0.18684523023681826,,,,
-2,3,0,1,schwarzschild-overtone-continuation,ell23-uniform-40,17,323,780,0.41410256410256413,0x1.a80a80a80a80bp-2,0.5922617083173077,-0.2772719169642004,9.98433770360374,0.018737874229597735,true,1.3945886121916072e-13,1.5700924586837752e-16,1000,20,24,3.73035066959113e-14,0.0,0.0,2.070675174465509e-13,0.004,0.18648914950234263,,,,
-2,3,0,1,schwarzschild-overtone-continuation,ell23-uniform-40,18,57,130,0.43846153846153846,0x1.c0fc0fc0fc0fcp-2,0.5934795175894728,-0.2767227286736307,9.982328230234417,0.021003560287854467,true,4.171839369083926e-15,1.3877787807814457e-16,1000,20,24,7.105800889312476e-15,0.0,1.117140368961273e-15,1.9651148253127133e-13,0.004,0.18610191926161515,,,,
-2,3,0,1,schwarzschild-overtone-continuation,ell23-uniform-40,19,361,780,0.46282051282051284,0x1.d9ed9ed9ed9eep-2,0.5947800921973636,-0.27612571437839234,9.98017558882373,0.023396706351126735,true,9.7598897198433e-14,0.0,1000,20,24,3.375222433177665e-14,0.0,0.0,2.297040437646645e-13,0.004,0.1856814286081439,,,,
-2,3,0,1,schwarzschild-overtone-continuation,ell23-uniform-40,20,19,39,0.48717948717948717,0x1.f2df2df2df2dfp-2,0.5961658791110348,-0.27547734845542243,9.97787435665725,0.025916501403020584,true,1.4336655154100542e-13,4.163336342344337e-17,1000,20,24,2.8422868994854527e-14,0.0,0.0,2.6547064603258087e-13,0.004,0.18522529692564815,,,,
-2,3,0,1,schwarzschild-overtone-continuation,ell23-uniform-40,21,133,260,0.5115384615384615,0x1.05e85e85e85e8p-1,0.5976395245784184,-0.2747736452687804,9.975418601297221,0.028561919407125463,true,1.3280049552749134e-13,3.8315011419927443e-16,1000,20,24,2.487021569113512e-14,0.0,0.0,2.0361042303208875e-13,0.004,0.1847308353575038,,,,
-2,3,0,1,schwarzschild-overtone-continuation,ell23-uniform-40,22,209,390,0.5358974358974359,0x1.1261261261261p-1,0.5992038824878112,-0.27401008971289664,9.972801835063192,0.03133167185759094,true,3.877842313165343e-14,2.3263411494723067e-16,1000,20,24,3.554447978966673e-15,0.0,6.102440610499343e-15,4.062581393714671e-13,0.004,0.18419500091729293,,,,
-2,3,0,1,schwarzschild-overtone-continuation,ell23-uniform-40,23,437,780,0.5602564102564103,0x1.1ed9ed9ed9edap-1,0.6008620211671772,-0.27318155385449505,9.970016963809583,0.03422414975299904,true,8.606169321550721e-14,1.1631705747361534e-16,1000,20,24,3.553074767536506e-14,0.0,1.0044297596486325e-14,4.696104286145976e-13,0.004,0.18361434161487117,,,,
-2,3,0,1,schwarzschild-overtone-continuation,ell23-uniform-40,24,38,65,0.5846153846153846,0x1.2b52b52b52b53p-1,0.6026172273767242,-0.2722821963868973,9.967056229418326,0.03723735224547682,true,5.577449321731698e-13,8.96917464302345e-16,1000,20,24,3.555423151044058e-15,1.3336662390266953e-14,2.279832911455147e-14,9.468581830367629e-13,0.004,0.18298493056098972,,,,
-2,3,0,1,schwarzschild-overtone-continuation,ell23-uniform-40,25,95,156,0.6089743589743589,0x1.37cb7cb7cb7cbp-1,0.6044730056203756,-0.2713053407025265,9.963911145471734,0.040368798380778906,true,2.1743144678241746e-13,7.632783294297951e-17,1000,20,24,3.198734132841962e-14,3.568292035180542e-15,7.615353076869676e-15,7.10407830855966e-13,0.004,0.18230228649464963,,,,
-2,3,0,1,schwarzschild-overtone-continuation,ell23-uniform-40,26,19,30,0.6333333333333333,0x1.4444444444444p-1,0.6064330699494357,-0.2702433262059643,9.960572425716268,0.04361541721768688,true,9.870875470600884e-14,2.2982303784612184e-16,1000,20,24,1.7764788079573407e-14,0.0,0.0,2.763034415720764e-13,0.004,0.1815612775274625,,,,
-2,3,0,1,schwarzschild-overtone-continuation,ell23-uniform-40,27,171,260,0.6576923076923077,0x1.50bd0bd0bd0bdp-1,0.6085013239809941,-0.2690873259471306,9.957029905248671,0.04697341008396453,true,5.392027605640215e-13,7.484040192813089e-16,1000,20,24,5.343727748275475e-15,0.0,0.0,7.15245620074549e-14,0.004,0.18075600409710177,,,,
-2,3,0,1,schwarzschild-overtone-continuation,ell23-uniform-40,28,133,195,0.6820512820512821,0x1.5d35d35d35d36p-1,0.6106818226241089,-0.2678271216511697,9.953272454985115,0.05043807663254848,true,1.5828338732836247e-13,4.545902364027965e-16,1000,20,24,3.3753179373911786e-14,0.0,5.0221487982431626e-15,3.181613291365879e-13,0.004,0.17987965616492596,,,,
-2,3,0,1,schwarzschild-overtone-continuation,ell23-uniform-40,29,551,780,0.7064102564102565,0x1.69ae9ae9ae9afp-1,0.6129787055411586,-0.26645082464856973,9.949287891143044,0.054003593483639346,true,9.945218966750327e-14,5.095246377785861e-16,1000,20,24,1.5991933160166966e-14,0.0,0.0,1.0331637877786762e-13,0.004,0.17892433861609885,,,,
-2,3,0,1,schwarzschild-overtone-continuation,ell23-uniform-40,30,19,26,0.7307692307692307,0x1.7627627627627p-1,0.6153960869256598,-0.26494452798099394,9.94506288357922,0.05766273027136508,true,5.2432625861148955e-14,4.965068306494546e-16,1000,20,24,4.6185428465712693e-14,0.0,9.397629676137547e-15,2.5259425740736994e-13,0.004,0.17788085777329535,,,,
-2,3,0,1,schwarzschild-overtone-continuation,ell23-uniform-40,31,589,780,0.7551282051282051,0x1.82a02a02a02a0p-1,0.6179378775179363,-0.2632918711010574,9.940582870605112,0.06140648245565877,true,5.575044364460956e-14,1.1857187100668868e-16,1000,20,24,1.4255793297950474e-14,0.0,6.398247173866846e-15,2.1036942267859431e-13,0.004,0.1767384613127443,,,,
-2,3,0,1,schwarzschild-overtone-continuation,ell23-uniform-40,32,152,195,0.7794871794871795,0x1.8f18f18f18f19p-1,0.620607500859964,-0.2614734944621601,9.935831994628767,0.06522359283075378,true,5.5211916766222624e-14,6.674335893081556e-16,1000,20,24,3.6002095113654286e-15,0.0,0.0,1.0394723574396867e-13,0.004,0.17548452464516,,,,
-2,3,0,1,schwarzschild-overtone-continuation,ell23-uniform-40,33,209,260,0.8038461538461539,0x1.9b91b91b91b92p-1,0.6234074432149979,-0.259466358149225,9.930793084958317,0.0690999238264777,true,5.718241383625821e-14,7.542995782980388e-16,1000,20,24,5.3300071865606454e-14,0.0,1.447298249288884e-14,1.7924542996424672e-13,0.004,0.1741041812438307,,,,
-2,3,0,1,schwarzschild-overtone-continuation,ell23-uniform-40,34,323,390,0.8282051282051283,0x1.a80a80a80a80bp-1,0.6263385398133833,-0.25724289995283994,9.925447735533677,0.07301763051329631,true,3.6483516518171275e-13,3.920475055707584e-16,1000,20,24,1.6002870607179917e-14,0.0,0.0,1.708999302366819e-13,0.004,0.1725799075978305,,,,
-2,3,0,1,schwarzschild-overtone-continuation,ell23-uniform-40,35,133,156,0.8525641025641025,0x1.b483483483483p-1,0.6293988406075793,-0.2547700225537392,9.919776563673091,0.0769540715509991,true,8.511812832044698e-14,2.2215299868541707e-16,1000,20,24,1.7781172535222082e-14,0.0,9.09180472805593e-15,5.087339920290512e-13,0.004,0.17089110698261056,,,,
-2,3,0,1,schwarzschild-overtone-continuation,ell23-uniform-40,36,57,65,0.8769230769230769,0x1.c0fc0fc0fc0fcp-1,0.6325818052590898,-0.2520079474209201,9.91375980389037,0.0808803894581649,true,2.601983826423372e-13,5.689998776042459e-16,1000,20,24,2.132315209700114e-14,0.0,0.0,6.035700082773898e-13,0.004,0.16901381571170432,,,,
-2,3,0,1,schwarzschild-overtone-continuation,ell23-uniform-40,37,703,780,0.9012820512820513,0x1.cd74d74d74d75p-1,0.6358734420760612,-0.2489091016061721,9.907378507776892,0.08475971450762142,true,1.7088377374275825e-13,4.440892098500626e-16,1000,20,24,2.131933569020253e-14,0.0,1.6930901125533637e-14,9.225519121669793e-13,0.004,0.16692083605556415,,,,
-2,3,0,1,schwarzschild-overtone-continuation,ell23-uniform-40,38,361,390,0.9256410256410257,0x1.d9ed9ed9ed9eep-1,0.6392478545784579,-0.24541750959164538,9.900616805679325,0.08854505585929447,true,3.704811405215109e-13,5.923820329225954e-16,1000,20,24,1.5987813877796168e-14,0.0,5.0586468752296774e-14,8.030552498568845e-13,0.004,0.16458298975317534,,,,
-2,3,0,1,schwarzschild-overtone-continuation,ell23-uniform-40,39,19,20,0.95,0x1.e666666666666p-1,0.6426606443394239,-0.24146979944629887,9.893465914336643,0.09217726588381486,true,2.186073961198223e-13,5.678457721415499e-16,1000,20,24,3.572418617195081e-15,0.0,0.0,3.5468913392014995e-13,0.004,0.16197294748976834,KerrQNMEFs-2/l3/s-2l3m0n1.dat,951,1.9148128866619434e-14,1.86315438974127e-14
-2,3,0,1,schwarzschild-overtone-continuation,ell23-supplemental-high,40,97,100,0.97,0x1.f0a3d70a3d70ap-1,0.6454421544045491,-0.2378409766911657,9.887306447922937,0.0949946686016932,true,7.532863140267167e-13,7.764820707219044e-16,1000,20,24,4.2633865168361265e-14,0.0,0.0,9.954958735274761e-13,0.004,0.15961419682600864,KerrQNMEFs-2/l3/s-2l3m0n1.dat,971,5.461631558083327e-14,4.985086826397804e-14
-2,3,0,1,schwarzschild-overtone-continuation,ell23-supplemental-high,41,49,50,0.98,0x1.f5c28f5c28f5cp-1,0.6468074922202193,-0.23588391244627718,9.88413314763266,0.09633239325202514,true,4.977041530744391e-13,5.4672143489065705e-16,1000,20,24,1.6653345369377348e-16,0.0,0.0,2.820997839749185e-13,0.004,0.1583622062133839,KerrQNMEFs-2/l3/s-2l3m0n1.dat,981,1.026620512939987e-13,3.934863620644512e-14
-2,3,0,1,schwarzschild-overtone-continuation,ell23-supplemental-high,42,99,100,0.99,0x1.fae147ae147aep-1,0.648144384337851,-0.233827143612895,9.880901104646027,0.09761487664445921,true,3.4986943209428212e-12,8.401507749314535e-16,1000,20,24,4.446791660653919e-14,3.3447878428024335e-13,7.303873452799856e-13,9.038933784121897e-13,0.004,0.15706452228001605,KerrQNMEFs-2/l3/s-2l3m0n1.dat,991,4.752398457061413e-13,2.121391618091336e-13
-2,3,0,1,schwarzschild-overtone-continuation,ell23-supplemental-high,43,199,200,0.995,0x1.fd70a3d70a3d7p-1,0.648799053016224,-0.23276060073041266,9.879264248123544,0.09823353413973111,true,1.788974784782332e-12,7.068332978601757e-16,1000,20,24,6.57665421142491e-14,0.0,1.5320459202886805e-12,9.061885720770783e-12,0.004,0.1563997820263765,KerrQNMEFs-2/l3/s-2l3m0n1.dat,996,4.034475783169901e-13,1.7754104691227623e-13
-2,3,0,1,schwarzschild-overtone-continuation,ell23-supplemental-high,44,997,1000,0.997,0x1.fe76c8b439581p-1,0.6490579234214753,-0.23232679454496447,9.878605796363084,0.09847654782555473,true,3.9021671846472775e-13,2.2930524797158405e-16,1000,20,24,4.087244118701927e-14,0.0,0.0,3.6265533240040343e-13,0.004,0.15613113176427473,KerrQNMEFs-2/l3/s-2l3m0n1.dat,998,1.521157337128485e-12,6.980297362677195e-13
-2,3,0,1,schwarzschild-overtone-continuation,ell23-supplemental-high,45,999,1000,0.999,0x1.ff7ced916872bp-1,0.6493149464351722,-0.23188886818294321,9.87794528589035,0.0987169498689497,true,1.4384874071654574e-11,9.9870355201207e-15,1024,20,24,3.1998269676271255e-14,0.0,0.0,8.644172913464635e-12,0.004,0.1558609858458906,KerrQNMEFs-2/l3/s-2l3m0n1.dat,1000,1.0240227581927704e-11,4.622554685012632e-12
-2,3,0,2,schwarzschild-overtone-continuation,ell23-uniform-40,0,0,1,0.0,0x0.0p+0,0.551684900778463,-0.47909275096695936,10.0,0.0,true,7.340525977395958e-13,7.894497640785698e-16,1000,20,24,0.0,1.039408322846928e-14,1.148745569312467e-14,2.615606277811939e-13,0.004,0.2002028278152073,KerrQNMEFs-2/l3/s-2l3m0n2.dat,1,1.2009411317269482e-14,0.0
-2,3,0,2,schwarzschild-overtone-continuation,ell23-uniform-40,1,19,780,0.02435897435897436,0x1.8f18f18f18f19p-6,0.5517238513139271,-0.4790691523619442,9.999985186729768,0.00010455526907139385,true,3.379562653680487e-13,7.550332863779066e-16,1000,20,24,7.105427358234312e-15,4.927689594407735e-15,6.0208490917174056e-15,5.008011169476472e-13,0.004,0.20019082248781955,,,,
-2,3,0,2,schwarzschild-overtone-continuation,ell23-uniform-40,2,19,390,0.04871794871794872,0x1.8f18f18f18f19p-5,0.5518407550997747,-0.47899826028825016,9.999940583327453,0.0004182455302494291,true,3.4373910522391057e-13,5.993212282476064e-16,1000,20,24,2.6645352952812555e-14,5.284066801408588e-15,9.155133597044475e-15,2.211925392456506e-13,0.004,0.20015476408726832,,,,
-2,3,0,2,schwarzschild-overtone-continuation,ell23-uniform-40,3,19,260,0.07307692307692308,0x1.2b52b52b52b53p-4,0.5520357687929265,-0.47887978502040346,9.99986569805903,0.0009411436151233181,true,1.761215479553692e-13,4.1191555942998253e-16,1000,20,24,5.3290705415382736e-14,7.428752721584533e-15,1.347080770051005e-14,2.2699214986567688e-13,0.004,0.20009452495143001,,,,
-2,3,0,2,schwarzschild-overtone-continuation,ell23-uniform-40,4,19,195,0.09743589743589744,0x1.8f18f18f18f19p-4,0.5523091538797699,-0.47871324049919317,9.999759708158534,0.0016733691275335797,true,3.990481954951224e-13,4.85722573273506e-17,1000,20,24,3.552758174221373e-15,5.637320713454655e-15,6.330462090780546e-15,4.566351484199874e-14,0.004,0.2000098909460839,,,,
-2,3,0,2,schwarzschild-overtone-continuation,ell23-uniform-40,5,19,156,0.12179487179487179,0x1.f2df2df2df2dfp-4,0.5526612772508689,-0.47849793949190567,9.999621454976756,0.0026150857192599013,true,3.35362634282035e-13,3.191891195797325e-16,1000,20,24,8.881785721660427e-15,1.967320211922957e-15,8.338691426846107e-15,3.8348459685811704e-13,0.004,0.19990055939199938,,,,
-2,3,0,2,schwarzschild-overtone-continuation,ell23-uniform-40,6,19,130,0.14615384615384616,0x1.2b52b52b52b53p-3,0.5530926119792462,-0.4782329866852074,9.99944943711349,0.0037664971716598636,true,1.3126198324784837e-13,1.5265566588595902e-16,1000,20,24,8.881826220323933e-15,0.0,0.0,6.83204945546556e-14,0.004,0.19976613610828514,,,,
-2,3,0,2,schwarzschild-overtone-continuation,ell23-uniform-40,7,133,780,0.17051282051282052,0x1.5d35d35d35d36p-3,0.5536037382730687,-0.477917269574386,9.999241801456254,0.005127842174395632,true,2.762963038479664e-13,7.816041058999314e-16,1000,20,24,4.973810592058844e-14,0.0,0.0,3.4120070783195566e-13,0.004,0.19960613151566212,,,,
-2,3,0,2,schwarzschild-overtone-continuation,ell23-uniform-40,8,38,195,0.19487179487179487,0x1.8f18f18f18f19p-3,0.5541953445616604,-0.47754944696603924,9.99899633202425,0.006699387654157009,true,2.6078285725695897e-13,4.510281037539698e-16,1000,20,24,2.3092640883183685e-14,5.60772539733846e-15,6.415561863741047e-15,3.097693343620118e-13,0.004,0.19941995572408094,,,,
-2,3,0,2,schwarzschild-overtone-continuation,ell23-uniform-40,9,57,260,0.21923076923076923,0x1.c0fc0fc0fc0fcp-3,0.5548682286576027,-0.4771279348591102,9.998710436490102,0.008481420462475032,true,2.9877304206926087e-13,2.482534153247273e-16,1000,20,24,2.842189371241217e-14,4.655330759269495e-15,4.8099699828517625e-15,8.388115180952459e-14,0.004,0.19920691250807465,,,,
-2,3,0,2,schwarzschild-overtone-continuation,ell23-uniform-40,10,19,78,0.24358974358974358,0x1.f2df2df2df2dfp-3,0.5556232989174152,-0.476650889408677,9.998381130227349,0.010474237180314608,true,7.044100435002446e-14,2.582350176184633e-16,1000,20,24,2.3092881357822616e-14,0.0,2.1875901640420228e-15,3.565701751637129e-13,0.004,0.19896619204885127,,,,
-2,3,0,2,schwarzschild-overtone-continuation,ell23-uniform-40,11,209,780,0.26794871794871794,0x1.1261261261261p-2,0.5564615752959929,-0.47611618660648225,9.998005017698176,0.012678131735423252,true,4.0071245038087797e-13,4.594889227755668e-16,1000,20,24,4.263279002046025e-14,5.9126542559595944e-15,6.282577389276615e-15,5.076654512516602e-13,0.004,0.19869686229428776,,,,
-2,3,0,2,schwarzschild-overtone-continuation,ell23-uniform-40,12,19,65,0.2923076923076923,0x1.2b52b52b52b53p-2,0.5573841901541849,-0.47552139822858436,9.99757827096866,0.015093380454309867,true,1.9554302378810134e-13,7.979727989493313e-16,1000,20,24,2.1316618130475802e-14,2.7938161855448883e-15,4.318467880798754e-15,9.711348689622622e-14,0.004,0.19839785875515065,,,,
-2,3,0,2,schwarzschild-overtone-continuation,ell23-uniform-40,13,19,60,0.31666666666666665,0x1.4444444444444p-2,0.5583923886307091,-0.47486376350074355,9.997096605103064,0.017720224079321143,true,3.540293553075173e-13,2.983724378680108e-16,1000,20,24,2.84220152076531e-14,1.5700924586837751e-15,2.914203267236168e-15,2.6227782409384856e-13,0.004,0.1980679725176632,,,,
-2,3,0,2,schwarzschild-overtone-continuation,ell23-uniform-40,14,133,390,0.34102564102564104,0x1.5d35d35d35d36p-2,0.5594875283250287,-0.4741401558114843,9.996555250153008,0.0205588461688828,true,2.70457256209957e-14,4.163336342344337e-17,1000,20,24,1.9540260655570942e-14,0.0,9.210335536909496e-15,4.148164070212856e-13,0.004,0.1977058362068938,,,,
-2,3,0,2,schwarzschild-overtone-continuation,ell23-uniform-40,15,19,52,0.36538461538461536,0x1.7627627627627p-2,0.5606710779511963,-0.4733470436562542,9.995948919422903,0.023609347158459727,true,3.473356819522863e-13,4.914872971652157e-16,1000,20,24,5.862066369202318e-14,0.0,0.0,1.495394171966921e-13,0.004,0.19730990758151007,,,,
-2,3,0,2,schwarzschild-overtone-continuation,ell23-uniform-40,16,76,195,0.38974358974358975,0x1.8f18f18f18f19p-2,0.5619446145045993,-0.47248044481677187,9.99527177365218,0.02687171318350351,true,2.479231178557818e-13,2.3592239273284576e-16,1000,20,24,5.684363326561844e-14,0.0,4.698814838068773e-15,1.936845081623884e-13,0.004,0.19687845037631577,,,,
-2,3,0,2,schwarzschild-overtone-continuation,ell23-uniform-40,17,323,780,0.41410256410256413,0x1.a80a80a80a80bp-2,0.5633098183231243,-0.4715358725595085,9.994517380725043,0.030345778542287608,true,1.2835637890475422e-13,6.938893903907228e-18,1000,20,24,3.01981053329455e-14,0.0,1.9389211565826713e-15,4.331179091905074e-13,0.004,0.19640951193303022,,,,
-2,3,0,2,schwarzschild-overtone-continuation,ell23-uniform-40,18,57,130,0.43846153846153846,0x1.c0fc0fc0fc0fcp-2,0.5647684652048471,-0.4705082723648982,9.993678670485433,0.03403118039218019,true,7.583530321880095e-14,2.996606141238032e-16,1000,20,24,1.5994588450779072e-14,0.0,4.7207330545682824e-15,2.588857271515822e-13,0.004,0.19590089706980124,,,,
-2,3,0,2,schwarzschild-overtone-continuation,ell23-uniform-40,19,361,780,0.46282051282051284,0x1.d9ed9ed9ed9eep-2,0.5663224144412357,-0.4693919473623655,9.992747884222306,0.03792730390770838,true,9.745810645650411e-14,2.7344877050525285e-16,1000,20,24,1.2442928561808192e-14,0.0,3.958455005116838e-15,2.794771633043531e-13,0.004,0.19535013753536754,,,,
-2,3,0,2,schwarzschild-overtone-continuation,ell23-uniform-40,20,19,39,0.48717948717948717,0x1.f2df2df2df2dfp-2,0.5679735912043464,-0.4681804702284332,9.991716518397064,0.04203321565731962,true,9.823209153779493e-14,6.04002714990216e-16,1000,20,24,1.777382334170483e-14,0.0,1.2623387138745463e-14,6.67353056119832e-13,0.004,0.19475445627373308,,,,
-2,3,0,2,schwarzschild-overtone-continuation,ell23-uniform-40,21,133,260,0.5115384615384615,0x1.05e85e85e85e8p-1,0.5697239611388178,-0.4668665787869453,9.990575262233298,0.046347582342498014,true,8.950022819434853e-14,1.5959455978986625e-16,1000,20,24,2.4872837596301816e-14,0.0,4.324172596470543e-15,5.734084279953668e-14,0.004,0.19411072559177273,,,,
-2,3,0,2,schwarzschild-overtone-continuation,ell23-uniform-40,22,209,390,0.5358974358974359,0x1.1261261261261p-1,0.5715754941799107,-0.46544205190938487,9.989313928911166,0.05086857124042966,true,8.001496801707623e-14,6.97902344841692e-16,1000,20,24,7.284479275151217e-14,0.0,4.698814838068773e-15,6.941682579045512e-13,0.004,0.19341541818296137,,,,
-2,3,0,2,schwarzschild-overtone-continuation,ell23-uniform-40,23,437,780,0.5602564102564103,0x1.1ed9ed9ed9edap-1,0.573530113439699,-0.46389756152459916,9.98792138033952,0.05559372763470332,true,1.9074342402740464e-13,3.787898901196402e-16,1000,20,24,5.151453527367715e-14,0.0,0.0,5.8949426116089e-13,0.004,0.19266454983116793,,,,
-2,3,0,2,schwarzschild-overtone-continuation,ell23-uniform-40,24,38,65,0.5846153846153846,0x1.2b52b52b52b53p-1,0.5755896233104099,-0.4622224955890187,9.98638544591031,0.06051982311885266,true,4.766672447591526e-14,1.4163674587910987e-15,1000,20,24,2.1322804358040534e-14,0.0,0.0,1.8767275160850533e-13,0.004,0.19185361253454894,,,,
-2,3,0,2,schwarzschild-overtone-continuation,ell23-uniform-40,25,95,156,0.6089743589743589,0x1.37cb7cb7cb7cbp-1,0.5777556084789557,-0.46040474573063667,9.984692836381884,0.06564266679507325,true,9.41008164741723e-14,5.678457721415499e-16,1000,20,24,1.4218232151274038e-14,0.0,2.7035697373913694e-15,4.060559019667786e-13,0.004,0.19097749682095433,,,,
-2,3,0,2,schwarzschild-overtone-continuation,ell23-uniform-40,26,19,30,0.6333333333333333,0x1.4444444444444p-1,0.5800292919527278,-0.45843045198390336,9.982829055301242,0.07095686890310525,true,1.7805485368258638e-13,2.3263411494723067e-16,1000,20,24,5.50700015298095e-14,0.0,0.0,4.3243641442375964e-13,0.004,0.1900304023072658,,,,
-2,3,0,2,schwarzschild-overtone-continuation,ell23-uniform-40,27,171,260,0.6576923076923077,0x1.50bd0bd0bd0bdp-1,0.5824113348784963,-0.4562836956791964,9.980778312503817,0.07645554309009289,true,3.8118507980991975e-13,4.545902364027965e-16,1000,20,24,1.4217791915866692e-14,8.363045564649959e-15,9.07416323802664e-15,7.691014852333909e-13,0.004,0.1890057363474261,,,,
-2,3,0,2,schwarzschild-overtone-continuation,ell23-uniform-40,28,133,195,0.6820512820512821,0x1.5d35d35d35d36p-1,0.5849015529902648,-0.4539461304106623,9.97852344779227,0.08212992910500186,true,9.995460652028057e-14,1.249000902703301e-16,1000,20,24,7.113892644373329e-15,4.249413978253322e-15,1.1903874225991943e-14,5.864130334533361e-13,0.004,0.18789600241625629,,,,
-2,3,0,2,schwarzschild-overtone-continuation,ell23-uniform-40,29,551,780,0.7064102564102565,0x1.69ae9ae9ae9afp-1,0.5874985125403112,-0.45139654072097224,9.97604587887336,0.08796891187080413,true,1.0411121963056146e-13,1.4304896245381993e-16,1000,20,24,7.639182057202989e-14,0.0,0.0,7.046949975590673e-13,0.004,0.18669268365121908,,,,
-2,3,0,2,schwarzschild-overtone-continuation,ell23-uniform-40,30,19,26,0.7307692307692307,0x1.7627627627627p-1,0.5901989503745632,-0.4486103201343736,9.973325597702972,0.09395840540810474,true,5.823423612313941e-13,8.303800746280225e-16,1000,20,24,6.046115604491065e-14,0.0,0.0,1.527357020777911e-13,0.004,0.18538613458860148,,,,
-2,3,0,2,schwarzschild-overtone-continuation,ell23-uniform-40,31,589,780,0.7551282051282051,0x1.82a02a02a02a0p-1,0.5929969351132829,-0.4455588675134943,9.970341256444133,0.1000805610261966,true,3.152498561090549e-13,4.454424009010536e-16,1000,20,24,1.2434776667520737e-14,0.0,2.0803873198962774e-14,1.2791002765336182e-13,0.004,0.1839655092381274,,,,
-2,3,0,2,schwarzschild-overtone-continuation,ell23-uniform-40,32,152,195,0.7794871794871795,0x1.8f18f18f18f19p-1,0.5958826444612741,-0.44220891996446504,9.967070413280082,0.1063127496734703,true,5.942652071064965e-13,4.441434166503682e-16,1000,20,24,1.9579802894358342e-14,0.0,1.2085123128486688e-14,4.1706573774554185e-13,0.004,0.18241878345015639,,,,
-2,3,0,2,schwarzschild-overtone-continuation,ell23-uniform-40,33,209,260,0.8038461538461539,0x1.9b91b91b91b92p-1,0.5988405716314742,-0.4385218855299389,9.963490057824242,0.11262626236106843,true,1.8532306178834622e-13,8.296839822321556e-16,1000,20,24,4.981005616562725e-14,6.717766776011334e-15,1.1875235271770406e-14,1.9109050850781527e-13,0.004,0.18073298831421714,,,,
-2,3,0,2,schwarzschild-overtone-continuation,ell23-uniform-40,34,323,390,0.8282051282051283,0x1.a80a80a80a80bp-1,0.6018468876908932,-0.434453338663756,9.95957761953525,0.11898468172555345,true,7.743041455025619e-13,1.0408340855860843e-16,1000,20,24,1.95413494288998e-14,0.0,0.0,4.944186998154211e-13,0.004,0.17889488704768622,,,,
-2,3,0,2,schwarzschild-overtone-continuation,ell23-uniform-40,35,133,156,0.8525641025641025,0x1.b483483483483p-1,0.6048655865485959,-0.4299530546857619,9.955312799541618,0.1253419325023518,true,1.4289532142784443e-13,6.302181390449324e-16,1000,20,24,1.9573034343748946e-14,0.0,7.541553047860125e-15,9.979663786127905e-14,0.004,0.17689255298539824,,,,
-2,3,0,2,schwarzschild-overtone-continuation,ell23-uniform-40,36,57,65,0.8769230769230769,0x1.c0fc0fc0fc0fcp-1,0.6078429917883673,-0.4249663952974987,9.950680771083757,0.13164019334552712,true,2.626366264490261e-13,8.951173136040325e-16,1000,20,24,3.698163560617978e-15,0.0,0.0,2.414816493542365e-13,0.004,0.1747187270552712,,,,
-2,3,0,2,schwarzschild-overtone-continuation,ell23-uniform-40,37,703,780,0.9012820512820513,0x1.cd74d74d74d75p-1,0.6107004545363494,-0.4194386703313055,9.945677522682551,0.13780830979766562,true,1.6875623703846844e-13,1.3877787807814457e-16,1000,20,24,5.513867073306801e-15,1.2545642989944634e-14,5.010981505778141e-14,3.318508435560369e-13,0.004,0.17237753076098544,,,,
-2,3,0,2,schwarzschild-overtone-continuation,ell23-uniform-40,38,361,390,0.9256410256410257,0x1.d9ed9ed9ed9eep-1,0.6133263082573738,-0.41332527884972214,9.940318079930753,0.14376235254665626,true,1.7288250917028504e-13,6.58317845524286e-16,1000,20,24,5.339642567552581e-14,0.0,8.57639920934022e-14,4.932070039384591e-13,0.004,0.16989686736635157,,,,
-2,3,0,2,schwarzschild-overtone-continuation,ell23-uniform-40,39,19,20,0.95,0x1.e666666666666p-1,0.6155715873969606,-0.4066108099439119,9.934647094766559,0.14941152097478558,true,1.0475641823488388e-12,4.531581184534698e-16,1000,20,24,1.4216952044357956e-14,0.0,0.0,5.941030694258589e-13,0.004,0.16734805153991117,KerrQNMEFs-2/l3/s-2l3m0n2.dat,951,1.4656625984618587e-14,1.3939628225496197e-14
-2,3,0,2,schwarzschild-overtone-continuation,ell23-supplemental-high,40,97,100,0.97,0x1.f0a3d70a3d70ap-1,0.6170062324949184,-0.40067471625714274,9.92981509545567,0.15376283250915088,true,1.3862698334772012e-12,8.244153548874836e-16,1000,20,24,1.422396751169702e-14,0.0,2.3549608029163105e-13,6.038698883430643e-13,0.004,0.16529799876553575,KerrQNMEFs-2/l3/s-2l3m0n2.dat,971,1.0019873511391824e-13,6.2247409074706e-14
-2,3,0,2,schwarzschild-overtone-continuation,ell23-supplemental-high,41,49,50,0.98,0x1.f5c28f5c28f5cp-1,0.6175511345201764,-0.3975822166773211,9.927360840305974,0.15582961195144912,true,1.855486987166254e-12,6.679023307106313e-16,1000,20,24,7.465455307874027e-14,0.0,5.147616938102898e-13,5.54997103142185e-13,0.004,0.16432369292669904,KerrQNMEFs-2/l3/s-2l3m0n2.dat,981,2.3154528307885595e-13,7.701203477819472e-14
-2,3,0,2,schwarzschild-overtone-continuation,ell23-supplemental-high,42,99,100,0.99,0x1.fae147ae147aep-1,0.6179659236563924,-0.3944210621028649,9.924893342899386,0.15782066322243618,true,2.776648030449037e-12,2.280617143682994e-16,1000,20,24,1.60473319662801e-14,0.0,0.0,9.745385682535507e-13,0.004,0.16340485349298978,KerrQNMEFs-2/l3/s-2l3m0n2.dat,991,1.5264417121329254e-12,7.271927440965083e-13
-2,3,0,2,schwarzschild-overtone-continuation,ell23-supplemental-high,43,199,200,0.995,0x1.fd70a3d70a3d7p-1,0.6181215262074008,-0.39281889027497774,9.923657673760786,0.15878760452576351,true,6.8241334555326075e-12,6.934056676158708e-16,1000,20,24,3.730613692190831e-14,2.9480661277205245e-12,8.511983197251171e-12,7.305044779125804e-12,0.004,0.16297167454204395,KerrQNMEFs-2/l3/s-2l3m0n2.dat,996,6.166339569304297e-12,2.9362412727326276e-12
-2,3,0,2,schwarzschild-overtone-continuation,ell23-supplemental-high,44,997,1000,0.997,0x1.fe76c8b439581p-1,0.6181737755323036,-0.3921745700215527,9.923163438111162,0.15916906717131,true,7.216463160362869e-12,4.988559232931627e-16,1000,20,24,1.2457059789336392e-14,0.0,6.264561604821413e-12,8.604632191551439e-12,0.004,0.16280399846334853,KerrQNMEFs-2/l3/s-2l3m0n2.dat,998,3.4634690881391197e-12,1.676526518455071e-12
-2,3,0,2,schwarzschild-overtone-continuation,ell23-supplemental-high,45,999,1000,0.999,0x1.ff7ced916872bp-1,0.6182202311213657,-0.39152846251193674,9.922669338425454,0.15954750983935465,true,3.066716358737301e-12,9.922456371214648e-15,1218,20,24,2.320726318384306e-14,0.0,7.867341659059245e-11,3.1921414524223755e-11,0.004,0.16263972884253186,KerrQNMEFs-2/l3/s-2l3m0n2.dat,1000,8.637926355399854e-11,4.162400392201349e-11
-2,3,1,0,schwarzschild-overtone-continuation,ell23-uniform-40,0,0,1,0.0,0x0.0p+0,0.5994432884374898,-0.09270304794494666,10.0,0.0,true,1.5957887108469527e-14,2.3714374201337736e-16,1000,20,24,0.0,0.0,1.967320211922957e-15,6.321684384600078e-14,0.004,,KerrQNMEFs-2/l3/s-2l3m1n0.dat,1,9.694605782913356e-16,0.0
-2,3,1,0,schwarzschild-overtone-continuation,ell23-uniform-40,1,19,780,0.02435897435897436,0x1.8f18f18f18f19p-6,0.6011164233481429,-0.09268318488960575,9.990164667913273,0.0015283583014591739,true,4.0567980767069685e-14,9.020562075079397e-17,1000,20,24,3.552714102316949e-15,0.0,1.419410069174236e-14,3.900774561285058e-13,0.004,,,,,
-2,3,1,0,schwarzschild-overtone-continuation,ell23-uniform-40,2,19,390,0.04871794871794872,0x1.8f18f18f18f19p-5,0.6028556676805022,-0.09265519670982778,9.98012400470566,0.0031024758183054854,true,5.515473566030869e-15,6.684427777288335e-16,1000,20,24,1.9539925469224427e-14,0.0,3.616328897427208e-15,1.2723368992238922e-13,0.004,,,,,
-2,3,1,0,schwarzschild-overtone-continuation,ell23-uniform-40,3,19,260,0.07307692307692308,0x1.2b52b52b52b53p-4,0.6046629658432728,-0.09261880622609879,9.969872105590223,0.004722207301752977,true,2.1618525465400928e-13,3.5333894300643197e-16,1000,20,24,6.938893903907228e-18,5.6953906879460006e-15,8.546565511116292e-15,1.4945828790231333e-13,0.004,,,,,
-2,3,1,0,schwarzschild-overtone-continuation,ell23-uniform-40,4,19,195,0.09743589743589744,0x1.8f18f18f18f19p-4,0.6065404176900213,-0.09257369623384734,9.959402702563793,0.006387389166069493,true,2.3621413569558807e-14,4.742874840267547e-16,1000,20,24,1.4210854821081122e-14,0.0,1.9643811332260005e-15,7.771688053971721e-14,0.004,,,,,
-2,3,1,0,schwarzschild-overtone-continuation,ell23-uniform-40,5,19,156,0.12179487179487179,0x1.f2df2df2df2dfp-4,0.6084902906969042,-0.09251950625418423,9.948709136344963,0.008097835295882653,true,6.793258640404412e-15,3.0436364816617974e-16,1000,20,24,3.552900444656238e-15,0.0,3.897756505132699e-15,1.7427375610296364e-13,0.004,,,,,
-2,3,1,0,schwarzschild-overtone-continuation,ell23-uniform-40,6,19,130,0.14615384615384616,0x1.2b52b52b52b53p-3,0.6105150336488088,-0.09245582873960775,9.937784325184214,0.009853332239628951,true,8.92334806330066e-14,2.3479724158959924e-16,1000,20,24,2.6645358237889474e-14,2.424763686264159e-15,4.308824046522781e-15,6.066492675411654e-14,0.004,,,,,
-2,3,1,0,schwarzschild-overtone-continuation,ell23-uniform-40,7,133,780,0.17051282051282052,0x1.5d35d35d35d36p-3,0.6126172920428976,-0.09238220465323105,9.926620730125588,0.011653633677537785,true,1.5463489825734459e-13,1.5265566588595902e-16,1000,20,24,1.0658452881136144e-14,4.222133058685888e-15,4.285518399176076e-15,1.1470855237368637e-13,0.004,,,,,
-2,3,1,0,schwarzschild-overtone-continuation,ell23-uniform-40,8,38,195,0.19487179487179487,0x1.8f18f18f18f19p-3,0.6147999254555899,-0.09229811832349619,9.915210316225608,0.013498454029864505,true,1.7685682031522878e-14,4.910462595695867e-16,1000,20,24,2.842176708152551e-14,0.0,2.3426758140054006e-15,6.2803698347351e-14,0.004,,,,,
-2,3,1,0,schwarzschild-overtone-continuation,ell23-uniform-40,9,57,260,0.21923076923076923,0x1.c0fc0fc0fc0fcp-3,0.6170660271635074,-0.09220299145491612,9.903544509151288,0.015387461042952053,true,3.128859829681214e-14,5.593023969348752e-16,1000,20,24,4.618532486728932e-14,0.0,3.954195525452399e-15,5.899913599447275e-14,0.004,,,,,
-2,3,1,0,schwarzschild-overtone-continuation,ell23-uniform-40,10,19,78,0.24358974358974358,0x1.f2df2df2df2dfp-3,0.6194189463629006,-0.09209617614964109,9.891614146475389,0.017320267155772916,true,2.983671448973415e-14,3.3422138886441676e-16,1000,20,24,1.5987220966076676e-14,0.0,0.0,1.0512164751164357e-13,0.004,,,,,
-2,3,1,0,schwarzschild-overtone-continuation,ell23-uniform-40,11,209,780,0.26794871794871794,0x1.1261261261261p-2,0.6218623133975686,-0.09197694676226208,9.879409422862267,0.019296419405888197,true,1.4661671005472934e-14,4.494775313252277e-16,1000,20,24,3.552721149623241e-14,0.0,2.6281833546282156e-15,1.0173132964244967e-13,0.004,,,,,
-2,3,1,0,schwarzschild-overtone-continuation,ell23-uniform-40,12,19,65,0.2923076923076923,0x1.2b52b52b52b53p-2,0.6244000684856291,-0.09184449037007504,9.866919828186097,0.021315387578796353,true,3.5883397449893125e-14,8.979100305537893e-16,1000,20,24,5.3290904403784324e-14,0.0,2.7128146828510983e-15,5.922558581445378e-14,0.004,,,,,
-2,3,1,0,schwarzschild-overtone-continuation,ell23-uniform-40,13,19,60,0.31666666666666665,0x1.4444444444444p-2,0.6270364945342426,-0.09169789559019563,9.854134077436933,0.023376550235025707,true,6.106872549217733e-14,3.1835838817813215e-16,1000,20,24,5.1514640422105874e-14,1.7038058003114324e-15,7.752952570751715e-15,3.8610843390111544e-13,0.004,,,,,
-2,3,1,0,schwarzschild-overtone-continuation,ell23-uniform-40,14,133,390,0.34102564102564104,0x1.5d35d35d35d36p-2,0.6297762547536413,-0.09153613941034158,9.841040031041672,0.02547917816065695,true,6.724982951377692e-14,3.379462171739212e-16,1000,20,24,9.059461342278744e-14,1.8041124150158794e-15,3.327082047133806e-15,5.118597739093477e-14,0.004,,,,,
-2,3,1,0,schwarzschild-overtone-continuation,ell23-uniform-40,15,19,52,0.36538461538461536,0x1.7627627627627p-2,0.6326244359341656,-0.09135807161781499,9.827624603940777,0.027622414673110066,true,1.157838599431107e-13,2.582350176184633e-16,1000,20,24,1.4211078753650536e-14,3.1580734977212453e-15,5.85940185971393e-15,2.4340991015723994e-13,0.004,,,,,
-2,3,1,0,schwarzschild-overtone-continuation,ell23-uniform-40,16,76,195,0.38974358974358975,0x1.8f18f18f18f19p-2,0.6355865984411211,-0.09116239630465502,9.813873661411115,0.029805252066756622,true,9.371676580038766e-14,4.577566798522237e-16,1000,20,24,4.263302281147965e-14,0.0,0.0,8.012241967931862e-14,0.004,,,,,
-2,3,1,0,schwarzschild-overtone-continuation,ell23-uniform-40,17,323,780,0.41410256410256413,0x1.a80a80a80a80bp-2,0.6386688342235548,-0.09094764978879602,9.799771899175898,0.03202650329097583,true,5.311462898577607e-14,2.2215299868541707e-16,1000,20,24,3.3751037445638453e-14,0.0,0.0,1.2969001725438815e-13,0.004,,,,,
-2,3,1,0,schwarzschild-overtone-continuation,ell23-uniform-40,18,57,130,0.43846153846153846,0x1.c0fc0fc0fc0fcp-2,0.64187783444038,-0.09071217410943622,9.785302704781305,0.03428476770064781,true,6.670805323461124e-14,5.27766632335736e-16,1000,20,24,2.842171705369951e-14,0.0,7.074351218512476e-15,3.505124424555527e-13,0.004,,,,,
-2,3,1,0,schwarzschild-overtone-continuation,ell23-uniform-40,19,361,780,0.46282051282051284,0x1.d9ed9ed9ed9eep-2,0.6452209687014553,-0.0904540850143731,9.770447996498396,0.03657838938378721,true,7.568431969725349e-14,7.782704976483342e-16,1000,20,24,3.1975345420667126e-14,2.0539125955565396e-15,2.1624871093180296e-15,4.3131557237566224e-14,0.004,,,,,
-2,3,1,0,schwarzschild-overtone-continuation,ell23-uniform-40,20,19,39,0.48717948717948717,0x1.f2df2df2df2dfp-2,0.6487063784313774,-0.09017123303495835,9.755188035083046,0.03890540612115554,true,7.441807625627248e-14,4.4256872386577647e-16,1000,20,24,3.730447520467216e-14,2.0358293740687926e-15,6.212306108894154e-15,8.239291124657505e-14,0.004,,,,,
-2,3,1,0,schwarzschild-overtone-continuation,ell23-uniform-40,21,133,260,0.5115384615384615,0x1.05e85e85e85e8p-1,0.6523430875302385,-0.08986115580830208,9.739501202522124,0.04126348642277702,true,1.9860273225978185e-14,2.9504581591051765e-16,1000,20,24,5.1516030697817534e-14,0.0,6.4796043696850615e-16,1.0019109251294436e-13,0.004,,,,,
-2,3,1,0,schwarzschild-overtone-continuation,ell23-uniform-40,22,209,390,0.5358974358974359,0x1.1261261261261p-1,0.6561411343844911,-0.08952101920909875,9.723363740314122,0.04364985124942964,true,8.161128553446257e-14,3.7192730237993177e-16,1000,20,24,3.197514665538448e-14,0.0,0.0,3.4673813222133475e-14,0.004,,,,,
-2,3,1,0,schwarzschild-overtone-continuation,ell23-uniform-40,23,437,780,0.5602564102564103,0x1.1ed9ed9ed9edap-1,0.6601117304528543,-0.08914754402365288,9.706749437738647,0.04606117586395218,true,2.4734812224989113e-14,6.722137407118775e-16,1000,20,24,2.6646336486309832e-14,0.0,0.0,7.219147851611445e-14,0.004,,,,,
-2,3,1,0,schwarzschild-overtone-continuation,ell23-uniform-40,24,38,65,0.5846153846153846,0x1.2b52b52b52b53p-1,0.664267452232005,-0.08873691373146644,9.689629257756362,0.04849346561818818,true,7.642625636055486e-14,5.495761671766055e-16,1000,20,24,1.0658323993947786e-14,0.0,6.156750391760759e-15,3.414500252823669e-13,0.004,,,,,
-2,3,1,0,schwarzschild-overtone-continuation,ell23-uniform-40,25,95,156,0.6089743589743589,0x1.37cb7cb7cb7cbp-1,0.6686224755631236,-0.08828465728929259,9.67197088436723,0.050941897135482334,true,1.8632969305751634e-13,4.445768331151997e-16,1000,20,24,3.557291483642623e-15,0.0,6.384747729932483e-15,8.554338648929215e-14,0.004,,,,,
-2,3,1,0,schwarzschild-overtone-continuation,ell23-uniform-40,26,19,30,0.6333333333333333,0x1.4444444444444p-1,0.673192864222475,-0.08778549838433986,9.653738169997405,0.053400612935289304,true,2.5958220432488894e-13,3.379462171739212e-16,1000,20,24,3.5527668043097464e-14,6.923555874247029e-15,7.930047738641077e-15,3.274536891564455e-14,0.004,,,,,
-2,3,1,0,schwarzschild-overtone-continuation,ell23-uniform-40,27,171,260,0.6576923076923077,0x1.50bd0bd0bd0bdp-1,0.677996928923046,-0.087233159024027,9.634890454149433,0.055862452486217795,true,1.7153114598501726e-13,9.020562075079397e-17,1000,20,24,2.131628659031158e-14,0.0,0.0,4.449100163432853e-14,0.004,,,,,
-2,3,1,0,schwarzschild-overtone-continuation,ell23-uniform-40,28,133,195,0.6820512820512821,0x1.5d35d35d35d36p-1,0.6830556788147889,-0.08662009988532943,9.615381714138032,0.058318595017477756,true,6.084670445824091e-14,1.3877787807814457e-17,1000,20,24,3.1974550352122955e-14,0.0,2.0518486441330165e-15,1.4056388107411545e-13,0.004,,,,,
-2,3,1,0,schwarzschild-overtone-continuation,ell23-uniform-40,29,551,780,0.7064102564102565,0x1.69ae9ae9ae9afp-1,0.6883933962052663,-0.08593717141753784,9.595159493701807,0.06075807756550305,true,7.942402364780065e-14,4.0245584642661925e-16,1000,20,24,1.5987506695802674e-14,0.0,8.597062727804455e-15,3.998892645567545e-13,0.004,,,,,
-2,3,1,0,schwarzschild-overtone-continuation,ell23-uniform-40,30,19,26,0.7307692307692307,0x1.7627627627627p-1,0.6940383779551748,-0.0851731363028805,9.574163533176966,0.06316713290638254,true,1.3775948642728187e-13,7.177060684489986e-16,1000,20,24,3.375119080166417e-14,3.76985705904379e-15,4.081579843510303e-15,1.2075736148178827e-13,0.004,,,,,
-2,3,1,0,schwarzschild-overtone-continuation,ell23-uniform-40,31,589,780,0.7551282051282051,0x1.82a02a02a02a0p-1,0.7000239061392323,-0.0843140019790116,9.55232399174542,0.06552826124260694,true,1.5435486250364088e-13,4.5102810375396984e-17,1000,20,24,4.440928744382857e-14,4.218139849651915e-15,1.1935099225047982e-14,4.770324869647177e-13,0.004,,,,,
-2,3,1,0,schwarzschild-overtone-continuation,ell23-uniform-40,32,152,195,0.7794871794871795,0x1.8f18f18f18f19p-1,0.7063895398968807,-0.0833420649043373,9.5295591013938,0.06781889749594941,true,7.271579426972322e-14,1.8596365118996589e-16,1000,20,24,1.0661067980367813e-14,0.0,3.4163325447006896e-15,6.607422166417067e-14,0.004,,,,,
-2,3,1,0,schwarzschild-overtone-continuation,ell23-uniform-40,33,209,260,0.8038461538461539,0x1.9b91b91b91b92p-1,0.7131828662594638,-0.0822345032351509,9.50577201242729,0.07000944476474502,true,2.5765786530786475e-13,4.861313004101529e-16,1000,20,24,2.4890767069075857e-14,0.0,0.0,2.375329361148654e-13,0.004,,,,,
-2,3,1,0,schwarzschild-overtone-continuation,ell23-uniform-40,34,323,390,0.8282051282051283,0x1.a80a80a80a80bp-1,0.7204619207114412,-0.08096123530397319,9.480846462384703,0.07206027708822611,true,2.532574223495254e-14,2.0122792321330962e-16,1000,20,24,1.7775539373338855e-14,0.0,0.0,1.012805784235809e-13,0.004,,,,,
-2,3,1,0,schwarzschild-overtone-continuation,ell23-uniform-40,35,133,156,0.8525641025641025,0x1.b483483483483p-1,0.728298605530517,-0.07948153093349576,9.454640690937643,0.07391699146371546,true,1.1539335749290185e-13,3.6088919696935627e-16,1000,20,24,7.105644194726877e-15,0.0,9.710733489395126e-15,2.295902560799739e-13,0.004,,,,,
-2,3,1,0,schwarzschild-overtone-continuation,ell23-uniform-40,36,57,65,0.8769230769230769,0x1.c0fc0fc0fc0fcp-1,0.7367836202654175,-0.07773839004123961,9.426978678730713,0.07550252601667619,true,1.0195136385060588e-13,2.2530044628618934e-16,1000,20,24,4.619028364815769e-14,0.0,0.0,2.3832751966984947e-13,0.004,,,,,
-2,3,1,0,schwarzschild-overtone-continuation,ell23-uniform-40,37,703,780,0.9012820512820513,0x1.cd74d74d74d75p-1,0.7460336907811224,-0.07564866140084692,9.397637237995866,0.07670329862563505,true,3.122601681815094e-13,5.117875266520903e-16,1000,20,24,1.0661754431124419e-14,0.0,0.0,9.768448558895964e-14,0.004,,,,,
-2,3,1,0,schwarzschild-overtone-continuation,ell23-uniform-40,38,361,390,0.9256410256410257,0x1.d9ed9ed9ed9eep-1,0.7562021298149899,-0.07308437589678589,9.36632675659221,0.07734300251318138,true,2.7705045558329205e-13,1.1857187100668868e-16,1000,20,24,2.3098659619410247e-14,0.0,1.0772632227128848e-14,1.7294994269303557e-13,0.004,,,,,
-2,3,1,0,schwarzschild-overtone-continuation,ell23-uniform-40,39,19,20,0.95,0x1.e666666666666p-1,0.7674929705674477,-0.06983418072839344,9.332663513432214,0.07712835346537711,true,2.463619664043255e-13,3.3682237275240584e-16,1000,20,24,1.2434567574317502e-14,0.0,0.0,1.5173300734802309e-13,0.004,,KerrQNMEFs-2/l3/s-2l3m1n0.dat,951,7.552781223416605e-15,2.964378962201475e-14
-2,3,1,0,schwarzschild-overtone-continuation,ell23-supplemental-high,40,97,100,0.97,0x1.f0a3d70a3d70ap-1,0.7777865473692133,-0.06639312861992648,9.302913003751138,0.07595064815138466,true,8.107760432577354e-14,4.198030811863873e-16,1000,20,24,6.040266291023252e-14,0.0,0.0,2.287642492964504e-13,0.004,,KerrQNMEFs-2/l3/s-2l3m1n0.dat,971,8.873724918388738e-15,9.289134355652556e-15
-2,3,1,0,schwarzschild-overtone-continuation,ell23-supplemental-high,41,49,50,0.98,0x1.f5c28f5c28f5cp-1,0.7833336961268711,-0.0642937247567284,9.287212478467831,0.07485754290747118,true,2.305862395564866e-13,7.634754316485563e-16,1000,20,24,2.1316300142831554e-14,0.0,0.0,1.2333293635399205e-13,0.004,,KerrQNMEFs-2/l3/s-2l3m1n0.dat,981,1.5994877435401883e-14,1.0646434258662736e-14
-2,3,1,0,schwarzschild-overtone-continuation,ell23-supplemental-high,42,99,100,0.99,0x1.fae147ae147aep-1,0.789167383499694,-0.061850068690347364,9.270910057990303,0.07329773118228897,true,3.7604366672928145e-13,1.1236938283130691e-16,1000,20,24,5.685269480880225e-14,0.0,1.2979293324388802e-14,1.1855009492347142e-12,0.004,,KerrQNMEFs-2/l3/s-2l3m1n0.dat,991,3.4674771346707963e-14,6.855822699379772e-14
-2,3,1,0,schwarzschild-overtone-continuation,ell23-supplemental-high,43,199,200,0.995,0x1.fd70a3d70a3d7p-1,0.7921914838949411,-0.060469739035295726,9.262525963533552,0.07230024192087382,true,2.2068903255085003e-12,4.819909745438293e-16,1000,20,24,3.3759098748499264e-14,4.2176084109117375e-14,4.28397807035941e-14,1.5921590994334696e-12,0.004,,KerrQNMEFs-2/l3/s-2l3m1n0.dat,996,1.1506519019966243e-14,2.6162085203435605e-14
-2,3,1,0,schwarzschild-overtone-continuation,ell23-supplemental-high,44,997,1000,0.997,0x1.fe76c8b439581p-1,0.7934203772311964,-0.05988363261594313,9.259128814627061,0.07185417068836177,true,1.7852165294699933e-13,3.7917499866690217e-16,1000,20,24,6.395408781993037e-14,0.0,0.0,2.285985603748648e-12,0.004,,KerrQNMEFs-2/l3/s-2l3m1n0.dat,998,1.8425282575287017e-14,5.466335719504181e-14
-2,3,1,0,schwarzschild-overtone-continuation,ell23-supplemental-high,45,999,1000,0.999,0x1.ff7ced916872bp-1,0.7946598122028021,-0.05927666270720089,9.255707071609049,0.07137902840643724,true,2.308100084226781e-12,2.177751704867561e-16,1000,20,24,5.387460183322735e-15,0.0,0.0,4.498577664581136e-12,0.004,,KerrQNMEFs-2/l3/s-2l3m1n0.dat,1000,5.389205315516823e-14,7.299613490039843e-14
-2,3,1,1,schwarzschild-overtone-continuation,ell23-uniform-40,0,0,1,0.0,0x0.0p+0,0.5826438030332979,-0.2812981134350457,10.0,0.0,true,6.419048000440291e-14,4.454424009010536e-16,1000,20,24,0.0,0.0,1.7667900989825679e-15,4.297581406266429e-14,0.004,0.18934181111698598,KerrQNMEFs-2/l3/s-2l3m1n1.dat,1,2.277987190955421e-15,0.0
-2,3,1,1,schwarzschild-overtone-continuation,ell23-uniform-40,1,19,780,0.02435897435897436,0x1.8f18f18f18f19p-6,0.584419429250819,-0.2812148038645822,9.990454642124407,0.004635315715686137,true,1.755720044096332e-13,4.577566798522237e-16,1000,20,24,5.3290864000448466e-15,0.0,1.243759521053382e-14,4.2406962027646313e-13,0.004,0.18926954579438227,,,,
-2,3,1,1,schwarzschild-overtone-continuation,ell23-uniform-40,2,19,390,0.04871794871794872,0x1.8f18f18f18f19p-5,0.5862684106707222,-0.28110561077064283,9.980737842819861,0.009404828558214394,true,2.1619802579153074e-13,1.3877787807814457e-16,1000,20,24,1.953995303146425e-14,4.712893470324691e-15,7.53971411808758e-15,7.229248575812844e-14,0.004,0.18917900426527554,,,,
-2,3,1,1,schwarzschild-overtone-continuation,ell23-uniform-40,3,19,260,0.07307692307692308,0x1.2b52b52b52b53p-4,0.5881927571023714,-0.2809696856980347,9.97084300203698,0.014308125144710011,true,1.0634151725252705e-13,4.441434166503682e-16,1000,20,24,4.263259382704187e-14,0.0,0.0,1.4339337325896784e-13,0.004,0.18906962097021454,,,,
-2,3,1,1,schwarzschild-overtone-continuation,ell23-uniform-40,4,19,195,0.09743589743589744,0x1.8f18f18f18f19p-4,0.590194638325556,-0.2808060553300121,9.960763096271675,0.019344743920051487,true,6.204070898853125e-14,7.494326654422849e-16,1000,20,24,2.309263995470532e-14,0.0,0.0,3.117104522636241e-13,0.004,0.18894074603943775,,,,
-2,3,1,1,schwarzschild-overtone-continuation,ell23-uniform-40,5,19,156,0.12179487179487179,0x1.f2df2df2df2dfp-4,0.5922763963329007,-0.2806136115937577,9.950490647580198,0.024514161884782972,true,2.5925226707925897e-13,6.302181390449324e-16,1000,20,24,7.105800889312476e-15,3.902003558218231e-15,1.1779879609275877e-14,3.257899099573186e-13,0.004,0.1887916386759266,,,,
-2,3,1,1,schwarzschild-overtone-continuation,ell23-uniform-40,6,19,130,0.14615384615384616,0x1.2b52b52b52b53p-3,0.5944405589891129,-0.2803911000791556,9.94001768902136,0.029815779419371333,true,2.989996948623728e-13,6.245004513516506e-17,1000,20,24,1.2434606779560929e-14,6.486258894705814e-15,1.2835085711089647e-14,2.962794007429467e-13,0.004,0.18862145940760472,,,,
-2,3,1,1,schwarzschild-overtone-continuation,ell23-uniform-40,7,133,780,0.17051282051282052,0x1.5d35d35d35d36p-3,0.5966898553002822,-0.2801371065219257,9.929335726070338,0.03524890285719179,true,3.079303181038944e-14,1.2738115944464653e-16,1000,20,24,1.777454255113597e-15,0.0,0.0,2.708944180085382e-14,0.004,0.1884292610422096,,,,
-2,3,1,1,schwarzschild-overtone-continuation,ell23-uniform-40,8,38,195,0.19487179487179487,0x1.8f18f18f18f19p-3,0.5990272325176748,-0.27985004104937466,9.91843569347073,0.040812724387420604,true,7.551214364699083e-14,2.514331927660129e-16,1000,20,24,8.326672684688674e-17,0.0,0.0,7.640399661428379e-14,0.004,0.1882139781224754,,,,
-2,3,1,1,schwarzschild-overtone-continuation,ell23-uniform-40,9,57,260,0.21923076923076923,0x1.c0fc0fc0fc0fcp-3,0.601455875337067,-0.27952811982182996,9.907307906901847,0.046506298781043995,true,7.461359543254155e-14,4.518280359883027e-16,1000,20,24,1.0659137100603527e-14,1.247457973265988e-15,2.132668787380004e-15,3.7189654234460674e-13,0.004,0.18797441463594258,,,,
-2,3,1,1,schwarzschild-overtone-continuation,ell23-uniform-40,10,19,78,0.24358974358974358,0x1.f2df2df2df2dfp-3,0.6039792274989719,-0.279169343622798,9.895942008727252,0.05232851632377231,true,7.671311721569361e-14,2.482534153247273e-16,1000,20,24,1.0658285595710818e-14,0.0,0.0,1.066443044450632e-13,0.004,0.1877092296799413,,,,
-2,3,1,1,schwarzschild-overtone-continuation,ell23-uniform-40,11,209,780,0.26794871794871794,0x1.1261261261261p-2,0.6066010161481519,-0.2787714728513951,9.884326906961768,0.05827807120258499,true,1.0720501167466435e-13,4.295954340084481e-16,1000,20,24,6.039855759607592e-14,0.0,0.0,9.836976973491458e-14,0.004,0.187416920715817,,,,
-2,3,1,1,schwarzschild-overtone-continuation,ell23-uniform-40,12,19,65,0.2923076923076923,0x1.2b52b52b52b53p-2,0.6093252793742685,-0.2783319982458836,9.872450706434368,0.06435342442026017,true,4.213000162292041e-14,2.220446049250313e-16,1000,20,24,3.375106526375997e-14,0.0,0.0,2.85679606455911e-13,0.004,0.18709580396278738,,,,
-2,3,1,1,schwarzschild-overtone-continuation,ell23-uniform-40,13,19,60,0.31666666666666665,0x1.4444444444444p-2,0.6121563974328801,-0.2778481065105012,9.860300630935736,0.07055276009377855,true,4.081334469485125e-14,3.6638411145107034e-16,1000,20,24,1.7817696036042146e-15,0.0,0.0,1.3318308702354347e-13,0.004,0.1867439913770192,,,,
-2,3,1,1,schwarzschild-overtone-continuation,ell23-uniform-40,14,133,390,0.34102564102564104,0x1.5d35d35d35d36p-2,0.6150991282386057,-0.2773166398181256,9.847862934902777,0.07687393371374254,true,5.0282195668380897e-14,5.311767472816653e-16,1000,20,24,8.881827564982273e-15,0.0,0.0,1.9751987784483026e-13,0.004,0.18635936352784907,,,,
-2,3,1,1,schwarzschild-overtone-continuation,ell23-uniform-40,15,19,52,0.36538461538461536,0x1.7627627627627p-2,0.6181586478357636,-0.27673404790661454,9.835122802912917,0.08331441058396717,true,7.87191185528481e-14,2.396682302503803e-16,1000,20,24,1.954000408431075e-14,0.0,2.7755575615628914e-15,8.426000324584083e-15,0.004,0.18593953751242215,,,,
-2,3,1,1,schwarzschild-overtone-continuation,ell23-uniform-40,16,76,195,0.38974358974358975,0x1.8f18f18f18f19p-2,0.6213405966890727,-0.27609633115753895,9.822064234904307,0.0898711921967661,true,1.5332336735014057e-14,9.80915185026648e-16,1000,20,24,6.040350466445008e-14,0.0,1.0053497077208614e-15,6.665518676000627e-14,0.004,0.18548182882991554,,,,
-2,3,1,1,schwarzschild-overtone-continuation,ell23-uniform-40,17,323,780,0.41410256410256413,0x1.a80a80a80a80bp-2,0.6246511328051013,-0.2753989726179192,9.808669914610482,0.09654072769403635,true,6.859273761823783e-14,6.245004513516506e-17,1000,20,24,2.6646397018627178e-14,0.0,5.1732700013825905e-15,4.947214092239282e-13,0.004,0.18498320584980227,,,,
-2,3,1,1,schwarzschild-overtone-continuation,ell23-uniform-40,18,57,130,0.43846153846153846,0x1.c0fc0fc0fc0fcp-2,0.6280969929005192,-0.2746368563637704,9.794921058155802,0.10331880676732037,true,8.581040091130695e-14,2.3479724158959924e-16,1000,20,24,5.151551665066563e-14,0.0,0.0,1.6848255343943742e-13,0.004,0.18444023513296803,,,,
-2,3,1,1,schwarzschild-overtone-continuation,ell23-uniform-40,19,361,780,0.46282051282051284,0x1.d9ed9ed9ed9eep-2,0.6316855630845563,-0.27380416885898184,9.780797239086564,0.1102004292898125,true,5.285221343886746e-14,2.3592239273284576e-16,1000,20,24,1.59893858344403e-14,0.0,0.0,1.1704783912904965e-13,0.004,0.18384901536597642,,,,
-2,3,1,1,schwarzschild-overtone-continuation,ell23-uniform-40,20,19,39,0.48717948717948717,0x1.f2df2df2df2dfp-2,0.6354249608304766,-0.27289427896510754,9.76627618526875,0.11717964554979406,true,6.87209219445735e-14,4.875529749534861e-16,1000,20,24,7.143394967067349e-15,1.5582722720639762e-15,3.078742732723249e-15,2.7398549787285836e-13,0.004,0.1832050970019146,,,,
-2,3,1,1,schwarzschild-overtone-continuation,ell23-uniform-40,21,133,260,0.5115384615384615,0x1.05e85e85e85e8p-1,0.6393241303861711,-0.27189959090569965,9.75133354201585,0.12424935902151292,true,1.3858589875153222e-13,6.245004513516506e-17,1000,20,24,2.3101081635783688e-14,0.0,1.5998868501517263e-14,8.255551522741233e-14,0.004,0.182503383798297,,,,
-2,3,1,1,schwarzschild-overtone-continuation,ell23-uniform-40,22,209,390,0.5358974358974359,0x1.1261261261261p-1,0.643392954228252,-0.2708113626355965,9.735942594463282,0.13140108095272565,true,5.995204332975845e-14,5.785972455716595e-16,1000,20,24,7.105915231829363e-15,1.4528658640935888e-15,4.308824046522781e-15,1.6098111349230391e-13,0.004,0.1817380112056733,,,,
-2,3,1,1,schwarzschild-overtone-continuation,ell23-uniform-40,23,437,780,0.5602564102564103,0x1.1ed9ed9ed9edap-1,0.6476423837090425,-0.2696194794922754,9.720073940487453,0.13862462234991846,true,1.2679991263233832e-13,3.469446951953614e-16,1000,20,24,6.219122776417641e-14,0.0,0.0,1.9165227977317337e-13,0.004,0.18090219484574546,,,,
-2,3,1,1,schwarzschild-overtone-continuation,ell23-uniform-40,24,38,65,0.5846153846153846,0x1.2b52b52b52b53p-1,0.6520845926820462,-0.2683121693817033,9.703695103287174,0.1459077037215954,true,1.8355569453506093e-13,4.718447854656915e-16,1000,20,24,7.11198375584851e-15,0.0,0.0,1.515354789938152e-13,0.004,0.17998803990449463,,,,
-2,3,1,1,schwarzschild-overtone-continuation,ell23-uniform-40,25,95,156,0.6089743589743589,0x1.37cb7cb7cb7cbp-1,0.6567331586056768,-0.2668756405685219,9.686770069967846,0.1532354554573881,true,1.227647652799753e-13,1.5700924586837752e-16,1000,20,24,1.9553246522864996e-14,0.0,0.0,7.046558511963234e-13,0.004,0.178986298823001,,,,
-2,3,1,1,schwarzschild-overtone-continuation,ell23-uniform-40,26,19,30,0.6333333333333333,0x1.4444444444444p-1,0.661603276354954,-0.2652936156034587,9.669258738960773,0.16058977081443968,true,2.4431365167249224e-13,1.3877787807814457e-16,1000,20,24,5.1517047561437884e-14,0.0,0.0,1.4423331150191902e-13,0.004,0.17788605967195809,,,,
-2,3,1,1,schwarzschild-overtone-continuation,ell23-uniform-40,27,171,260,0.6576923076923077,0x1.50bd0bd0bd0bdp-1,0.6667120105621198,-0.26354672375889565,9.651116254739451,0.1679484572912319,true,1.721079177300396e-13,1.1188630228279524e-16,1000,20,24,3.573900864766138e-15,0.0,0.0,2.579699656542809e-13,0.004,0.17667434021931278,,,,
-2,3,1,1,schwarzschild-overtone-continuation,ell23-uniform-40,28,133,195,0.6820512820512821,0x1.5d35d35d35d36p-1,0.6720785923916738,-0.26161169747524754,9.632292203016146,0.17528410763822674,true,1.0634151725252705e-13,5.836925621952896e-16,1000,20,24,1.837955691102267e-15,0.0,0.0,3.112745422995121e-14,0.004,0.17533555159582545,,,,
-2,3,1,1,schwarzschild-overtone-continuation,ell23-uniform-40,29,551,780,0.7064102564102565,0x1.69ae9ae9ae9afp-1,0.6777247654139992,-0.25946029225610573,9.612729633647637,0.18256257374295035,true,3.4968183340543005e-13,5.164700352369266e-16,1000,20,24,1.9546311126342032e-14,8.988865029292872e-15,1.946890907305705e-14,4.4331137252859253e-13,0.004,0.17385077839491145,,,,
-2,3,1,1,schwarzschild-overtone-continuation,ell23-uniform-40,30,19,26,0.7307692307692307,0x1.7627627627627p-1,0.6836751808459484,-0.2570578081681675,9.59236387284861,0.18974086623067227,true,4.68706655799204e-13,5.4672143489065705e-16,1000,20,24,1.9542310332616204e-14,1.2825358657371927e-14,1.5311923710295992e-14,8.005932084973442e-15,0.004,0.17219679519829068,,,,
-2,3,1,1,schwarzschild-overtone-continuation,ell23-uniform-40,31,589,780,0.7551282051282051,0x1.82a02a02a02a0p-1,0.6899578307886688,-0.25436102390555954,9.571121083988361,0.19676420393477503,true,1.2683937289463244e-13,1.1631705747361534e-16,1000,20,24,5.152200448418816e-14,0.0,0.0,7.32801023270692e-14,0.004,0.17034469624573317,,,,
-2,3,1,1,schwarzschild-overtone-continuation,ell23-uniform-40,32,152,195,0.7794871794871795,0x1.8f18f18f18f19p-1,0.6966044798344555,-0.25131524162219204,9.548916545324785,0.20356177100131417,true,3.350740639553896e-14,3.775166431889533e-16,1000,20,24,3.3750825599191674e-14,0.0,0.0,3.015885647235032e-14,0.004,0.1682579433403158,,,,
-2,3,1,1,schwarzschild-overtone-continuation,ell23-uniform-40,33,209,260,0.8038461538461539,0x1.9b91b91b91b92p-1,0.7036509882958983,-0.24784994506300634,9.525652654977733,0.21004044882808676,true,4.27457491654804e-14,4.718958039861916e-16,1000,20,24,1.7772239894833365e-15,0.0,0.0,2.626441353943609e-13,0.004,0.1658895152483968,,,,
-2,3,1,1,schwarzschild-overtone-continuation,ell23-uniform-40,34,323,390,0.8282051282051283,0x1.a80a80a80a80bp-1,0.7111372590687777,-0.24387222127733257,9.50121680602564,0.2160752623902913,true,5.5131488895336016e-14,4.594889227755668e-16,1000,20,24,5.506985989142038e-14,0.0,0.0,2.364594689486576e-13,0.004,0.16317762918231857,,,,
-2,3,1,1,schwarzschild-overtone-continuation,ell23-uniform-40,35,133,156,0.8525641025641025,0x1.b483483483483p-1,0.7191061391135313,-0.2392564372046317,9.475479659514193,0.22149428051324171,true,4.3165836701401145e-14,1.7772239894833365e-16,1000,20,24,3.595820250601821e-15,0.0,1.489067877893088e-14,5.890665512683498e-13,0.004,0.16003912681834304,,,,
-2,3,1,1,schwarzschild-overtone-continuation,ell23-uniform-40,36,57,65,0.8769230769230769,0x1.c0fc0fc0fc0fcp-1,0.7275995524781855,-0.23382738460251373,9.448295461692183,0.2260537294955073,true,1.5136863939450698e-13,3.7816971776294395e-16,1000,20,24,2.488689413525838e-14,0.0,0.0,2.698034747113269e-13,0.004,0.15635895025315927,,,,
-2,3,1,1,schwarzschild-overtone-continuation,ell23-uniform-40,37,703,780,0.9012820512820513,0x1.cd74d74d74d75p-1,0.7366471516728049,-0.2273315851474225,9.419509460708305,0.22939501626276348,true,2.2360277589541242e-13,3.8315011419927443e-16,1000,20,24,4.6187688026347313e-14,0.0,3.109131214720024e-14,4.047853050443352e-13,0.004,0.1519730781182688,,,,
-2,3,1,1,schwarzschild-overtone-continuation,ell23-uniform-40,38,361,390,0.9256410256410257,0x1.d9ed9ed9ed9eep-1,0.7462334178314513,-0.21938679444135537,9.388988767155729,0.2309671131082516,true,1.7754295611498501e-13,6.379255420885912e-16,1000,20,24,6.57947954359459e-14,0.0,0.0,4.320641124536351e-13,0.004,0.14664164787195055,,,,
-2,3,1,1,schwarzschild-overtone-continuation,ell23-uniform-40,39,19,20,0.95,0x1.e666666666666p-1,0.7561964393819686,-0.20939580303354252,9.356734625229029,0.2298854536776054,true,2.824910072412174e-13,5.558049685633556e-16,1000,20,24,3.552822097363439e-14,1.0874519762880902e-14,9.356977583311633e-14,1.3259049207765005e-12,0.004,0.1400180632535302,KerrQNMEFs-2/l3/s-2l3m1n1.dat,951,2.563270611464135e-14,5.036281126886244e-14
-2,3,1,1,schwarzschild-overtone-continuation,ell23-supplemental-high,40,97,100,0.97,0x1.f0a3d70a3d70ap-1,0.7642408096937193,-0.19903974000466695,9.32929985593811,0.22603937364955648,true,1.478650359250136e-13,6.354394148169725e-16,1000,20,24,4.4627659999401166e-14,5.4101199032020347e-14,5.962559190948497e-14,1.5077073935233148e-13,0.004,0.133336456083952,KerrQNMEFs-2/l3/s-2l3m1n1.dat,971,2.7788917790900335e-14,3.0887666091032275e-14
-2,3,1,1,schwarzschild-overtone-continuation,ell23-supplemental-high,41,49,50,0.98,0x1.f5c28f5c28f5cp-1,0.7679335106968036,-0.19295072476104183,9.31556871575212,0.22278856847430098,true,4.4652060365685774e-13,4.445768331151997e-16,1000,20,24,1.244815132722559e-14,0.0,2.039783991438389e-13,1.366946985300347e-12,0.004,0.1295754195879387,KerrQNMEFs-2/l3/s-2l3m1n1.dat,981,3.81826342787082e-14,3.5717975074029815e-14
-2,3,1,1,schwarzschild-overtone-continuation,ell23-supplemental-high,42,99,100,0.99,0x1.fae147ae147aep-1,0.7711524198937274,-0.1862351114878372,9.302142974480098,0.21855018975461926,true,3.391039151840652e-13,4.505608207562738e-16,1000,20,24,2.6762190263854063e-14,0.0,0.0,4.770502120588557e-13,0.004,0.1256828460270441,KerrQNMEFs-2/l3/s-2l3m1n1.dat,991,7.524603608862206e-14,8.05217903028509e-14
-2,3,1,1,schwarzschild-overtone-continuation,ell23-supplemental-high,43,199,200,0.995,0x1.fd70a3d70a3d7p-1,0.772513201902884,-0.18267119723374461,9.295641446140241,0.21607499614958386,true,2.2079536725370812e-12,5.264678550369112e-16,1000,20,24,4.0916501024712415e-14,0.0,8.719399090830946e-13,6.187461669200389e-13,0.004,0.12377572931712488,KerrQNMEFs-2/l3/s-2l3m1n1.dat,996,5.603997424881502e-13,6.936239657919724e-13
-2,3,1,1,schwarzschild-overtone-continuation,ell23-supplemental-high,44,997,1000,0.997,0x1.fe76c8b439581p-1,0.7730028486491223,-0.18121407566553935,9.29309252028846,0.21502450259785402,true,1.5023274768912704e-12,9.61971035644681e-16,1000,20,24,1.0727880056225422e-14,0.0,1.3124987900597888e-12,2.8943525750257734e-12,0.004,0.12303638439100495,KerrQNMEFs-2/l3/s-2l3m1n1.dat,998,1.1207166875126093e-12,1.3379292476094566e-12
-2,3,1,1,schwarzschild-overtone-continuation,ell23-supplemental-high,45,999,1000,0.999,0x1.ff7ced916872bp-1,0.7734591863436356,-0.1797416561162369,9.290576485071558,0.21394221931129426,true,8.11234163320894e-12,4.549640975269986e-16,1000,20,24,3.3758494021447455e-14,0.0,6.663870928789089e-12,2.1845546278487422e-11,0.004,0.12231631605742323,KerrQNMEFs-2/l3/s-2l3m1n1.dat,1000,3.497266456446305e-12,4.180150408297423e-12
-2,3,1,2,schwarzschild-overtone-continuation,ell23-uniform-40,0,0,1,0.0,0x0.0p+0,0.5516849007784566,-0.47909275096696263,10.0,0.0,true,3.565181809581883e-14,9.020562075079397e-17,1000,20,24,0.0,0.0,2.7223112287176285e-15,2.720668970284661e-13,0.004,0.2002028278152115,KerrQNMEFs-2/l3/s-2l3m1n2.dat,1,5.2324965446150985e-15,0.0
-2,3,1,2,schwarzschild-overtone-continuation,ell23-uniform-40,1,19,780,0.02435897435897436,0x1.8f18f18f18f19p-6,0.5536466632194675,-0.4788728435752659,9.990993003554273,0.007887216782957453,true,1.1220351332132355e-13,2.7755575615628914e-16,1000,20,24,3.375084432304736e-14,0.0,1.9173458420030423e-15,5.188058770644715e-13,0.004,0.2000391556458148,,,,
-2,3,1,2,schwarzschild-overtone-continuation,ell23-uniform-40,2,19,390,0.04871794871794872,0x1.8f18f18f18f19p-5,0.5556950634408879,-0.4786048002722438,9.981884921166692,0.015988194984169132,true,1.2822417473556352e-13,2.0816681711721685e-16,1000,20,24,4.7961675321370996e-14,0.0,0.0,1.0251152780870747e-13,0.004,0.19985159347532183,,,,
-2,3,1,2,schwarzschild-overtone-continuation,ell23-uniform-40,3,19,260,0.07307692307692308,0x1.2b52b52b52b53p-4,0.5578322156037252,-0.4782871719947083,9.972667764243912,0.024302312398862755,true,1.0426548870479994e-13,7.327682229021407e-16,1000,20,24,9.947606583410131e-14,0.0,0.0,2.411285819211706e-13,0.004,0.19963955739915124,,,,
-2,3,1,2,schwarzschild-overtone-continuation,ell23-uniform-40,4,19,195,0.09743589743589744,0x1.8f18f18f18f19p-4,0.5600603983678709,-0.4779182869354567,9.963332994333964,0.03282888922898995,true,2.4237061163312305e-13,6.379255420885912e-16,1000,20,24,1.4210897066786258e-14,0.0,0.0,2.57302084347889e-13,0.004,0.19940236775501377,,,,
-2,3,1,2,schwarzschild-overtone-continuation,ell23-uniform-40,5,19,156,0.12179487179487179,0x1.f2df2df2df2dfp-4,0.5623820672061297,-0.47749623361497345,9.9538714862162,0.04156716373804726,true,4.525582819860186e-13,5.253434695803222e-16,1000,20,24,1.77702078914849e-15,0.0,0.0,6.743725319583482e-14,0.004,0.1991392421595719,,,,
-2,3,1,2,schwarzschild-overtone-continuation,ell23-uniform-40,6,19,130,0.14615384615384616,0x1.2b52b52b52b53p-3,0.564799867915337,-0.47701884098253117,9.944273486475266,0.05051626451600255,true,8.758808311222675e-15,7.683082245783184e-16,1000,20,24,4.85722573273506e-17,0.0,1.1430445635548515e-15,5.415086597640472e-13,0.004,0.19884928730095067,,,,
-2,3,1,2,schwarzschild-overtone-continuation,ell23-uniform-40,7,133,780,0.17051282051282052,0x1.5d35d35d35d36p-3,0.5673166514863694,-0.47648365511380414,9.934528567038848,0.05967517873172889,true,3.978057841357527e-13,3.510833468576701e-16,1000,20,24,1.2438417810427213e-14,0.0,0.0,2.158931369566515e-13,0.004,0.19853148930644868,,,,
-2,3,1,2,schwarzschild-overtone-continuation,ell23-uniform-40,8,38,195,0.19487179487179487,0x1.8f18f18f18f19p-3,0.5699354905130154,-0.4758879119787977,9.924625573072236,0.06904271562156902,true,1.5474963812492182e-13,9.049605298586575e-16,1000,20,24,2.842257677890751e-14,5.0937342108501144e-15,1.485055582474138e-14,7.38011601128868e-13,0.004,0.19818470246567163,,,,
-2,3,1,2,schwarzschild-overtone-continuation,ell23-uniform-40,9,57,260,0.21923076923076923,0x1.c0fc0fc0fc0fcp-3,0.5726596973405873,-0.4752285056394908,9.914552564519134,0.07861746430364427,true,2.8258174946552532e-14,5.274015853390341e-16,1000,20,24,1.9541034045073418e-14,0.0,3.5687237965754525e-15,1.3924870214954418e-13,0.004,0.19780763604165097,,,,
-2,3,1,2,schwarzschild-overtone-continuation,ell23-uniform-40,10,19,78,0.24358974358974358,0x1.f2df2df2df2dfp-3,0.5754928441789231,-0.4745019510956239,9.904296750455476,0.08839774480932916,true,9.783377013216265e-14,4.467376080957673e-16,1000,20,24,3.568292035180542e-15,0.0,1.5700924586837751e-15,9.655034602214897e-14,0.004,0.19739883884357026,,,,
-2,3,1,2,schwarzschild-overtone-continuation,ell23-uniform-40,11,209,780,0.26794871794871794,0x1.1261261261261p-2,0.5784387854315827,-0.473704340821557,9.893844415281349,0.09838155097536067,true,1.7684566884005674e-13,5.274015853390341e-16,1000,20,24,3.730613692190831e-14,0.0,0.0,9.345414007377162e-14,0.004,0.19695668116112702,,,,
-2,3,1,2,schwarzschild-overtone-continuation,ell23-uniform-40,12,19,65,0.2923076923076923,0x1.2b52b52b52b53p-2,0.5815016825224207,-0.4728312938176444,9.88318083560349,0.10856648352743076,true,8.381411790977168e-14,1.1295700899707568e-16,1000,20,24,1.9556496643321922e-14,0.0,0.0,4.793829374107828e-13,0.004,0.19647933356891586,,,,
-2,3,1,2,schwarzschild-overtone-continuation,ell23-uniform-40,13,19,60,0.31666666666666665,0x1.4444444444444p-2,0.5846860315328641,-0.4718778957225177,9.872290186459958,0.11894967128950629,true,1.6539446668600804e-13,3.787898901196402e-16,1000,20,24,6.928415617813838e-14,0.0,0.0,4.807548243929367e-13,0.004,0.19596474199289096,,,,
-2,3,1,2,schwarzschild-overtone-continuation,ell23-uniform-40,14,133,390,0.34102564102564104,0x1.5d35d35d35d36p-2,0.5879966939964827,-0.47083862818060657,9.861155435297093,0.1295276779463732,true,2.463574634942284e-13,4.1748851477261605e-16,1000,20,24,4.79634416333885e-14,3.947541559759188e-15,4.727582026641631e-15,1.708445301822023e-14,0.004,0.19541059828375948,,,,
-2,3,1,2,schwarzschild-overtone-continuation,ell23-uniform-40,15,19,52,0.36538461538461536,0x1.7627627627627p-2,0.5914389312296522,-0.4697072852081538,9.849758221818863,0.14029639113448544,true,8.060922575180507e-14,4.443059973708341e-16,1000,20,24,3.9081043070997826e-14,0.0,0.0,6.388250682256136e-14,0.004,0.19481430535293626,,,,
-2,3,1,2,schwarzschild-overtone-continuation,ell23-uniform-40,16,76,195,0.38974358974358975,0x1.8f18f18f18f19p-2,0.5950184426051115,-0.46847687371848534,9.838078721486728,0.1512508897898433,true,1.708445301822023e-14,2.618455766672135e-16,1000,20,24,2.3099309961998994e-14,0.0,1.0784746691574817e-14,4.0868273166102667e-13,0.004,0.19417293568276683,,,,
-2,3,1,2,schwarzschild-overtone-continuation,ell23-uniform-40,17,323,780,0.41410256410256413,0x1.a80a80a80a80bp-2,0.5987414081923013,-0.46713949460824183,9.826095490031344,0.16238528457399734,true,6.47837728987907e-14,7.776515945702112e-16,1000,20,24,2.3092905791195877e-14,0.0,0.0,3.62537034653019e-13,0.004,0.1934831817048514,,,,
-2,3,1,2,schwarzschild-overtone-continuation,ell23-uniform-40,18,57,130,0.43846153846153846,0x1.c0fc0fc0fc0fcp-2,0.6026145361842237,-0.46568619980841247,9.813785285848928,0.17369252473682484,true,1.2596486910093398e-13,6.10780345318845e-16,1000,20,24,1.9548616630574134e-14,0.0,3.4936762322156506e-15,1.423255688184363e-13,0.004,0.1927412961223585,,,,
-2,3,1,2,schwarzschild-overtone-continuation,ell23-uniform-40,19,361,780,0.46282051282051284,0x1.d9ed9ed9ed9eep-2,0.6066451154878217,-0.4641068193789123,9.80112286656869,0.18516416282519912,true,7.392634243474106e-13,2.2473876566261383e-16,1000,20,24,3.730415446859024e-14,0.0,1.3326954593133248e-14,2.538668119994148e-13,0.004,0.19194301969791866,,,,
-2,3,1,2,schwarzschild-overtone-continuation,ell23-uniform-40,20,19,39,0.48717948717948717,0x1.f2df2df2df2dfp-2,0.6108410737434563,-0.4623897509479575,9.788080755387623,0.19679006602014884,true,5.6453503497062855e-14,3.3422138886441676e-16,1000,20,24,1.784146017590271e-15,0.0,2.8108601893111292e-15,1.0904085829961811e-13,0.004,0.19108349328581584,,,,
-2,3,1,2,schwarzschild-overtone-continuation,ell23-uniform-40,21,133,260,0.5115384615384615,0x1.05e85e85e85e8p-1,0.6152110408109869,-0.46052170138575144,9.774628971973913,0.20855805930722235,true,5.318142119616241e-14,1.3183898417423734e-16,1000,20,24,3.558329743975817e-14,0.0,0.0,1.0557841543610703e-13,0.004,0.1901571498808544,,,,
-2,3,1,2,schwarzschild-overtone-continuation,ell23-uniform-40,22,209,390,0.5358974358974359,0x1.1261261261261p-1,0.6197644173330733,-0.4584873672902776,9.760734721835327,0.22045348075134893,true,7.861257107804964e-14,1.7772239894833365e-16,1000,20,24,5.689587004678809e-14,0.0,2.110154030260182e-15,4.568417600702874e-13,0.004,0.18915758107712918,,,,
-2,3,1,2,schwarzschild-overtone-continuation,ell23-uniform-40,23,437,780,0.5602564102564103,0x1.1ed9ed9ed9edap-1,0.6245114472202061,-0.45626903625690013,9.746362037086923,0.2324586222550178,true,1.6253907750400113e-13,5.566705740848049e-16,1000,20,24,3.200216664857519e-14,0.0,4.12167961557554e-15,1.5791852265251169e-13,0.004,0.18807737041781888,,,,
-2,3,1,2,schwarzschild-overtone-continuation,ell23-uniform-40,24,38,65,0.5846153846153846,0x1.2b52b52b52b53p-1,0.6294632915608518,-0.45384608440491203,9.731471360618643,0.24455201941113014,true,3.7378807031044887e-13,9.036560719766055e-16,1000,20,24,2.4878674244809952e-14,0.0,0.0,3.1365276123319426e-13,0.004,0.18690788342992648,,,,
-2,3,1,2,schwarzschild-overtone-continuation,ell23-uniform-40,25,95,156,0.6089743589743589,0x1.37cb7cb7cb7cbp-1,0.6346320991264178,-0.4511943363269886,9.716019064987451,0.2567075400034072,true,3.148564311512695e-13,4.471685101569707e-16,1000,20,24,5.86207219053768e-14,6.5646483862891535e-15,1.1200191577365808e-14,3.3571969404928694e-13,0.004,0.185639000310301,,,,
-2,3,1,2,schwarzschild-overtone-continuation,ell23-uniform-40,26,19,30,0.6333333333333333,0x1.4444444444444p-1,0.640031064580924,-0.4482852400739584,9.699956897416904,0.2688932001259116,true,3.50441541600205e-13,6.231497613231321e-16,1000,20,24,1.790877838566407e-14,0.0,0.0,4.746705016814398e-13,0.004,0.1842587716966983,,,,
-2,3,1,2,schwarzschild-overtone-continuation,ell23-uniform-40,27,171,260,0.6576923076923077,0x1.50bd0bd0bd0bdp-1,0.6456744583858236,-0.4450847896927107,9.683231344044477,0.2810696061959978,true,4.31407010912279e-14,4.847302891456678e-16,1000,20,24,1.243759521053382e-14,0.0,1.1995547486170449e-14,4.647238157867457e-13,0.004,0.18275296983786765,,,,
-2,3,1,2,schwarzschild-overtone-continuation,ell23-uniform-40,28,133,195,0.6820512820512821,0x1.5d35d35d35d36p-1,0.6515775997372176,-0.44155209745238705,9.665782912047327,0.29318787440289046,true,4.761067142914992e-13,3.189627710442956e-16,1000,20,24,2.6742378276386237e-14,1.1392641081511548e-14,1.226796442210798e-14,3.494248439115611e-13,0.004,0.18110449537145956,,,,
-2,3,1,2,schwarzschild-overtone-continuation,ell23-uniform-40,29,551,780,0.7064102564102565,0x1.69ae9ae9ae9afp-1,0.6577567209579023,-0.43763747096481903,9.64754534165166,0.3051868063665929,true,2.6261897958237694e-13,5.061588988174682e-16,1000,20,24,2.4928462840210648e-14,0.0,0.0,4.850665911972758e-13,0.004,0.17929258158662734,,,,
-2,3,1,2,schwarzschild-overtone-continuation,ell23-uniform-40,30,19,26,0.7307692307692307,0x1.7627627627627p-1,0.6642286292421908,-0.4332797762253608,9.628444790136372,0.316988983621289,true,1.1320791262737275e-13,2.5447867175859907e-16,1000,20,24,1.0667388882858398e-14,0.0,0.0,5.826998749292059e-13,0.004,0.17729170988861284,,,,
-2,3,1,2,schwarzschild-overtone-continuation,ell23-uniform-40,31,589,780,0.7551282051282051,0x1.82a02a02a02a0p-1,0.6710099903248109,-0.42840274740478507,9.608399095938612,0.3284952529578758,true,9.615326208293849e-14,1.1796119636642288e-16,1000,20,24,2.6658359842250048e-14,0.0,9.350292776776962e-15,1.5817869182074157e-13,0.004,0.17507010646259596,,,,
-2,3,1,2,schwarzschild-overtone-continuation,ell23-uniform-40,32,152,195,0.7794871794871795,0x1.8f18f18f18f19p-1,0.6781158972858264,-0.4229097043631305,9.58731737609948,0.3395767524923,true,6.527507153826023e-14,6.664589960562512e-16,1000,20,24,3.197485678713246e-14,0.0,0.0,4.334558661185933e-13,0.004,0.17258762217496595,,,,
-2,3,1,2,schwarzschild-overtone-continuation,ell23-uniform-40,33,209,260,0.8038461538461539,0x1.9b91b91b91b92p-1,0.6855570529960804,-0.41667579797637105,9.56510053661779,0.3500630659834749,true,7.145835598091807e-14,6.866350197783356e-16,1000,20,24,4.623862312369657e-14,0.0,8.029184802110397e-15,1.9217931694289408e-13,0.004,0.16979269450291157,,,,
-2,3,1,2,schwarzschild-overtone-continuation,ell23-uniform-40,34,323,390,0.8282051282051283,0x1.a80a80a80a80bp-1,0.6933341620838953,-0.40953630976015876,9.54164403800594,0.35972407888916363,true,2.5481318765353836e-13,4.793364605007606e-16,1000,20,24,1.776573666601473e-14,1.0039387759899921e-14,1.6903578513122312e-14,1.0677736962090462e-13,0.004,0.16661794763799845,,,,
-2,3,1,2,schwarzschild-overtone-continuation,ell23-uniform-40,35,133,156,0.8525641025641025,0x1.b483483483483p-1,0.7014264166671705,-0.40126849444989604,9.516846141843226,0.3682412292030196,true,1.8235635391702928e-13,2.396682302503803e-16,1000,20,24,1.0695084443661336e-14,0.0,0.0,2.0097379731751358e-13,0.004,0.1629738607219672,,,,
-2,3,1,2,schwarzschild-overtone-continuation,ell23-uniform-40,36,57,65,0.8769230769230769,0x1.c0fc0fc0fc0fcp-1,0.7097666315210942,-0.3915627371789165,9.490629867677793,0.3751603350640653,true,3.714521539900026e-13,2.797157557069881e-16,1000,20,24,1.6426799243679895e-14,0.0,3.824843197743362e-14,3.6241597746139513e-14,0.004,0.15874021079192238,,,,
-2,3,1,2,schwarzschild-overtone-continuation,ell23-uniform-40,37,703,780,0.9012820512820513,0x1.cd74d74d74d75p-1,0.7181835439338778,-0.37997682082312645,9.46300148578534,0.37981214855370576,true,1.7477548222560945e-13,9.667002416805824e-16,1000,20,24,5.3316719684500096e-15,0.0,4.440354301659183e-14,7.318854255740427e-13,0.004,0.15375783812615268,,,,
-2,3,1,2,schwarzschild-overtone-continuation,ell23-uniform-40,38,361,390,0.9256410256410257,0x1.d9ed9ed9ed9eep-1,0.7262545511217162,-0.3658720092497992,9.434216035775703,0.38118230313485485,true,4.2563303984279205e-13,2.4515515765945897e-16,1000,20,24,5.773159728050814e-15,4.124314166406776e-14,4.1253264325944534e-14,1.2084776348098706e-13,0.004,0.1478413787560211,,,,
-2,3,1,2,schwarzschild-overtone-continuation,ell23-uniform-40,39,19,20,0.95,0x1.e666666666666p-1,0.7328903252830453,-0.34840897670365584,9.405291008700736,0.37777564627578986,true,3.400749226419473e-13,6.726880982267588e-16,1000,20,24,4.443059973708341e-14,1.834935357437842e-14,8.438083921450816e-14,1.8101634020210763e-13,0.004,0.14095331641443956,KerrQNMEFs-2/l3/s-2l3m1n2.dat,951,1.7099597214578643e-14,1.049160758270773e-14
-2,3,1,2,schwarzschild-overtone-continuation,ell23-supplemental-high,40,97,100,0.97,0x1.f0a3d70a3d70ap-1,0.7353942348326487,-0.3313344874311201,9.383609538928,0.3704382034470101,true,4.3150482868807603e-13,4.767681634571498e-16,1000,20,24,9.272854936269104e-15,0.0,0.0,1.2942819838657452e-12,0.004,0.13540319448906804,KerrQNMEFs-2/l3/s-2l3m1n2.dat,971,9.376285343454097e-14,9.237382487751075e-14
-2,3,1,2,schwarzschild-overtone-continuation,ell23-supplemental-high,41,49,50,0.98,0x1.f5c28f5c28f5cp-1,0.7349170265731736,-0.32240300628725765,9.374506867241262,0.3655982914317503,true,3.72959856494926e-13,9.20783638955358e-16,1000,20,24,1.5996846004219388e-14,0.0,0.0,2.7873099262674637e-13,0.004,0.1335963375853865,KerrQNMEFs-2/l3/s-2l3m1n2.dat,981,5.856053939547726e-13,6.827036807117326e-13
-2,3,1,2,schwarzschild-overtone-continuation,ell23-supplemental-high,42,99,100,0.99,0x1.fae147ae147aep-1,0.733272175053846,-0.31379450606779963,9.366776631898095,0.3606345111083485,true,2.4340859759963777e-12,5.428769931944591e-16,1000,20,24,3.7345763888702946e-14,2.1804963758514098e-12,3.869094067785915e-12,3.029625541867398e-12,0.004,0.13306506714662533,KerrQNMEFs-2/l3/s-2l3m1n2.dat,991,1.985979887785804e-12,2.3118208591257334e-12
-2,3,1,2,schwarzschild-overtone-continuation,ell23-supplemental-high,43,199,200,0.995,0x1.fd70a3d70a3d7p-1,0.7320865368576088,-0.309710014139165,9.363376715288162,0.35824110100901513,true,2.9952538239661668e-12,9.132227626205354e-16,1000,20,24,2.1649348980190553e-15,2.977802359750247e-12,0.0,1.741312016372785e-12,0.004,0.1333160764777144,KerrQNMEFs-2/l3/s-2l3m1n2.dat,996,1.2536976657509091e-12,1.4753219413865817e-12
-2,3,1,2,schwarzschild-overtone-continuation,ell23-supplemental-high,44,997,1000,0.997,0x1.fe76c8b439581p-1,0.731556141106641,-0.3081253548204595,9.362093408172734,0.357313166648965,true,4.656393427555339e-13,4.897238360447229e-16,1000,20,24,3.732170377915007e-14,0.0,0.0,1.6879316201104308e-12,0.004,0.13350768645606156,KerrQNMEFs-2/l3/s-2l3m1n2.dat,998,5.3325188770133545e-12,6.271970686855631e-12
-2,3,1,2,schwarzschild-overtone-continuation,ell23-supplemental-high,45,999,1000,0.999,0x1.ff7ced916872bp-1,0.7309973239620335,-0.3065702513917924,9.36085036612748,0.35640489900551037,true,1.8315608704692967e-12,1.034715658114352e-15,1000,20,24,3.197485678713246e-14,2.2165155569211504e-12,0.0,9.063807464771102e-13,0.004,0.13374790591439092,KerrQNMEFs-2/l3/s-2l3m1n2.dat,1000,2.0984496768691052e-11,2.47832049443655e-11
-2,3,2,0,schwarzschild-overtone-continuation,ell23-uniform-40,0,0,1,0.0,0x0.0p+0,0.5994432884374916,-0.09270304794494723,10.0,0.0,true,7.097929396094322e-14,2.9052345828309734e-16,1000,20,24,0.0,0.0,0.0,8.8578822404424e-14,0.004,,KerrQNMEFs-2/l3/s-2l3m2n0.dat,1,1.5988392086714593e-15,0.0
-2,3,2,0,schwarzschild-overtone-continuation,ell23-uniform-40,1,19,780,0.02435897435897436,0x1.8f18f18f18f19p-6,0.6027692310164054,-0.09266718211630372,9.980337128781406,0.003036706817843405,true,8.539484476049833e-14,9.510335694037595e-16,1000,20,24,1.2434498064871606e-14,2.3321291051203735e-15,3.198792459903416e-15,3.059062354412583e-14,0.004,,,,,
-2,3,2,0,schwarzschild-overtone-continuation,ell23-uniform-40,2,19,390,0.04871794871794872,0x1.8f18f18f18f19p-5,0.606186856468201,-0.09262282629425057,9.960276768718135,0.006125093071938583,true,2.220446049250313e-16,1.2118257228641695e-16,1000,20,24,4.2632564463243366e-14,0.0,1.6711069443220838e-16,2.685271254787086e-14,0.004,,,,,
-2,3,2,0,schwarzschild-overtone-continuation,ell23-uniform-40,3,19,260,0.07307692307692308,0x1.2b52b52b52b53p-4,0.6097002149949914,-0.09256950964730694,9.939803296912983,0.00926513408345066,true,2.8269234577139805e-13,4.965068306494546e-16,1000,20,24,1.2434500900919054e-14,0.0,0.0,1.7218753805611633e-13,0.004,,,,,
-2,3,2,0,schwarzschild-overtone-continuation,ell23-uniform-40,4,19,195,0.09743589743589744,0x1.8f18f18f18f19p-4,0.613313648807063,-0.09250671414674791,9.918900078197007,0.012456761928190207,true,5.385211140539194e-14,8.083736946057739e-16,1000,20,24,4.085624501756827e-14,0.0,0.0,6.390102707038646e-14,0.004,,,,,
-2,3,2,0,schwarzschild-overtone-continuation,ell23-uniform-40,5,19,156,0.12179487179487179,0x1.f2df2df2df2dfp-4,0.6170318205947501,-0.09243386941234752,9.897549372326301,0.01569985714841203,true,1.5735068374517237e-13,4.594889227755668e-16,1000,20,24,1.776366631074134e-14,4.2711132545550575e-15,6.047467974281311e-15,8.686713010511033e-14,0.004,,,,,
-2,3,2,0,schwarzschild-overtone-continuation,ell23-uniform-40,6,19,130,0.14615384615384616,0x1.2b52b52b52b53p-3,0.6208597456153955,-0.09235034680438615,9.875732229920477,0.018994239096002802,true,1.0443652661215813e-13,3.433175098891678e-16,1000,20,24,2.4869030600934633e-14,2.839762994184239e-15,4.613190423717512e-15,9.331053009253893e-14,0.004,,,,,
-2,3,2,0,schwarzschild-overtone-continuation,ell23-uniform-40,7,133,780,0.17051282051282052,0x1.5d35d35d35d36p-3,0.6248028279661578,-0.09225545263152317,9.853428375431577,0.0223396546466502,true,1.0436096431476471e-14,3.290674871864012e-16,1000,20,24,2.1316406586282597e-14,0.0,6.582754239430107e-15,2.792855115124383e-13,0.004,,,,,
-2,3,2,0,schwarzschild-overtone-continuation,ell23-uniform-40,8,38,195,0.19487179487179487,0x1.8f18f18f18f19p-3,0.628866901722204,-0.09214842031713383,9.830616075109036,0.025735764967892535,true,4.1329533977972367e-14,6.6973807122470445e-16,1000,20,24,3.5528830813511764e-15,0.0,0.0,1.0218395254016952e-13,0.004,,,,,
-2,3,2,0,schwarzschild-overtone-continuation,ell23-uniform-40,9,57,260,0.21923076923076923,0x1.c0fc0fc0fc0fcp-3,0.6330582777533484,-0.092028401332894,9.807271987541938,0.02918212995310552,true,2.5837444553269606e-14,5.551115123125783e-17,1000,20,24,1.5987213060438534e-14,0.0,5.717665418770246e-15,6.705158845307732e-14,0.004,,,,,
-2,3,2,0,schwarzschild-overtone-continuation,ell23-uniform-40,10,19,78,0.24358974358974358,0x1.f2df2df2df2dfp-3,0.6373837971967409,-0.09189445466637068,9.78337099388071,0.03267818984434409,true,5.354360601229116e-14,4.460365043975677e-16,1000,20,24,3.90800081686215e-14,0.0,1.7764110486817194e-15,5.960274469555154e-14,0.004,,,,,
-2,3,2,0,schwarzschild-overtone-continuation,ell23-uniform-40,11,209,780,0.26794871794871794,0x1.1261261261261p-2,0.6418508927672968,-0.09174553453623828,9.758886004252492,0.03622324345410161,true,7.512330474593831e-14,2.2473876566261383e-16,1000,20,24,1.065864924405353e-14,0.0,0.0,6.240362055701196e-14,0.004,,,,,
-2,3,2,0,schwarzschild-overtone-continuation,ell23-uniform-40,12,19,65,0.2923076923076923,0x1.2b52b52b52b53p-2,0.6464676593422846,-0.0915804760015476,9.733787736152856,0.039816422252269286,true,1.099775518816519e-13,2.5447867175859907e-16,1000,20,24,1.954000408431075e-14,0.0,3.756755865433588e-15,3.564974364729186e-14,0.004,,,,,
-2,3,2,0,schwarzschild-overtone-continuation,ell23-uniform-40,13,19,60,0.31666666666666665,0x1.4444444444444p-2,0.6512429355765935,-0.09139797802576995,9.708044459680883,0.04345665940014195,true,4.016491691983153e-14,8.375391537083153e-16,1000,20,24,2.4869422652544834e-14,0.0,0.0,7.155902005349076e-14,0.004,,,,,
-2,3,2,0,schwarzschild-overtone-continuation,ell23-uniform-40,14,133,390,0.34102564102564104,0x1.5d35d35d35d36p-2,0.6561863987101761,-0.09119658344620589,9.68162170333216,0.047142652574978225,true,3.0021218899555126e-14,2.2301825219878386e-16,1000,20,24,1.5988078892812826e-14,0.0,3.74404608681871e-15,1.9288251959769304e-13,0.004,,,,,
-2,3,2,0,schwarzschild-overtone-continuation,ell23-uniform-40,15,19,52,0.36538461538461536,0x1.7627627627627p-2,0.661308675245686,-0.09097465515614275,9.65448191260119,0.05087281911791185,true,1.1915253638294426e-13,2.6945789820192466e-16,1000,20,24,5.3296171087647745e-15,3.2397130147479295e-15,5.914754842493449e-15,9.30226450096727e-14,0.004,,,,,
-2,3,2,0,schwarzschild-overtone-continuation,ell23-uniform-40,16,76,195,0.38974358974358975,0x1.8f18f18f18f19p-2,0.6666214708381237,-0.09073034762081184,9.62658405177131,0.054645241630212484,true,1.288624152144538e-13,5.705526346009214e-16,1000,20,24,8.88334531093441e-15,0.0,6.592884067074218e-15,1.9919170903905924e-13,0.004,,,,,
-2,3,2,0,schwarzschild-overtone-continuation,ell23-uniform-40,17,323,780,0.41410256410256413,0x1.a80a80a80a80bp-2,0.6721377235992055,-0.09046157260136288,9.597883136856076,0.05845760160184496,true,1.0302965376958345e-14,2.5476231888929306e-16,1000,20,24,5.3308772155622094e-15,0.0,0.0,4.175914672018123e-14,0.004,,,,,
-2,3,2,0,schwarzschild-overtone-continuation,ell23-uniform-40,18,57,130,0.43846153846153846,0x1.c0fc0fc0fc0fcp-2,0.6778717861457656,-0.09016595763288614,9.568329684507344,0.062307097932311824,true,5.838548780892644e-14,3.0436364816617974e-16,1000,20,24,5.329217290048676e-14,0.0,3.44269848777947e-15,1.2218507532144688e-14,0.004,,,,,
-2,3,2,0,schwarzschild-overtone-continuation,ell23-uniform-40,19,361,780,0.46282051282051284,0x1.d9ed9ed9ed9eep-2,0.683839643210882,-0.08984079536007585,9.53786905756733,0.06619034622423761,true,2.3318912554623098e-14,4.494775313252277e-16,1000,20,24,2.309545766581915e-14,0.0,1.6303300022537843e-15,2.6625296265213686e-13,0.004,,,,,
-2,3,2,0,schwarzschild-overtone-continuation,ell23-uniform-40,20,19,39,0.48717948717948717,0x1.f2df2df2df2dfp-2,0.6900591736266757,-0.08948298123142968,9.50644068243658,0.0701032533899789,true,6.625427407385854e-14,9.020562075079397e-17,1000,20,24,5.684355607997985e-14,0.0,0.0,2.013915188999767e-14,0.004,,,,,
-2,3,2,0,schwarzschild-overtone-continuation,ell23-uniform-40,21,133,260,0.5115384615384615,0x1.05e85e85e85e8p-1,0.6965504681788244,-0.08908893622157661,9.473977106028203,0.0740408602554476,true,3.297044627229899e-14,2.7755575615628914e-17,1000,20,24,8.885697304831712e-15,8.886119947416683e-16,1.3019258596614503e-15,2.7978501336063827e-14,0.004,,,,,
-2,3,2,0,schwarzschild-overtone-continuation,ell23-uniform-40,22,209,390,0.5358974358974359,0x1.1261261261261p-1,0.7033362185177513,-0.08865451008838199,9.44040284999231,0.07799714223948176,true,1.6887656402237295e-13,3.3422138886441676e-16,1000,20,24,4.796288951101669e-14,0.0,0.0,1.6067136718806792e-13,0.004,,,,,
-2,3,2,0,schwarzschild-overtone-continuation,ell23-uniform-40,23,437,780,0.5602564102564103,0x1.1ed9ed9ed9edap-1,0.7104421974280077,-0.0881748590216122,9.405633005968053,0.08196475447589334,true,6.57686974065407e-14,2.482534153247273e-16,1000,20,24,5.344245811738022e-15,0.0,6.631724197978167e-15,1.7090988303066768e-13,0.004,,,,,
-2,3,2,0,schwarzschild-overtone-continuation,ell23-uniform-40,24,38,65,0.5846153846153846,0x1.2b52b52b52b53p-1,0.7178978579704056,-0.08764428915955882,9.36957149609333,0.08593470237351213,true,5.047206235319647e-14,2.0816681711721685e-16,1000,20,24,1.7768777221746587e-14,0.0,0.0,1.0889244914870514e-13,0.004,,,,,
-2,3,2,0,schwarzschild-overtone-continuation,ell23-uniform-40,25,95,156,0.6089743589743589,0x1.37cb7cb7cb7cbp-1,0.7257370893508645,-0.08705605395524874,9.332108895171112,0.08989591069682581,true,5.737178859888083e-14,2.306595211858756e-16,1000,20,24,2.309267644224796e-14,0.0,3.3794621717392118e-15,1.1557890935352827e-13,0.004,,,,,
-2,3,2,0,schwarzschild-overtone-continuation,ell23-uniform-40,26,19,30,0.6333333333333333,0x1.4444444444444p-1,0.7339991824672426,-0.08640208813992205,9.29311967048263,0.09383465236423602,true,7.513511730867176e-15,4.002966042486721e-16,1000,20,24,3.3757912104057e-14,0.0,4.778978996136731e-15,1.5243750256484633e-13,0.004,,,,,
-2,3,2,0,schwarzschild-overtone-continuation,ell23-uniform-40,27,171,260,0.6576923076923077,0x1.50bd0bd0bd0bdp-1,0.7427300805866911,-0.08567265301955936,9.252458635374516,0.0977337799162553,true,1.0126792072454708e-14,9.264917572290597e-16,1000,20,24,5.329072144503762e-14,0.0,1.686079829340829e-15,9.158498836488047e-14,0.004,,,,,
-2,3,2,0,schwarzschild-overtone-continuation,ell23-uniform-40,28,133,195,0.6820512820512821,0x1.5d35d35d35d36p-1,0.7519840249203502,-0.08485585527091152,9.209956322006125,0.10157167391026012,true,4.320522446169902e-14,3.7238012298709097e-16,1000,20,24,2.6665135550685976e-14,1.7235296186091125e-15,2.607399605677454e-15,1.3327712980407842e-13,0.004,,,,,
-2,3,2,0,schwarzschild-overtone-continuation,ell23-uniform-40,29,551,780,0.7064102564102565,0x1.69ae9ae9ae9afp-1,0.7618257585613181,-0.08393698113078928,9.165412837534848,0.10532077610968987,true,7.913585299762554e-14,1.6653345369377348e-16,1000,20,24,5.86221477551505e-14,0.0,0.0,8.074985667654291e-14,0.004,,,,,
-2,3,2,0,schwarzschild-overtone-continuation,ell23-uniform-40,30,19,26,0.7307692307692307,0x1.7627627627627p-1,0.7723335387883098,-0.08289755412982724,9.118589542089744,0.10894549796664543,true,3.9849583789062855e-14,9.189778455511335e-16,1000,20,24,3.1979003535303797e-14,0.0,3.676775769425887e-15,4.222585536168322e-14,0.004,,,,,
-2,3,2,0,schwarzschild-overtone-continuation,ell23-uniform-40,31,589,780,0.7551282051282051,0x1.82a02a02a02a0p-1,0.7836033519605706,-0.08171396629293211,9.069197512866586,0.11239916114707203,true,2.2444085897852742e-14,3.331391796911832e-16,1000,20,24,5.342227333322896e-15,5.775561153410717e-16,4.363278891642924e-15,3.3009303617866925e-14,0.004,,,,,
-2,3,2,0,schwarzschild-overtone-continuation,ell23-uniform-40,32,152,195,0.7794871794871795,0x1.8f18f18f18f19p-1,0.7957549751437462,-0.080355427939523,9.016881115069866,0.11561938579780325,true,6.16580726059967e-14,3.0531133177191805e-16,1000,20,24,6.040819946097437e-14,1.6388133839604802e-15,2.0336050180855455e-15,2.657859080837349e-13,0.004,,,,,
-2,3,2,0,schwarzschild-overtone-continuation,ell23-uniform-40,33,209,260,0.8038461538461539,0x1.9b91b91b91b92p-1,0.8089409819260877,-0.0787807830981297,8.961193841396957,0.11852088599492268,true,1.1355063454936206e-13,4.445768331151997e-16,1000,20,24,5.863278632515836e-14,0.0,0.0,2.2214450252534253e-14,0.004,,,,,
-2,3,2,0,schwarzschild-overtone-continuation,ell23-uniform-40,34,323,390,0.8282051282051283,0x1.a80a80a80a80bp-1,0.8233606582288664,-0.07693334021492443,8.90156137833513,0.12098371604392322,true,1.6597032164742888e-13,3.4021815010030383e-16,1000,20,24,1.2434691481825325e-14,0.0,0.0,1.1201704679945691e-13,0.004,,,,,
-2,3,2,0,schwarzschild-overtone-continuation,ell23-uniform-40,35,133,156,0.8525641025641025,0x1.b483483483483p-1,0.8392825711708041,-0.07473201148640891,8.837222383361544,0.12283303684217198,true,2.404328880449358e-13,1.3484727635571143e-15,1000,20,24,2.6647264332253107e-14,0.0,0.0,3.0148328543231713e-13,0.004,,,,,
-2,3,2,0,schwarzschild-overtone-continuation,ell23-uniform-40,36,57,65,0.8769230769230769,0x1.c0fc0fc0fc0fcp-1,0.8570834844727133,-0.07205503446203995,8.767127594978842,0.12380181510869398,true,6.945782748865598e-14,1.700029006457271e-16,1000,20,24,7.177285420095031e-15,0.0,0.0,1.6642954140690067e-13,0.004,,,,,
-2,3,2,0,schwarzschild-overtone-continuation,ell23-uniform-40,37,703,780,0.9012820512820513,0x1.cd74d74d74d75p-1,0.8773210785497618,-0.06870719586734711,8.689753736683013,0.12345553281387821,true,1.5577283638466516e-13,1.0291165694325854e-15,1000,20,24,8.891536662303993e-15,6.593044732505606e-16,1.1857187100668868e-15,8.039486682433186e-14,0.004,,,,,
-2,3,2,0,schwarzschild-overtone-continuation,ell23-uniform-40,38,361,390,0.9256410256410257,0x1.d9ed9ed9ed9eep-1,0.9008857832631233,-0.06434483732155115,8.602720427191285,0.12101969240178394,true,7.594866847274292e-14,4.494775313252277e-16,1000,20,24,5.1526310563904064e-14,0.0,0.0,6.731733651886226e-14,0.004,,,,,
-2,3,2,0,schwarzschild-overtone-continuation,ell23-uniform-40,39,19,20,0.95,0x1.e666666666666p-1,0.9293747380137312,-0.05826751263694582,8.501861402585364,0.11490071635003193,true,1.5664456089152785e-13,3.9094063251250767e-16,1000,20,24,6.92907258181164e-14,4.223797681452354e-15,1.1742814616743701e-14,2.824801860310597e-13,0.004,,KerrQNMEFs-2/l3/s-2l3m2n0.dat,951,8.683506604990861e-15,1.754154574758874e-14
-2,3,2,0,schwarzschild-overtone-continuation,ell23-supplemental-high,40,97,100,0.97,0x1.f0a3d70a3d70ap-1,0.9587793625779998,-0.05078076068061999,8.402791927295864,0.10434501228896827,true,2.154122221943707e-13,4.443059973708341e-16,1000,20,24,2.8426862311744105e-14,0.0,9.912338056638024e-15,5.408242674006522e-13,0.004,,KerrQNMEFs-2/l3/s-2l3m2n0.dat,971,7.633451922061155e-15,1.787188065901155e-14
-2,3,2,0,schwarzschild-overtone-continuation,ell23-supplemental-high,41,49,50,0.98,0x1.f5c28f5c28f5cp-1,0.9769239708896831,-0.04529300333039074,8.344268094871717,0.09513735339313914,true,1.0257042832262425e-13,2.220717083251841e-16,1000,20,24,2.3092655592230655e-14,0.0,7.687254793657933e-15,4.187627619698617e-13,0.004,,KerrQNMEFs-2/l3/s-2l3m2n0.dat,981,6.51698093198567e-15,1.787188065901155e-14
-2,3,2,0,schwarzschild-overtone-continuation,ell23-supplemental-high,42,99,100,0.99,0x1.fae147ae147aep-1,0.9991403542795981,-0.037129774642047204,8.275443906143026,0.07986035714096155,true,3.6506138689457655e-13,4.0419056990259605e-16,1000,20,24,2.3096645942583515e-14,8.549438183260019e-15,5.81691776026644e-14,3.4717629461668707e-12,0.004,,KerrQNMEFs-2/l3/s-2l3m2n0.dat,991,1.0068198762484779e-14,3.1130819905933367e-14
-2,3,2,0,schwarzschild-overtone-continuation,ell23-supplemental-high,43,199,200,0.995,0x1.fd70a3d70a3d7p-1,1.0128449364279923,-0.030667955187099617,8.234611954292825,0.06682146133278327,true,4.4440617642919506e-13,1.8735816636057122e-16,1000,20,24,8.88334531093441e-15,7.90874492242176e-15,1.3939062478421082e-12,7.83259530602193e-11,0.004,,KerrQNMEFs-2/l3/s-2l3m2n0.dat,996,6.36738327568885e-15,1.1435330837540492e-14
-2,3,2,0,schwarzschild-overtone-continuation,ell23-supplemental-high,44,997,1000,0.997,0x1.fe76c8b439581p-1,1.019070472342665,-0.026993164427350523,8.216457238471436,0.0591386252412026,true,7.732632831563889e-13,1.901639923103437e-16,1000,20,24,1.8024035702895147e-15,1.3591212481511522e-14,2.768313593423528e-13,1.5417356753881976e-11,0.004,,KerrQNMEFs-2/l3/s-2l3m2n0.dat,998,1.5281719751378434e-14,2.2712648019484746e-14
-2,3,2,0,schwarzschild-overtone-continuation,ell23-supplemental-high,45,999,1000,0.999,0x1.ff7ced916872bp-1,1.0256214481912336,-0.021904014195396265,8.197449330015381,0.04826008377056076,true,8.004849363405596e-13,3.369753375712245e-16,1000,20,24,1.9541704229620355e-14,1.9201031892404743e-14,3.24533338233459e-14,1.637720085286689e-14,0.004,,KerrQNMEFs-2/l3/s-2l3m2n0.dat,1000,1.081060964447918e-14,4.774612558564631e-14
-2,3,2,1,schwarzschild-overtone-continuation,ell23-uniform-40,0,0,1,0.0,0x0.0p+0,0.5826438030332979,-0.2812981134350457,10.0,0.0,true,6.419048000440291e-14,4.454424009010536e-16,1000,20,24,0.0,0.0,1.7667900989825679e-15,4.297581406266429e-14,0.004,0.1893418111169856,KerrQNMEFs-2/l3/s-2l3m2n1.dat,1,2.277987190955421e-15,0.0
-2,3,2,1,schwarzschild-overtone-continuation,ell23-uniform-40,1,19,780,0.02435897435897436,0x1.8f18f18f18f19p-6,0.5861705730503058,-0.2811439656620419,9.980898029941478,0.009210842102793253,true,1.5745827825233953e-13,4.122076774437418e-16,1000,20,24,3.375077994860476e-14,0.0,0.0,1.853001807227291e-13,0.004,0.18920627204726226,,,,
-2,3,2,1,schwarzschild-overtone-continuation,ell23-uniform-40,2,19,390,0.04871794871794872,0x1.8f18f18f18f19p-5,0.5897951886842928,-0.2809631190928074,9.961428499915254,0.018571023027832662,true,5.819602289968025e-14,4.594889227755668e-16,1000,20,24,3.9079856011020775e-14,0.0,0.0,4.0027985302489217e-13,0.004,0.18905224850338104,,,,
-2,3,2,1,schwarzschild-overtone-continuation,ell23-uniform-40,3,19,260,0.07307692307692308,0x1.2b52b52b52b53p-4,0.5935217997494913,-0.2807541422078537,9.941574802500446,0.028080474943510552,true,4.697280012840591e-14,1.3183898417423734e-16,1000,20,24,5.329070518200751e-15,9.992007221626409e-16,5.512120354514498e-15,4.715936776299755e-13,0.004,0.18887878931156837,,,,
-2,3,2,1,schwarzschild-overtone-continuation,ell23-uniform-40,4,19,195,0.09743589743589744,0x1.8f18f18f18f19p-4,0.5973548524711014,-0.28051545930855115,9.921319251200678,0.03773900019814439,true,2.1559376292405479e-13,8.123249024840225e-16,1000,20,24,1.598742839356623e-14,0.0,0.0,1.5903168815243062e-13,0.004,0.18868484686855108,,,,
-2,3,2,1,schwarzschild-overtone-continuation,ell23-uniform-40,5,19,156,0.12179487179487179,0x1.f2df2df2df2dfp-4,0.6012991182145799,-0.2802453349774833,9.900642982442708,0.047546245888321494,true,1.2246560141550719e-13,3.3335590258932494e-16,1000,20,24,1.7823234831311955e-15,0.0,0.0,4.934924235255442e-13,0.004,0.18846926678349227,,,,
-2,3,2,1,schwarzschild-overtone-continuation,ell23-uniform-40,6,19,130,0.14615384615384616,0x1.2b52b52b52b53p-3,0.6053597258083847,-0.2799418562590268,9.879525845624329,0.05750167429923999,true,1.1580429779916289e-14,2.2898349882893854e-16,1000,20,24,3.555159068351835e-15,0.0,5.8167634697480146e-15,4.756493975492786e-13,0.004,0.18823077599980365,,,,
-2,3,2,1,schwarzschild-overtone-continuation,ell23-uniform-40,7,133,780,0.17051282051282052,0x1.5d35d35d35d36p-3,0.6095421980259862,-0.27960291216685224,9.857946279406216,0.06760452843168296,true,1.45753299028193e-13,5.593023969348752e-16,1000,20,24,2.66453670470288e-14,0.0,9.629064843206119e-15,2.1258669220582251e-13,0.004,0.18796796913440497,,,,
-2,3,2,1,schwarzschild-overtone-continuation,ell23-uniform-40,8,38,195,0.19487179487179487,0x1.8f18f18f18f19p-3,0.6138524928997343,-0.2792261700433449,9.835881172104328,0.07785379165927679,true,7.450150758838116e-14,2.7344877050525285e-16,1000,20,24,1.7765134997060886e-14,0.0,5.984143298247336e-15,4.260442921196503e-13,0.004,0.18767929271742026,,,,
-2,3,2,1,schwarzschild-overtone-continuation,ell23-uniform-40,9,57,260,0.21923076923076923,0x1.c0fc0fc0fc0fcp-3,0.6182970506699896,-0.27880904819402796,9.813305703631707,0.08824814034575272,true,5.558925598510029e-14,4.441434166503682e-16,1000,20,24,4.2635175185881226e-14,0.0,0.0,7.588599744428076e-14,0.004,0.18736302694734125,,,,
-2,3,2,1,schwarzschild-overtone-continuation,ell23-uniform-40,10,19,78,0.24358974358974358,0x1.f2df2df2df2dfp-3,0.6228828473341025,-0.27834868409291375,9.790193165938906,0.0987858879827819,true,5.554888598863675e-14,3.469446951953614e-17,1000,20,24,7.46070918028039e-14,1.1957467920563633e-15,4.88624276255076e-15,1.9479273482635503e-14,0.004,0.18701726449171666,,,,
-2,3,2,1,schwarzschild-overtone-continuation,ell23-uniform-40,11,209,780,0.26794871794871794,0x1.1261261261261p-2,0.6276174559593612,-0.2778418972944966,9.766514758280428,0.10946491906816186,true,3.4751732863570294e-13,4.236704743275018e-16,1000,20,24,2.6646060927007967e-14,7.823922120803856e-15,1.1076109276885607e-14,1.2933597912109205e-13,0.004,0.18663988575655194,,,,
-2,3,2,1,schwarzschild-overtone-continuation,ell23-uniform-40,12,19,65,0.2923076923076923,0x1.2b52b52b52b53p-2,0.6325091171732455,-0.2772851459853062,9.742239352872362,0.12028261050984161,true,4.311326371230795e-14,3.6638411145107034e-16,1000,20,24,1.9541704229620355e-14,0.0,1.9836985815319826e-15,3.73597091779862e-13,0.004,0.18622852991220631,,,,
-2,3,2,1,schwarzschild-overtone-continuation,ell23-uniform-40,13,19,60,0.31666666666666665,0x1.4444444444444p-2,0.6375668205559029,-0.27667447584856947,9.71733322554111,0.13123573778380837,true,1.6953174656735037e-13,7.043917247687977e-16,1000,20,24,1.5995906900691105e-14,0.0,0.0,1.9350177709692822e-13,0.004,0.1857805607902533,,,,
-2,3,2,1,schwarzschild-overtone-continuation,ell23-uniform-40,14,133,390,0.34102564102564104,0x1.5d35d35d35d36p-2,0.6428003990551782,-0.2760054595829426,9.691759744761873,0.14232036235332388,true,3.9551772773030986e-13,8.943370203139414e-16,1000,20,24,2.664587300296445e-14,0.0,7.69825795259736e-15,1.9047648346429745e-13,0.004,0.1852930265436001,,,,
-2,3,2,1,schwarzschild-overtone-continuation,ell23-uniform-40,15,19,52,0.36538461538461536,0x1.7627627627627p-2,0.6482206390460916,-0.27527312498397927,9.6654790109538,0.15353169591760288,true,1.0576411317660612e-13,5.757191532588119e-16,1000,20,24,8.889110382166584e-15,0.0,0.0,1.0492917446625443e-13,0.004,0.1847626116735847,,,,
-2,3,2,1,schwarzschild-overtone-continuation,ell23-uniform-40,16,76,195,0.38974358974358975,0x1.8f18f18f18f19p-2,0.6538394093015468,-0.27447186893244413,9.638447435943684,0.16486393582370876,true,6.166646817699602e-14,3.576728904403046e-16,1000,20,24,1.4217791915866692e-14,0.0,0.0,2.169375790117556e-13,0.004,0.18418557965008517,,,,
-2,3,2,1,schwarzschild-overtone-continuation,ell23-uniform-40,17,323,780,0.41410256410256413,0x1.a80a80a80a80bp-2,0.6596698129754254,-0.2735953538882215,9.610617249992751,0.17631006433807123,true,1.6504965469019063e-13,3.365900013051177e-16,1000,20,24,1.0658466292090316e-14,7.893716934925325e-15,1.0784746691574817e-14,3.190175198601593e-13,0.004,0.1835577038528907,,,,
-2,3,2,1,schwarzschild-overtone-continuation,ell23-uniform-40,18,57,130,0.43846153846153846,0x1.c0fc0fc0fc0fcp-2,0.6657263677887734,-0.27263638249466055,9.581935920506325,0.18786160228103524,true,1.9883905303681787e-13,3.356589068483857e-16,1000,20,24,1.7763655129964547e-14,4.620782372656675e-15,1.0379843126025003e-14,3.792919639508153e-13,0.004,0.18287418389784496,,,,
-2,3,2,1,schwarzschild-overtone-continuation,ell23-uniform-40,19,361,780,0.46282051282051284,0x1.d9ed9ed9ed9eep-2,0.672025221047403,-0.2715867445590213,9.55234546224496,0.1995083045594422,true,2.302048980933365e-13,3.0531133177191805e-16,1000,20,24,7.995010779840968e-14,5.494482420051847e-15,5.769956272854718e-15,2.984216709063394e-13,0.004,0.18212954351582442,,,,
-2,3,2,1,schwarzschild-overtone-continuation,ell23-uniform-40,20,19,39,0.48717948717948717,0x1.f2df2df2df2dfp-2,0.6785844080363763,-0.270437028849428,9.521781613148251,0.21123778106859986,true,1.0549736198179185e-13,3.191891195797325e-16,1000,20,24,3.9080481270251204e-14,2.482534153247273e-15,4.577566798522238e-15,2.570913136204856e-13,0.004,0.18131750493178844,,,,
-2,3,2,1,schwarzschild-overtone-continuation,ell23-uniform-40,21,133,260,0.5115384615384615,0x1.05e85e85e85e8p-1,0.6854241649218028,-0.26917638962847584,9.490172842221398,0.2230350208020725,true,1.340651191338079e-13,6.674335893081556e-16,1000,20,24,6.572549022424383e-14,0.0,0.0,1.294556228432797e-13,0.004,0.18043083300464285,,,,
-2,3,2,1,schwarzschild-overtone-continuation,ell23-uniform-40,22,209,390,0.5358974358974359,0x1.1261261261261p-1,0.6925673108220392,-0.2677922543177064,9.457439145521933,0.23488178909521462,true,7.414694102733799e-14,3.5388358909926865e-16,1000,20,24,2.842887781328254e-14,0.0,0.0,2.5692326338808865e-13,0.004,0.1794611400290593,,,,
-2,3,2,1,schwarzschild-overtone-continuation,ell23-uniform-40,23,437,780,0.5602564102564103,0x1.1ed9ed9ed9edap-1,0.7000397185991523,-0.26626995367871,9.423490571937307,0.24675585664829477,true,4.942176218823604e-14,8.783938091597278e-16,1000,20,24,2.3097458938830808e-14,0.0,2.7894008272968645e-15,2.624436667744355e-13,0.004,0.1783986387467836,,,,
-2,3,2,1,schwarzschild-overtone-continuation,ell23-uniform-40,24,38,65,0.5846153846153846,0x1.2b52b52b52b53p-1,0.707870900792803,-0.2645922486667857,9.388225400386874,0.25863000263460934,true,1.2637771635423383e-13,6.6973807122470445e-16,1000,20,24,2.842176364046093e-14,8.881784197001252e-16,3.0792431378842496e-15,3.499017183300205e-14,0.004,0.17723182627285847,,,,
-2,3,2,1,schwarzschild-overtone-continuation,ell23-uniform-40,25,95,156,0.6089743589743589,0x1.37cb7cb7cb7cbp-1,0.7160947469347431,-0.26273871748725625,9.351527861579138,0.270470710104565,true,1.8739354420881112e-13,5.061588988174682e-16,1000,20,24,3.918226209095693e-14,0.0,0.0,1.4546887564889488e-13,0.004,0.17594707452234123,,,,
-2,3,2,1,schwarzschild-overtone-continuation,ell23-uniform-40,26,19,30,0.6333333333333333,0x1.4444444444444p-1,0.7247504627616559,-0.2606849504545575,9.31326525620947,0.282236435665325,true,1.0587989246265022e-13,5.978733960281817e-16,1000,20,24,5.862568923196303e-14,0.0,0.0,1.9219368326501753e-14,0.004,0.17452809204473266,,,,
-2,3,2,1,schwarzschild-overtone-continuation,ell23-uniform-40,27,171,260,0.6576923076923077,0x1.50bd0bd0bd0bdp-1,0.7338837830384842,-0.2584014758404599,9.27328426061231,0.29387527973169236,true,8.12294886509502e-14,6.087272963323595e-16,1000,20,24,2.670824882005578e-14,0.0,0.0,8.19729619720988e-14,0.004,0.17295520580024606,,,,
-2,3,2,1,schwarzschild-overtone-continuation,ell23-uniform-40,28,133,195,0.6820512820512821,0x1.5d35d35d35d36p-1,0.7435485618762202,-0.25585230154529626,9.231406119000566,0.30532179594370995,true,8.716629573661342e-14,2.2215299868541707e-16,1000,20,24,2.6660151455011122e-14,0.0,0.0,1.4167559453790808e-13,0.004,0.17120438567757962,,,,
-2,3,2,1,schwarzschild-overtone-continuation,ell23-uniform-40,29,551,780,0.7064102564102565,0x1.69ae9ae9ae9afp-1,0.753808894511559,-0.25299289547466103,9.187420279228167,0.31649253635583924,true,9.376594266531149e-14,7.09024586127786e-16,1000,20,24,1.95576586765121e-14,3.917766108994833e-15,5.063700317711733e-15,1.794264676025493e-13,0.004,0.1692458929600208,,,,
-2,3,2,1,schwarzschild-overtone-continuation,ell23-uniform-40,30,19,26,0.7307692307692307,0x1.7627627627627p-1,0.7647420047453585,-0.24976732420928724,9.141075802594399,0.3272796917738458,true,3.013677854287459e-13,2.7755575615628914e-17,1000,20,24,1.0682543789228669e-14,0.0,1.7705968925856577e-14,9.125904951069877e-13,0.004,0.16704236455311908,,,,
-2,3,2,1,schwarzschild-overtone-continuation,ell23-uniform-40,31,589,780,0.7551282051282051,0x1.82a02a02a02a0p-1,0.7764422650333016,-0.24610409094388078,9.092069505753653,0.3375417756998801,true,5.370542509574172e-14,5.27766632335736e-16,1000,20,24,5.685220022011843e-14,0.0,1.0628174930544032e-14,8.422722909280917e-14,0.004,0.16454602471264487,,,,
-2,3,2,1,schwarzschild-overtone-continuation,ell23-uniform-40,32,152,195,0.7794871794871795,0x1.8f18f18f18f19p-1,0.7890269444908093,-0.24190989148375858,9.040029156633013,0.3470895580758375,true,5.069818581010924e-14,4.767681634571498e-16,1000,20,24,3.5596458096434965e-15,1.4002130849932114e-15,1.0605390551611693e-14,4.940068810250292e-13,0.004,0.16169449924945684,,,,
-2,3,2,1,schwarzschild-overtone-continuation,ell23-uniform-40,33,209,260,0.8038461538461539,0x1.9b91b91b91b92p-1,0.8026446901883034,-0.2370598962604468,8.984488910747748,0.35566404626722203,true,2.595989180873561e-13,6.841411584861036e-16,1000,20,24,3.7306839015529814e-14,0.0,0.0,2.3653743826887163e-14,0.004,0.15840429587955265,,,,
-2,3,2,1,schwarzschild-overtone-continuation,ell23-uniform-40,34,323,390,0.8282051282051283,0x1.a80a80a80a80bp-1,0.8174885236023152,-0.2313819372034874,8.92485203864541,0.3629004741161475,true,1.6397659575213224e-13,4.934426949698985e-16,1000,20,24,5.154308290203423e-14,0.0,0.0,3.223329839587478e-13,0.004,0.15456018593676668,,,,
-2,3,2,1,schwarzschild-overtone-continuation,ell23-uniform-40,35,133,156,0.8525641025641025,0x1.b483483483483p-1,0.8338167003687631,-0.22462931843872136,8.86033171619744,0.36826611997016534,true,7.039619454628493e-14,5.551115123125783e-17,1000,20,24,5.635133798150381e-15,0.0,0.0,2.572876167540427e-13,0.004,0.14999692788580835,,,,
-2,3,2,1,schwarzschild-overtone-continuation,ell23-uniform-40,36,57,65,0.8769230769230769,0x1.c0fc0fc0fc0fcp-1,0.8519881977304367,-0.21643066419114124,8.789851378476715,0.37094522317310824,true,2.385300668449692e-14,3.2398021848425308e-16,1000,20,24,1.6025714600479306e-14,0.0,0.0,3.613437405072728e-13,0.004,0.1444655128626226,,,,
-2,3,2,1,schwarzschild-overtone-continuation,ell23-uniform-40,37,703,780,0.9012820512820513,0x1.cd74d74d74d75p-1,0.8725278223377876,-0.20618838949764137,8.711863948852564,0.36960546975352787,true,1.271871807128705e-13,6.663596519452762e-16,1000,20,24,3.1985263293373255e-14,0.0,4.572178254219406e-15,2.5690935019580663e-13,0.004,0.13756472624595337,,,,
-2,3,2,1,schwarzschild-overtone-continuation,ell23-uniform-40,38,361,390,0.9256410256410257,0x1.d9ed9ed9ed9eep-1,0.8962585121078842,-0.19284458143752653,8.623988678841341,0.361858987499275,true,5.796255701373839e-13,3.122502256758253e-17,1000,20,24,1.9173458420030423e-15,0.0,0.0,8.682916224132603e-13,0.004,0.12858303105859362,,,,
-2,3,2,1,schwarzschild-overtone-continuation,ell23-uniform-40,39,19,20,0.95,0x1.e666666666666p-1,0.9246125672224864,-0.17422250810195877,8.522165758969894,0.3427474182884909,true,5.6041524594814095e-14,6.438231684870799e-16,1000,20,24,5.467214348906571e-15,0.0,1.423687884359495e-14,4.63121813132064e-13,0.004,0.1160527433710042,KerrQNMEFs-2/l3/s-2l3m2n1.dat,951,1.045412935754088e-14,2.51881198787047e-14
-2,3,2,1,schwarzschild-overtone-continuation,ell23-supplemental-high,40,97,100,0.97,0x1.f0a3d70a3d70ap-1,0.9533238155909232,-0.1511462662298167,8.422644423666966,0.3097715191991203,true,1.4623689780502186e-13,2.4672134748494927e-16,1000,20,24,3.614624287906422e-15,0.0,0.0,2.64976908587187e-13,0.004,0.10051366920510879,KerrQNMEFs-2/l3/s-2l3m2n1.dat,971,1.4105185818520046e-14,1.609823385706477e-15
-2,3,2,1,schwarzschild-overtone-continuation,ell23-supplemental-high,41,49,50,0.98,0x1.f5c28f5c28f5cp-1,0.9705848926455093,-0.13405114023094666,8.364549503028167,0.28075161781157426,true,3.4152308152976164e-13,4.64245191508845e-16,1000,20,24,3.558645817307202e-14,0.0,3.376995917133669e-14,7.801675516460397e-13,0.004,0.08898421646024414,KerrQNMEFs-2/l3/s-2l3m2n1.dat,981,2.7325924514977787e-14,8.36919850568252e-14
-2,3,2,1,schwarzschild-overtone-continuation,ell23-supplemental-high,42,99,100,0.99,0x1.fae147ae147aep-1,0.9907543612642173,-0.10806200470066857,8.298094428507225,0.23156458841243618,true,1.3942491757818069e-13,1.398255992337188e-16,1000,20,24,3.554447978966673e-15,0.0,0.0,6.403082681572341e-13,0.004,0.07142622865546805,KerrQNMEFs-2/l3/s-2l3m2n1.dat,991,8.231435267283356e-15,2.7697575250331348e-14
-2,3,2,1,schwarzschild-overtone-continuation,ell23-supplemental-high,43,199,200,0.995,0x1.fd70a3d70a3d7p-1,1.0018251277065606,-0.08645566640942956,8.261556043662466,0.18748077042951616,true,6.251654711963178e-13,2.220717083251841e-16,1000,20,24,2.8426601471689954e-14,0.0,0.0,1.637431050354541e-13,0.004,0.056865674248029636,KerrQNMEFs-2/l3/s-2l3m2n1.dat,998,6.648152764651948e-14,1.48389626931204e-13
-2,3,2,1,schwarzschild-overtone-continuation,ell23-supplemental-high,44,997,1000,0.997,0x1.fe76c8b439581p-1,1.0057092742585527,-0.07316779614177311,8.24777486846777,0.15938709477705953,true,8.717189528634193e-13,2.7860004670556626e-16,1000,20,24,2.6645713989277046e-14,9.794137225914567e-14,2.358367135786239e-12,1.6943542901795817e-11,0.004,0.048068890440756414,KerrQNMEFs-2/l3/s-2l3m2n1.dat,1002,2.0130447575712724e-14,4.650048897164408e-14
-2,3,2,1,schwarzschild-overtone-continuation,ell23-supplemental-high,45,999,1000,0.999,0x1.ff7ced916872bp-1,1.0057187852410203,-0.050086180142292984,8.242053255730982,0.10942463176828822,true,1.3701285692059859e-13,6.505213034913027e-17,1000,20,24,1.598723564796571e-14,0.0,5.790657255057069e-14,1.3467869093226365e-12,0.004,0.034501456055769826,KerrQNMEFs-2/l3/s-2l3m2n1.dat,1009,4.923173391076269e-14,1.0057159576452752e-13
-2,3,2,2,schwarzschild-overtone-continuation,ell23-uniform-40,0,0,1,0.0,0x0.0p+0,0.551684900778463,-0.47909275096695936,10.0,0.0,true,7.340525977395958e-13,7.894497640785698e-16,1000,20,24,0.0,1.039408322846928e-14,1.148745569312467e-14,2.615606277811939e-13,0.004,0.2002028278152073,KerrQNMEFs-2/l3/s-2l3m2n2.dat,1,1.2009411317269482e-14,0.0
-2,3,2,2,schwarzschild-overtone-continuation,ell23-uniform-40,1,19,780,0.02435897435897436,0x1.8f18f18f18f19p-6,0.5555762736429615,-0.47867686837817786,9.981936411894491,0.015675339334530594,true,1.9116480176633818e-13,2.482534153247273e-16,1000,20,24,1.7763584995840513e-14,2.682975169497797e-15,5.462985485814932e-15,5.563225548380104e-13,0.004,0.1998881157339992,,,,
-2,3,2,2,schwarzschild-overtone-continuation,ell23-uniform-40,2,19,390,0.04871794871794872,0x1.8f18f18f18f19p-5,0.5595766941492126,-0.4782127987803211,9.963569754051054,0.03158084397560546,true,4.3255109730355457e-13,5.129621610332541e-16,1000,20,24,5.330375918432453e-15,0.0,0.0,3.4148698849926343e-14,0.004,0.19955097982418782,,,,
-2,3,2,2,schwarzschild-overtone-continuation,ell23-uniform-40,3,19,260,0.07307692307692308,0x1.2b52b52b52b53p-4,0.5636904831984549,-0.4776981187319628,9.944881416971473,0.04771643870939706,true,1.724530548492318e-14,2.9504581591051765e-16,1000,20,24,1.7817696036042146e-15,0.0,4.937996946120757e-15,2.572729567066251e-13,0.004,0.1991904549327024,,,,
-2,3,2,2,schwarzschild-overtone-continuation,ell23-uniform-40,4,19,195,0.09743589743589744,0x1.8f18f18f18f19p-4,0.56792226498495,-0.47713015624600014,9.925851571562294,0.06408183381142367,true,2.348022746042133e-13,9.049605298586575e-16,1000,20,24,5.1517339158331784e-14,0.0,0.0,1.5390110031855159e-13,0.004,0.19880547341040403,,,,
-2,3,2,2,schwarzschild-overtone-continuation,ell23-uniform-40,5,19,156,0.12179487179487179,0x1.f2df2df2df2dfp-4,0.5722769963125706,-0.4765059646448383,9.906459061099648,0.08067648075810982,true,5.215543707446381e-14,6.722137407118775e-16,1000,20,24,1.7790111516265277e-15,0.0,0.0,4.4145416041488294e-13,0.004,0.1983948545631206,,,,
-2,3,2,2,schwarzschild-overtone-continuation,ell23-uniform-40,6,19,130,0.14615384615384616,0x1.2b52b52b52b53p-3,0.576759999458895,-0.4758222925529083,9.886681279874807,0.09749952097165808,true,1.350644602892852e-14,4.996485455209446e-16,1000,20,24,1.7783073324607987e-15,0.0,2.6852712547870858e-15,2.4345365802796346e-13,0.004,0.19795729254045447,,,,
-2,3,2,2,schwarzschild-overtone-continuation,ell23-uniform-40,7,133,780,0.17051282051282052,0x1.5d35d35d35d36p-3,0.5813769991458747,-0.4750755493625333,9.866494036535379,0.11454972627622674,true,2.919612152149459e-13,2.7755575615628914e-17,1000,20,24,3.375101105406608e-14,0.0,1.457101633618084e-15,1.8173832078210292e-13,0.004,0.19749134239300364,,,,
-2,3,2,2,schwarzschild-overtone-continuation,ell23-uniform-40,8,38,195,0.19487179487179487,0x1.8f18f18f18f19p-3,0.5861341642788039,-0.4742617653710895,9.845871399763325,0.13182542945502726,true,9.360174372633697e-14,5.721958498152797e-16,1000,20,24,2.1316444702508496e-14,0.0,2.482534153247273e-15,2.7429654556990966e-13,0.004,0.19699540397274665,,,,
-2,3,2,2,schwarzschild-overtone-continuation,ell23-uniform-40,9,57,260,0.21923076923076923,0x1.c0fc0fc0fc0fcp-3,0.5910381552419446,-0.47337654561540965,9.824785523484927,0.14932444293714597,true,2.90261816984967e-13,6.245004513516506e-17,1000,20,24,5.506776150223781e-14,0.0,0.0,4.5723939179186944e-14,0.004,0.19646770328167545,,,,
-2,3,2,2,schwarzschild-overtone-continuation,ell23-uniform-40,10,19,78,0.24358974358974358,0x1.f2df2df2df2dfp-3,0.5960961776942068,-0.4724150162144496,9.803206448253896,0.16704396318881098,true,1.5336709429005594e-13,6.314393452555578e-16,1000,20,24,4.0856546707215233e-14,0.0,1.2802753803887403e-14,5.083083584046939e-13,0.004,0.1959062707865758,,,,
-2,3,2,2,schwarzschild-overtone-continuation,ell23-uniform-40,11,209,780,0.26794871794871794,0x1.1261261261261p-2,0.6013160440000292,-0.4713717617604752,9.781101874771275,0.18498045780858607,true,5.005419298102741e-14,2.2247786310271853e-16,1000,20,24,8.890280278469355e-15,0.0,1.8610729195778454e-15,5.966186067818796e-14,0.004,0.19530891610798143,,,,
-2,3,2,2,schwarzschild-overtone-continuation,ell23-uniform-40,12,19,65,0.2923076923076923,0x1.2b52b52b52b53p-2,0.6067062436696826,-0.4702407519558179,9.75843690466469,0.2031295315926104,true,3.762966276497671e-13,1.2412670766236366e-16,1000,20,24,2.6654386077811048e-14,0.0,0.0,4.916635168177422e-13,0.004,0.1946731983517203,,,,
-2,3,2,2,schwarzschild-overtone-continuation,ell23-uniform-40,13,19,60,0.31666666666666665,0x1.4444444444444p-2,0.612276024481457,-0.46901525525415905,9.73517374259721,0.2214857668940648,true,1.6734092271030262e-13,3.3486903561235222e-16,1000,20,24,8.920730087951354e-15,0.0,2.6535259329201464e-15,5.5778736183169934e-14,0.004,0.19399639117372489,,,,
-2,3,2,2,schwarzschild-overtone-continuation,ell23-uniform-40,14,133,390,0.34102564102564104,0x1.5d35d35d35d36p-2,0.6180354863354472,-0.46768773670144603,9.71127135246004,0.2400425323824888,true,5.068262347813025e-14,2.5476231888929306e-16,1000,20,24,1.4217791915866692e-14,0.0,0.0,3.1527331463153157e-13,0.004,0.193275441438768,,,,
-2,3,2,2,schwarzschild-overtone-continuation,ell23-uniform-40,15,19,52,0.36538461538461536,0x1.7627627627627p-2,0.6239956903661489,-0.46624973644040235,9.686685058730815,0.25879175271927446,true,2.130818515878977e-13,6.245004513516506e-17,1000,20,24,4.2632708705650584e-14,3.675492212195508e-15,4.46890625895396e-15,2.042501410322842e-13,0.004,0.19250692003645856,,,,
-2,3,2,2,schwarzschild-overtone-continuation,ell23-uniform-40,16,76,195,0.38974358974358975,0x1.8f18f18f18f19p-2,0.6301687864531688,-0.46469172438576156,9.661366081951059,0.2777236295748797,true,2.6059410630552854e-13,2.2982303784612184e-16,1000,20,24,3.379749385324339e-14,3.616328897427208e-15,1.0355619768579393e-14,1.0572774584851434e-13,0.004,0.191686963027513,,,,
-2,3,2,2,schwarzschild-overtone-continuation,ell23-uniform-40,17,323,780,0.41410256410256413,0x1.a80a80a80a80bp-2,0.636568163058384,-0.4630029253135968,9.635260994536845,0.29682630163806145,true,2.0487727331534634e-13,2.5673907444456745e-16,1000,20,24,6.039819886604857e-14,1.5632082117998628e-15,3.566996437424606e-15,2.3881596622853487e-13,0.004,0.19081120077749156,,,,
-2,3,2,2,schwarzschild-overtone-continuation,ell23-uniform-40,18,57,130,0.43846153846153846,0x1.c0fc0fc0fc0fcp-2,0.6432086243455969,-0.4611711069222041,9.608311079581771,0.3160854275464232,true,1.283786557302408e-13,2.3479724158959924e-16,1000,20,24,5.1533038093128865e-14,0.0,0.0,5.045887310877436e-13,0.004,0.18987467204643832,,,,
-2,3,2,2,schwarzschild-overtone-continuation,ell23-uniform-40,19,361,780,0.46282051282051284,0x1.d9ed9ed9ed9eep-2,0.6501066008889032,-0.45918232114841345,9.580451570651515,0.3354836706260964,true,1.672914173964876e-13,4.002966042486721e-16,1000,20,24,2.6684413063186528e-14,0.0,6.112531465858673e-15,1.5813567179958505e-14,0.004,0.18887171907291755,,,,
-2,3,2,2,schwarzschild-overtone-continuation,ell23-uniform-40,20,19,39,0.48717948717948717,0x1.f2df2df2df2dfp-2,0.6572804020702774,-0.4570205859209844,9.55161074440543,0.3550000574184584,true,1.666281657925365e-13,3.8559277963506344e-16,1000,20,24,1.4212589332811784e-14,0.0,0.0,1.3722644017738374e-13,0.004,0.1877958584199298,,,,
-2,3,2,2,schwarzschild-overtone-continuation,ell23-uniform-40,21,133,260,0.5115384615384615,0x1.05e85e85e85e8p-1,0.6647505206761797,-0.4546674902463907,9.521708829616099,0.3746091723831228,true,5.369631735223423e-13,4.445768331151997e-16,1000,20,24,5.600027006224723e-15,0.0,0.0,3.0876976985549753e-13,0.004,0.18663962059230618,,,,
-2,3,2,2,schwarzschild-overtone-continuation,ell23-uniform-40,22,209,390,0.5358974358974359,0x1.1261261261261p-1,0.6725400034794824,-0.4521016995174564,9.490656684972377,0.3942801376788611,true,5.163671038754328e-14,4.163336342344337e-17,1000,20,24,1.776434900241503e-14,0.0,5.479881357555634e-15,3.376246448416291e-14,0.004,0.18539434896790372,,,,
-2,3,2,2,schwarzschild-overtone-continuation,ell23-uniform-40,23,437,780,0.5602564102564103,0x1.1ed9ed9ed9edap-1,0.680674906108039,-0.4492983293963447,9.458354182672203,0.4139753076707217,true,1.3805175777388975e-13,2.9504581591051765e-16,1000,20,24,3.020133145511626e-14,0.0,3.22012528026176e-15,1.45869617112428e-13,0.004,0.1840499450710367,,,,
-2,3,2,2,schwarzschild-overtone-continuation,ell23-uniform-40,24,38,65,0.5846153846153846,0x1.2b52b52b52b53p-1,0.6891848568134923,-0.4462281442794254,9.424688213395376,0.43364857987828836,true,4.387277753618146e-14,3.7192730237993177e-16,1000,20,24,1.432144669219779e-14,0.0,0.0,1.6566908531671124e-13,0.004,0.1825945421270923,,,,
-2,3,2,2,schwarzschild-overtone-continuation,ell23-uniform-40,25,95,156,0.6089743589743589,0x1.37cb7cb7cb7cbp-1,0.6981037627219987,-0.44285651818134947,9.389530197911935,0.45324318282449505,true,3.4229456020794544e-14,4.484587321511725e-16,1000,20,24,6.043900071080248e-14,2.3525204118543076e-15,2.777777120143555e-15,3.3620104988486793e-13,0.004,0.18101408133021119,,,,
-2,3,2,2,schwarzschild-overtone-continuation,ell23-uniform-40,26,19,30,0.6333333333333333,0x1.4444444444444p-1,0.7074707051145008,-0.4391420685891403,9.35273294687766,0.4726887390972505,true,5.282422017401699e-14,5.027227436193981e-16,1000,20,24,4.09742995246608e-14,0.0,0.0,1.5747894301353198e-13,0.004,0.1792917539577458,,,,
-2,3,2,2,schwarzschild-overtone-continuation,ell23-uniform-40,27,171,260,0.6576923076923077,0x1.50bd0bd0bd0bdp-1,0.7173310894015751,-0.4350348319367021,9.314126646146146,0.49189730623508343,true,8.195461525916646e-14,1.0107946554555127e-15,1000,20,24,2.1482170038296686e-14,0.0,0.0,5.341278240733302e-13,0.004,0.1774072550727824,,,,
-2,3,2,2,schwarzschild-overtone-continuation,ell23-uniform-40,28,133,195,0.6820512820512821,0x1.5d35d35d35d36p-1,0.7277381442646053,-0.4304737833843191,9.273513648472543,0.5107579469973218,true,3.5116759675214154e-14,4.875529749534861e-16,1000,20,24,1.4295603459064552e-14,1.9100999153570945e-15,2.025966904339278e-15,1.588579792558324e-13,0.004,0.1753357671004688,,,,
-2,3,2,2,schwarzschild-overtone-continuation,ell23-uniform-40,29,551,780,0.7064102564102565,0x1.69ae9ae9ae9afp-1,0.738754908916363,-0.4253833967698563,9.230661604040098,0.5291291354366023,true,1.3825161151981628e-13,5.4672143489065705e-16,1000,20,24,2.6656683708396106e-14,0.0,0.0,9.302582507172135e-14,0.004,0.17304654697250996,,,,
-2,3,2,2,schwarzschild-overtone-continuation,ell23-uniform-40,30,19,26,0.7307692307692307,0x1.7627627627627p-1,0.7504569180496429,-0.41966876199939124,9.185294227323022,0.5468278945308166,true,1.7905388368955712e-13,2.482534153247273e-16,1000,20,24,5.722766247044874e-15,4.705040823708615e-15,1.1355931823864491e-14,6.5301351511762e-13,0.004,0.1705009157308215,,,,
-2,3,2,2,schwarzschild-overtone-continuation,ell23-uniform-40,31,589,780,0.7551282051282051,0x1.82a02a02a02a0p-1,0.7629359097451897,-0.4132084673381824,9.13707861403652,0.563613847670691,true,2.2294207186976031e-13,6.777420539824541e-16,1000,20,24,1.4273168140722167e-14,0.0,0.0,5.682546163642672e-13,0.004,0.16764931924495588,,,,
-2,3,2,2,schwarzschild-overtone-continuation,ell23-uniform-40,32,152,195,0.7794871794871795,0x1.8f18f18f18f19p-1,0.776305078235052,-0.4058438931828959,9.085607371540739,0.5791650731320885,true,8.441901099732584e-14,1.3877787807814457e-17,1000,20,24,1.1422355192891215e-14,0.0,0.0,1.6603235929465152e-13,0.004,0.16442689194326496,,,,
-2,3,2,2,schwarzschild-overtone-continuation,ell23-uniform-40,33,209,260,0.8038461538461539,0x1.9b91b91b91b92p-1,0.7907067421073197,-0.39736249603553603,9.0303726753392,0.5930401867952351,true,4.2530671940045576e-14,4.594889227755668e-16,1000,20,24,1.7763568394002505e-14,0.0,1.381915519522146e-14,3.4517360553662023e-13,0.004,0.16074650260281467,,,,
-2,3,2,2,schwarzschild-overtone-continuation,ell23-uniform-40,34,323,390,0.8282051282051283,0x1.a80a80a80a80bp-1,0.8063239489374271,-0.38747050196671673,8.970727221508636,0.6046160947154376,true,9.942144817716941e-14,4.506008925723787e-16,1000,20,24,6.728537760070878e-15,0.0,0.0,1.963723118088317e-13,0.004,0.1564873406294985,,,,
-2,3,2,2,schwarzschild-overtone-continuation,ell23-uniform-40,35,133,156,0.8525641025641025,0x1.b483483483483p-1,0.8233988267720618,-0.37574572819202084,8.905822799712238,0.6129800121504605,true,1.4464293028901467e-13,6.429251234118251e-16,1000,20,24,8.888027007547732e-15,0.0,0.0,7.887429437908908e-14,0.004,0.15147508503712404,,,,
-2,3,2,2,schwarzschild-overtone-continuation,ell23-uniform-40,36,57,65,0.8769230769230769,0x1.c0fc0fc0fc0fcp-1,0.8422632491956838,-0.3615500279913815,8.834508129335585,0.6167284773360922,true,3.598188804133396e-13,1.6711069443220838e-16,1000,20,24,6.065070242670034e-14,0.0,0.0,1.0572401515882199e-13,0.004,0.1454448499390407,,,,
-2,3,2,2,schwarzschild-overtone-continuation,ell23-uniform-40,37,703,780,0.9012820512820513,0x1.cd74d74d74d75p-1,0.8633938654894382,-0.3438506347751191,8.755146160940656,0.6135565617649333,true,4.1869700077822545e-13,4.85722573273506e-17,1000,20,24,3.7874229688310513e-14,0.0,0.0,5.214787393099677e-14,0.004,0.13796493374239685,,,,
-2,3,2,2,schwarzschild-overtone-continuation,ell23-uniform-40,38,361,390,0.9256410256410257,0x1.d9ed9ed9ed9eep-1,0.8875208787053531,-0.32080376799616717,8.665253287431481,0.5993004367633767,true,1.8736144289136713e-13,4.755167847018798e-16,1000,20,24,1.7798229048217483e-14,0.0,2.1052123819569363e-14,2.90944868746584e-13,0.004,0.1282571622258423,,,,
-2,3,2,2,schwarzschild-overtone-continuation,ell23-uniform-40,39,19,20,0.95,0x1.e666666666666p-1,0.9158755064379314,-0.28856521978275584,8.56067466681419,0.5652087093670325,true,7.40851549812911e-13,2.636779683484747e-16,1000,20,24,1.9768517821918335e-14,4.8516873203759067e-14,5.663282907497477e-14,1.8688928658316805e-13,0.004,0.1146760303885293,KerrQNMEFs-2/l3/s-2l3m2n2.dat,951,5.265937144242362e-14,1.3110154507592157e-13
-2,3,2,2,schwarzschild-overtone-continuation,ell23-supplemental-high,40,97,100,0.97,0x1.f0a3d70a3d70ap-1,0.9439519439967959,-0.2482978274727573,8.458319326679439,0.5065825991718413,true,1.6065966767932613e-13,1.3877787807814457e-17,1000,20,24,1.259405993935235e-14,0.0,0.0,1.5002067066226397e-13,0.004,0.09760255032076595,KerrQNMEFs-2/l3/s-2l3m2n2.dat,971,6.88539697555894e-15,1.7586437349651377e-14
-2,3,2,2,schwarzschild-overtone-continuation,ell23-supplemental-high,41,49,50,0.98,0x1.f5c28f5c28f5cp-1,0.9604883816230345,-0.21808216841083136,8.398578709946765,0.4545904416049962,true,8.032464120243927e-13,1.3707828373975067e-15,1000,20,24,5.684344596585586e-14,0.0,0.0,1.2096928125386244e-13,0.004,0.08463541357963303,KerrQNMEFs-2/l3/s-2l3m2n2.dat,981,5.614263474322893e-14,1.1446501683318952e-13
-2,3,2,2,schwarzschild-overtone-continuation,ell23-supplemental-high,42,99,100,0.99,0x1.fae147ae147aep-1,0.9796879577377602,-0.17120490042428796,8.329672920147045,0.36505502445346305,true,1.1956148403022588e-13,4.441434166503682e-16,1000,20,24,6.05394598195379e-14,0.0,0.0,2.7106908532108773e-13,0.004,0.06410530841805735,KerrQNMEFs-2/l3/s-2l3m2n2.dat,996,6.218557896789218e-14,1.1849778104645678e-13
-2,3,2,2,schwarzschild-overtone-continuation,ell23-supplemental-high,43,199,200,0.995,0x1.fd70a3d70a3d7p-1,0.9910383039597683,-0.13121927607094283,8.289333291062619,0.28320968653888606,true,1.1313217727055558e-12,4.48220455344724e-16,1000,20,24,7.108237054113458e-14,3.4108228686344974e-13,4.429669001160248e-13,5.094429137539279e-13,0.004,0.046044938011389334,,,,
-2,3,2,2,schwarzschild-overtone-continuation,ell23-supplemental-high,44,997,1000,0.997,0x1.fe76c8b439581p-1,0.9963651010815772,-0.10642621562678886,8.270827295417183,0.23089812631356924,true,3.8128104059689904e-13,5.199108355865327e-16,1000,20,24,3.614624287906422e-15,5.168401948229138e-14,1.0253468635806267e-13,1.4939794664719268e-12,0.004,0.034546143619839605,,,,
-2,3,2,2,schwarzschild-overtone-continuation,ell23-supplemental-high,45,999,1000,0.999,0x1.ff7ced916872bp-1,1.003149809153075,-0.06673555131224795,8.248560611916835,0.1456354791343414,true,1.2217435742864505e-12,8.399662911495301e-16,1000,20,24,2.3102244613642867e-14,0.0,8.359676243706429e-13,1.4545802947562832e-12,0.004,0.016846400164289174,KerrQNMEFs-2/l3/s-2l3m2n2.dat,1029,7.836498975876598e-13,1.7027002625194276e-12
-2,3,3,0,schwarzschild-overtone-continuation,ell23-uniform-40,0,0,1,0.0,0x0.0p+0,0.5994432884374898,-0.09270304794494666,10.0,0.0,true,1.5957887108469527e-14,2.3714374201337736e-16,1000,20,24,0.0,0.0,1.967320211922957e-15,6.321684384600078e-14,0.004,,KerrQNMEFs-2/l3/s-2l3m3n0.dat,1,9.694605782913356e-16,0.0
-2,3,3,0,schwarzschild-overtone-continuation,ell23-uniform-40,1,19,780,0.02435897435897436,0x1.8f18f18f18f19p-6,0.6044299669115671,-0.09265113260269854,9.970447422474702,0.004547074835980859,true,5.0867118742119833e-14,4.47545209131181e-16,1000,20,24,1.4210854715202004e-14,0.0,0.0,1.1592089490148452e-13,0.004,,,,,
-2,3,3,0,schwarzschild-overtone-continuation,ell23-uniform-40,2,19,390,0.04871794871794872,0x1.8f18f18f18f19p-5,0.6095500522617089,-0.09259031745180685,9.940175969312104,0.00915616745103322,true,1.2651243465073074e-13,1.3472894910096233e-16,1000,20,24,2.842172298292793e-14,3.429611049281852e-15,5.7289720136568966e-15,1.0923263116166655e-13,0.004,,,,,
-2,3,3,0,schwarzschild-overtone-continuation,ell23-uniform-40,3,19,260,0.07307692307692308,0x1.2b52b52b52b53p-4,0.6148101939164211,-0.09252001213921061,9.909152461183336,0.013827959907899971,true,9.607118501968132e-15,3.8214347833393957e-16,1000,20,24,5.551115123125783e-17,0.0,2.2508129017558575e-15,2.1854423695583044e-13,0.004,,,,,
-2,3,3,0,schwarzschild-overtone-continuation,ell23-uniform-40,4,19,195,0.09743589743589744,0x1.8f18f18f18f19p-4,0.6202175448296899,-0.09243957458005407,9.8773413384325,0.018563090884632562,true,6.128591995706308e-14,1.8041124150158794e-16,1000,20,24,7.105481567502833e-15,0.0,0.0,1.1930161344688669e-13,0.004,,,,,
-2,3,3,0,schwarzschild-overtone-continuation,ell23-uniform-40,5,19,156,0.12179487179487179,0x1.f2df2df2df2dfp-4,0.6257798137070896,-0.09234830505938013,9.84470442348381,0.02336214524133219,true,9.85537918881547e-14,1.5700924586837752e-16,1000,20,24,6.039614688934145e-14,0.0,0.0,1.5969438106578725e-13,0.004,,,,,
-2,3,3,0,schwarzschild-overtone-continuation,ell23-uniform-40,6,19,130,0.14615384615384616,0x1.2b52b52b52b53p-3,0.6315053242044467,-0.09224543949006023,9.811200652363523,0.02822564165749883,true,2.5003445110377325e-14,2.2887833992611187e-16,1000,20,24,1.4210856409267797e-14,6.593044732505606e-16,4.189184436886365e-15,1.912421598871681e-13,0.004,,,,,
-2,3,3,0,schwarzschild-overtone-continuation,ell23-uniform-40,7,133,780,0.17051282051282052,0x1.5d35d35d35d36p-3,0.637403082251078,-0.09213014167954489,9.776785770333333,0.03315401795596148,true,1.3153214712619998e-14,3.394388883480595e-16,1000,20,24,1.0658583743094258e-14,6.245004513516506e-16,1.1551122306821434e-15,4.9244367459192395e-14,0.004,,,,,
-2,3,3,0,schwarzschild-overtone-continuation,ell23-uniform-40,8,38,195,0.19487179487179487,0x1.8f18f18f18f19p-3,0.6434828528787641,-0.09200149442746526,9.741411985649293,0.03814761364271244,true,1.0534279077834553e-13,4.742874840267547e-16,1000,20,24,5.551115123125783e-17,0.0,0.0,1.2842722885030063e-13,0.004,,,,,
-2,3,3,0,schwarzschild-overtone-continuation,ell23-uniform-40,9,57,260,0.21923076923076923,0x1.c0fc0fc0fc0fcp-3,0.6497552482206993,-0.09185848923776041,9.705027574251526,0.04320664908289243,true,1.681099102657031e-14,9.326296752376505e-16,1000,20,24,3.552811526699117e-14,0.0,2.4701292793724788e-15,5.3438529890894854e-14,0.004,,,,,
-2,3,3,0,schwarzschild-overtone-continuation,ell23-uniform-40,10,19,78,0.24358974358974358,0x1.f2df2df2df2dfp-3,0.6562318286962076,-0.09170001438143885,9.667576426690598,0.04833120059528789,true,6.53645161114467e-14,1.1188630228279524e-16,1000,20,24,2.1317438523750435e-14,1.763789851192228e-15,2.236391618786659e-15,1.0913396330669402e-13,0.004,,,,,
-2,3,3,0,schwarzschild-overtone-continuation,ell23-uniform-40,11,209,780,0.26794871794871794,0x1.1261261261261p-2,0.6629252198365908,-0.09152484098592288,9.628997526729579,0.053521170572153956,true,2.116889930941406e-14,4.535829210951031e-16,1000,20,24,3.552822097363439e-15,0.0,2.4701292793724788e-15,8.56542639778563e-14,0.004,,,,,
-2,3,3,0,schwarzschild-overtone-continuation,ell23-uniform-40,12,19,65,0.2923076923076923,0x1.2b52b52b52b53p-2,0.6698492477603363,-0.09133160675060747,9.589224348711106,0.05877625150617048,true,4.363402480522002e-14,1.3092278833360675e-16,1000,20,24,4.9738008927881733e-14,1.413696397141421e-15,2.9580529941727767e-15,5.991790453167902e-14,0.004,,,,,
-2,3,3,0,schwarzschild-overtone-continuation,ell23-uniform-40,13,19,60,0.31666666666666665,0x1.4444444444444p-2,0.6770190970066932,-0.0911187967911042,9.548184157815973,0.06409588251619651,true,3.289933837890672e-14,2.636779683484747e-16,1000,20,24,1.4213050055029608e-14,0.0,2.9888837459894945e-15,1.1602977958127705e-13,0.004,,,,,
-2,3,3,0,schwarzschild-overtone-continuation,ell23-uniform-40,14,133,390,0.34102564102564104,0x1.5d35d35d35d36p-2,0.6844514953309815,-0.0908847209893763,9.50579719355758,0.0694791965862057,true,5.6178711203752326e-14,1.1295700899707568e-16,1000,20,24,7.460785977431399e-14,0.0,0.0,1.2905095092302957e-13,0.004,,,,,
-2,3,3,0,schwarzschild-overtone-continuation,ell23-uniform-40,15,19,52,0.36538461538461536,0x1.7627627627627p-2,0.6921649312161058,-0.09062748706473935,9.461975712009071,0.07492495623763884,true,2.3448583132868502e-14,2.3714374201337736e-16,1000,20,24,4.618531118446131e-14,6.866350197783356e-16,2.504777312823609e-15,5.321490167677444e-14,0.004,,,,,
-2,3,3,0,schwarzschild-overtone-continuation,ell23-uniform-40,16,76,195,0.38974358974358975,0x1.8f18f18f18f19p-2,0.7001799113483601,-0.09034496836832034,9.41662285597719,0.08043147470237628,true,1.8867259564679274e-14,2.7344877050525285e-16,1000,20,24,6.750432170308652e-14,0.0,0.0,8.684754648258291e-14,0.004,,,,,
-2,3,3,0,schwarzschild-overtone-continuation,ell23-uniform-40,17,323,780,0.41410256410256413,0x1.a80a80a80a80bp-2,0.7085192672619725,-0.09003476512343933,9.369631314130523,0.08599651879304251,true,1.9464081014329728e-14,1.1188630228279524e-16,1000,20,24,7.106782481094284e-15,0.0,1.7550326948688181e-15,1.0894184704413917e-13,0.004,,,,,
-2,3,3,0,schwarzschild-overtone-continuation,ell23-uniform-40,18,57,130,0.43846153846153846,0x1.c0fc0fc0fc0fcp-2,0.7172085229441014,-0.08969415746072965,9.32088171926365,0.09161718849522854,true,4.509432918211676e-14,3.189627710442956e-16,1000,20,24,1.0664246959634153e-14,0.0,2.0933390557824782e-15,3.7551806506333816e-14,0.004,,,,,
-2,3,3,0,schwarzschild-overtone-continuation,ell23-uniform-40,19,361,780,0.46282051282051284,0x1.d9ed9ed9ed9eep-2,0.7262763386499724,-0.08932004809349203,9.270240721439865,0.09728976671162415,true,7.805373211431673e-14,2.5476231888929306e-16,1000,20,24,7.105915231829363e-15,0.0,3.789423922623494e-15,7.034609983686362e-14,0.004,,,,,
-2,3,3,0,schwarzschild-overtone-continuation,ell23-uniform-40,20,19,39,0.48717948717948717,0x1.f2df2df2df2dfp-2,0.7357550508527275,-0.08890889179295118,9.217558652286117,0.10300953039398292,true,1.6011864169946884e-14,6.245004513516506e-17,1000,20,24,2.842306465080941e-14,0.0,1.3232745389513375e-15,1.3502795144680466e-13,0.004,,,,,
-2,3,3,0,schwarzschild-overtone-continuation,ell23-uniform-40,21,133,260,0.5115384615384615,0x1.05e85e85e85e8p-1,0.7456813346505523,-0.08845660787622922,9.162666670133515,0.10877051124196932,true,3.20808351578572e-14,2.3592239273284576e-16,1000,20,24,1.4211830463658726e-14,8.743006318923108e-16,2.0233510033565474e-15,3.8613422726744756e-14,0.004,,,,,
-2,3,3,0,schwarzschild-overtone-continuation,ell23-uniform-40,22,209,390,0.5358974358974359,0x1.1261261261261p-1,0.756097023828646,-0.08795847059654231,9.105373238914568,0.1145651898333436,true,1.2524752626131587e-13,4.1777673608052093e-16,1000,20,24,4.9738022480402295e-14,3.3903012404648442e-15,7.216569755304857e-15,1.1381188587988334e-13,0.004,,,,,
-2,3,3,0,schwarzschild-overtone-continuation,ell23-uniform-40,23,437,780,0.5602564102564103,0x1.1ed9ed9ed9edap-1,0.7670501362657223,-0.08740897044577219,9.045459742092069,0.12038410086816187,true,4.190132310720222e-14,2.2473876566261383e-16,1000,20,24,2.486938296365065e-14,0.0,1.1295700899707568e-15,2.1697973384563248e-14,0.004,,,,,
-2,3,3,0,schwarzschild-overtone-continuation,ell23-uniform-40,24,38,65,0.5846153846153846,0x1.2b52b52b52b53p-1,0.7785961702428243,-0.08680163667019956,8.982674959219995,0.12621531821313328,true,3.0287934084557965e-14,4.163336342344337e-17,1000,20,24,4.6186478771198966e-14,0.0,5.0009355010672645e-15,2.410477000684985e-13,0.004,,,,,
-2,3,3,0,schwarzschild-overtone-continuation,ell23-uniform-40,25,95,156,0.6089743589743589,0x1.37cb7cb7cb7cbp-1,0.7907997632254006,-0.08612880732149387,8.916728025762847,0.13204377510376336,true,1.063092896338575e-14,1.3877787807814457e-16,1000,20,24,4.6195493215143465e-14,0.0,0.0,3.5900568348027643e-14,0.004,,,,,
-2,3,3,0,schwarzschild-overtone-continuation,ell23-uniform-40,26,19,30,0.6333333333333333,0x1.4444444444444p-1,0.8037368433084657,-0.08538132720936853,8.847279338407864,0.13785035473024737,true,3.195610689305322e-14,3.554447978966673e-16,1000,20,24,3.197519408812099e-14,0.0,9.42055475210265e-16,1.514370658618886e-13,0.004,,,,,
-2,3,3,0,schwarzschild-overtone-continuation,ell23-uniform-40,27,171,260,0.6576923076923077,0x1.50bd0bd0bd0bdp-1,0.8174974621095603,-0.08454814500894049,8.773928628432607,0.143610655357442,true,5.0622274253637175e-14,4.875529749534861e-16,1000,20,24,4.440892098500626e-16,1.3232745389513375e-15,5.2645127851211946e-15,1.2119751059426973e-13,0.004,,,,,
-2,3,3,0,schwarzschild-overtone-continuation,ell23-uniform-40,28,133,195,0.6820512820512821,0x1.5d35d35d35d36p-1,0.8321895889921698,-0.08361576648694401,8.696199054100749,0.14929328498226244,true,8.308741780086428e-14,6.667118051786499e-16,1000,20,24,8.527468680459503e-14,0.0,0.0,6.070757973904772e-14,0.004,,,,,
-2,3,3,0,schwarzschild-overtone-continuation,ell23-uniform-40,29,551,780,0.7064102564102565,0x1.69ae9ae9ae9afp-1,0.847944292083963,-0.08256749778228549,8.613515570901349,0.15485746064611267,true,1.1051309666565182e-13,5.274015853390341e-16,1000,20,24,3.5566146649215975e-15,0.0,0.0,1.711305707505963e-13,0.004,,,,,
-2,3,3,0,schwarzschild-overtone-continuation,ell23-uniform-40,30,19,26,0.7307692307692307,0x1.7627627627627p-1,0.8649229716032742,-0.08138237438133074,8.525174864854236,0.16024955355685824,true,2.1938917150798804e-14,2.423651445728339e-16,1000,20,24,1.0690617621625288e-14,0.0,8.881784197001252e-16,2.0601144798503415e-14,0.004,,,,,
-2,3,3,0,schwarzschild-overtone-continuation,ell23-uniform-40,31,589,780,0.7551282051282051,0x1.82a02a02a02a0p-1,0.8833277213167229,-0.08003360541433456,8.43030247487195,0.16539798833310076,true,4.752584546195956e-14,4.673848563465896e-16,1000,20,24,1.7805499213370518e-14,0.0,0.0,2.508003641940748e-13,0.004,,,,,
-2,3,3,0,schwarzschild-overtone-continuation,ell23-uniform-40,32,152,195,0.7794871794871795,0x1.8f18f18f18f19p-1,0.9034166252040576,-0.0784862442492752,8.327789782028113,0.17020548277636857,true,4.197303828097829e-14,4.518280359883027e-16,1000,20,24,3.907988989231917e-14,8.252325904466732e-16,3.075863823189814e-15,5.4532749090877066e-14,0.004,,,,,
-2,3,3,0,schwarzschild-overtone-continuation,ell23-uniform-40,33,209,260,0.8038461538461539,0x1.9b91b91b91b92p-1,0.9255271653586772,-0.07669357234953107,8.21619804160124,0.17453681165012538,true,1.52371790423247e-14,1.249000902703301e-16,1000,20,24,4.2633865168361265e-14,0.0,0.0,1.3748775300415738e-13,0.004,,,,,
-2,3,3,0,schwarzschild-overtone-continuation,ell23-uniform-40,34,323,390,0.8282051282051283,0x1.a80a80a80a80bp-1,0.9501136353241136,-0.07459123478775724,8.09360574401457,0.1781986574736976,true,1.2506158499383801e-14,4.90457592513324e-16,1000,20,24,7.122969777763861e-15,0.0,1.5305885091534674e-15,1.0245018722773738e-13,0.004,,,,,
-2,3,3,0,schwarzschild-overtone-continuation,ell23-uniform-40,35,133,156,0.8525641025641025,0x1.b483483483483p-1,0.977810252565439,-0.07208720057035498,7.957352433001885,0.18090459752949006,true,1.0240758804519534e-13,9.71445146547012e-17,1000,20,24,8.88334531093441e-15,0.0,0.0,6.240028732109762e-14,0.004,,,,,
-2,3,3,0,schwarzschild-overtone-continuation,ell23-uniform-40,36,57,65,0.8769230769230769,0x1.c0fc0fc0fc0fcp-1,1.0095452045916948,-0.06904334794278148,7.803578224692339,0.18220993908382488,true,3.334446316242549e-14,4.3134309973611425e-16,1000,20,24,1.422396751169702e-14,7.153457808806092e-16,2.518311877800827e-15,6.110716341653656e-14,0.004,,,,,
-2,3,3,0,schwarzschild-overtone-continuation,ell23-uniform-40,37,703,780,0.9012820512820513,0x1.cd74d74d74d75p-1,1.0467664030837436,-0.06523845732404626,7.62631734716274,0.18137887785971255,true,1.7098332106101898e-13,4.577566798522237e-16,1000,20,24,1.0665222138308497e-14,3.6566061640417864e-15,3.767429615951785e-15,6.935509118580767e-14,0.004,,,,,
-2,3,3,0,schwarzschild-overtone-continuation,ell23-uniform-40,38,361,390,0.9256410256410257,0x1.d9ed9ed9ed9eep-1,1.0919491595841702,-0.06028370022288681,7.415471696666453,0.17707685952496466,true,7.19643789855505e-14,4.500261889206786e-16,1000,20,24,8.888027007547732e-15,0.0,0.0,7.274291058792477e-14,0.004,,,,,
-2,3,3,0,schwarzschild-overtone-continuation,ell23-uniform-40,39,19,20,0.95,0x1.e666666666666p-1,1.1499828843940358,-0.05338811774077165,7.151310873805905,0.1665049871670703,true,4.8324681048994793e-14,6.938893903907228e-18,1000,20,24,4.086842396680879e-14,0.0,2.0080276591266683e-15,1.0110932197276359e-13,0.004,,KerrQNMEFs-2/l3/s-2l3m3n0.dat,1131,2.017596014742662e-15,3.0724306447204586e-14
-2,3,3,0,schwarzschild-overtone-continuation,ell23-supplemental-high,40,97,100,0.97,0x1.f0a3d70a3d70ap-1,1.2154694321795199,-0.04490457246886849,6.861725673357514,0.14814928436378924,true,1.3370261515454733e-13,3.424925848472271e-16,1000,20,24,2.1317745695488088e-14,2.231358832747098e-15,3.759990624724689e-15,3.750659396536144e-13,0.004,,KerrQNMEFs-2/l3/s-2l3m3n0.dat,1331,2.4289796087831753e-15,1.392710510332737e-14
-2,3,3,0,schwarzschild-overtone-continuation,ell23-supplemental-high,41,49,50,0.98,0x1.f5c28f5c28f5cp-1,1.2602290432751875,-0.038688098811843215,6.668704588404903,0.13190888540461207,true,1.9905853003570774e-13,3.9094063251250767e-16,1000,20,24,8.882174501207515e-15,0.0,0.0,1.1230333950166075e-13,0.004,,KerrQNMEFs-2/l3/s-2l3m3n0.dat,1431,8.899114524108741e-16,1.3322676295501878e-14
-2,3,3,0,schwarzschild-overtone-continuation,ell23-supplemental-high,42,99,100,0.99,0x1.fae147ae147aep-1,1.3230831156288563,-0.02940266802966483,6.404022253055091,0.10434610414398032,true,1.978131520564009e-14,7.805638826957435e-16,1000,20,24,5.3308772155622094e-15,0.0,3.259714817153988e-15,1.2802158083612068e-13,0.004,,KerrQNMEFs-2/l3/s-2l3m3n0.dat,1531,1.6599228030242103e-15,5.564992910933597e-15
-2,3,3,0,schwarzschild-overtone-continuation,ell23-supplemental-high,43,199,200,0.995,0x1.fd70a3d70a3d7p-1,1.3709441509616622,-0.021910688161241622,6.207234557498175,0.07984289148828436,true,2.1373780178560468e-13,2.1479771700422405e-16,1000,20,24,1.2442425513123379e-14,0.0,1.8452761694870047e-15,2.8013883967125974e-13,0.004,,KerrQNMEFs-2/l3/s-2l3m3n0.dat,1581,1.3164345453566023e-15,1.0024960814037476e-14
-2,3,3,0,schwarzschild-overtone-continuation,ell23-supplemental-high,44,997,1000,0.997,0x1.fe76c8b439581p-1,1.398286298546871,-0.017472536866401985,6.096585379115853,0.06455282541382036,true,2.009419198471513e-13,4.446614354553279e-16,1000,20,24,2.4869011240201147e-14,1.2004286453759505e-15,2.6229018956769323e-15,4.693192078253369e-14,0.004,,KerrQNMEFs-2/l3/s-2l3m3n0.dat,1601,1.1796119636642288e-15,2.8806182687106834e-14
-2,3,3,0,schwarzschild-overtone-continuation,ell23-supplemental-high,45,999,1000,0.999,0x1.ff7ced916872bp-1,1.4397480746542428,-0.010529908101652432,5.931173534820553,0.03965794114172278,true,1.5759403926788636e-13,4.47545209131181e-16,1000,20,24,2.3094657108056668e-14,0.0,1.8127860323957634e-15,1.707010774289144e-13,0.004,,KerrQNMEFs-2/l3/s-2l3m3n0.dat,1711,1.402004328917627e-15,2.8932455156803506e-14
-2,3,3,1,schwarzschild-overtone-continuation,ell23-uniform-40,0,0,1,0.0,0x0.0p+0,0.5826438030332979,-0.2812981134350457,10.0,0.0,true,6.419048000440291e-14,4.454424009010536e-16,1000,20,24,0.0,0.0,1.7667900989825679e-15,4.297581406266429e-14,0.004,0.18934181111698598,KerrQNMEFs-2/l3/s-2l3m3n1.dat,1,2.277987190955421e-15,0.0
-2,3,3,1,schwarzschild-overtone-continuation,ell23-uniform-40,1,19,780,0.02435897435897436,0x1.8f18f18f18f19p-6,0.587929264405554,-0.2810730832286967,9.971278133859215,0.013791552179436544,true,6.146586117780935e-14,7.09024586127786e-16,1000,20,24,7.105468862094198e-15,0.0,1.4130832128153975e-15,7.653939049533605e-14,0.004,0.18914307986521217,,,,
-2,3,3,1,schwarzschild-overtone-continuation,ell23-uniform-40,2,19,390,0.04871794871794872,0x1.8f18f18f18f19p-5,0.5933524175070611,-0.2808206021142844,9.941861559339374,0.027759073141052686,true,9.457015014113553e-14,9.020562075079397e-17,1000,20,24,3.552822097363439e-15,0.0,2.673771110915334e-15,3.422844773211752e-13,0.004,0.18892592049732695,,,,
-2,3,3,1,schwarzschild-overtone-continuation,ell23-uniform-40,3,19,260,0.07307692307692308,0x1.2b52b52b52b53p-4,0.5989199933707622,-0.28053888685399037,9.911716468491205,0.04190458337522929,true,3.0080578579190727e-13,3.5388358909926865e-16,1000,20,24,4.26328374540276e-14,0.0,0.0,4.0906860001716964e-13,0.004,0.1886891510458227,,,,
-2,3,3,1,schwarzschild-overtone-continuation,ell23-uniform-40,4,19,195,0.09743589743589744,0x1.8f18f18f18f19p-4,0.6046392279072075,-0.2802259985679456,9.88080659401539,0.056229978852083404,true,9.077252973798553e-14,4.440892098500626e-16,1000,20,24,3.552822097363439e-15,0.0,9.415974202165982e-15,3.9527532145199605e-13,0.004,0.18843148620200784,,,,
-2,3,3,1,schwarzschild-overtone-continuation,ell23-uniform-40,5,19,156,0.12179487179487179,0x1.f2df2df2df2dfp-4,0.6105179141316407,-0.27987982508394715,9.849092963364441,0.0707370001733467,true,1.073263571450984e-13,6.335327934766281e-16,1000,20,24,7.109817020454388e-15,0.0,0.0,7.017487801662887e-14,0.004,0.1881515255887543,,,,
-2,3,3,1,schwarzschild-overtone-continuation,ell23-uniform-40,6,19,130,0.14615384615384616,0x1.2b52b52b52b53p-3,0.6165644613599247,-0.27949806077187883,9.816533620885691,0.08542719598844714,true,5.3854400208818836e-14,7.747050528553898e-16,1000,20,24,1.7763915335309635e-14,0.0,0.0,1.2433090191929323e-13,0.004,0.18784774036290935,,,,
-2,3,3,1,schwarzschild-overtone-continuation,ell23-uniform-40,7,133,780,0.17051282051282052,0x1.5d35d35d35d36p-3,0.622787962525244,-0.2790781834241181,9.783083312829817,0.10030187953308856,true,3.2874601748960947e-14,8.142194023153073e-16,1000,20,24,2.1316571191421636e-14,0.0,0.0,6.984070583984544e-14,0.004,0.1875184578561032,,,,
-2,3,3,1,schwarzschild-overtone-continuation,ell23-uniform-40,8,38,195,0.19487179487179487,0x1.8f18f18f18f19p-3,0.6291982709973659,-0.27861742765220915,9.748693129035855,0.11536207689110331,true,5.5068852674591605e-14,4.652682298944613e-16,1000,20,24,1.0658285595710818e-14,0.0,2.494915946531976e-15,9.140581525494995e-14,0.004,0.1871618439021919,,,,
-2,3,3,1,schwarzschild-overtone-continuation,ell23-uniform-40,9,57,260,0.21923076923076923,0x1.c0fc0fc0fc0fcp-3,0.6358060885693577,-0.27811275415641235,9.71331009385421,0.13060846525639203,true,2.670449884045373e-14,3.469446951953614e-17,1000,20,24,4.2640694886565705e-14,0.0,0.0,2.6749104478576947e-13,0.004,0.18677588242427337,,,,
-2,3,3,1,schwarzschild-overtone-continuation,ell23-uniform-40,10,19,78,0.24358974358974358,0x1.f2df2df2df2dfp-3,0.6426230666290697,-0.2775608140828085,9.67687669732042,0.1460412990619981,true,2.405672690622109e-13,1.5265566588595902e-16,1000,20,24,1.4211830463658726e-14,0.0,0.0,3.13000757162198e-13,0.004,0.1863583517598088,,,,
-2,3,3,1,schwarzschild-overtone-continuation,ell23-uniform-40,11,209,780,0.26794871794871794,0x1.1261261261261p-2,0.6496619229726822,-0.2769579075036937,9.639330355660533,0.16166032132173447,true,2.1887652027660055e-13,4.3021142204224816e-16,1000,20,24,2.4869057705936192e-14,0.0,0.0,2.3034192839902403e-13,0.004,0.18590679708360364,,,,
-2,3,3,1,schwarzschild-overtone-continuation,ell23-uniform-40,12,19,65,0.2923076923076923,0x1.2b52b52b52b53p-2,0.6569365772717831,-0.2762999348301879,9.600602787785887,0.1774646568614529,true,1.488528803187958e-13,2.1510571102112408e-16,1000,20,24,7.105644194726877e-15,2.9650438462422195e-15,5.714414002596807e-15,3.0035675858032807e-13,0.004,0.18541849813786446,,,,
-2,3,3,1,schwarzschild-overtone-continuation,ell23-uniform-40,13,19,60,0.31666666666666665,0x1.4444444444444p-2,0.6644623089073975,-0.27558233967647183,9.560619291369157,0.19345268325472081,true,9.330973751292458e-14,5.765966151911114e-16,1000,20,24,4.996003610813204e-16,0.0,4.930190325141863e-15,1.0786729451211747e-13,0.004,0.18489043128618765,,,,
-2,3,3,1,schwarzschild-overtone-continuation,ell23-uniform-40,14,133,390,0.34102564102564104,0x1.5d35d35d35d36p-2,0.6722559417807374,-0.2748000413220514,9.519297898191084,0.2096218741564787,true,1.3766783412163274e-13,5.593023969348752e-16,1000,20,24,3.909723326114827e-14,3.0531133177191805e-15,5.881301029635769e-15,4.0314404038998957e-13,0.004,0.18431922466055287,,,,
-2,3,3,1,schwarzschild-overtone-continuation,ell23-uniform-40,15,19,52,0.36538461538461536,0x1.7627627627627p-2,0.6803360618639894,-0.27394735443544105,9.476548383436658,0.22596860825951337,true,1.4528166567083884e-13,4.644914445067638e-16,1000,20,24,1.0658285595710818e-14,0.0,0.0,6.089854128524165e-14,0.004,0.18370110484959284,,,,
-2,3,3,1,schwarzschild-overtone-continuation,ell23-uniform-40,16,76,195,0.38974358974358975,0x1.8f18f18f18f19p-2,0.688723274751637,-0.27301789308972485,9.43227109713516,0.24248793515710443,true,3.1642252158590474e-13,4.718447854656915e-16,1000,20,24,3.705967028916239e-15,8.165990349887982e-15,1.1635645786055717e-14,2.374382670669392e-13,0.004,0.18303183315582372,,,,
-2,3,3,1,schwarzschild-overtone-continuation,ell23-uniform-40,17,323,780,0.41410256410256413,0x1.a80a80a80a80bp-2,0.6974405124335643,-0.2720044552652729,9.386355577462073,0.2591732868061167,true,3.2281345321980565e-14,1.942890293094024e-16,1000,20,24,7.136584070361083e-15,0.0,0.0,2.5547532089934795e-13,0.004,0.18230662889446148,,,,
-2,3,3,1,schwarzschild-overtone-continuation,ell23-uniform-40,18,57,130,0.43846153846153846,0x1.c0fc0fc0fc0fcp-2,0.7065134011051529,-0.27089888292107606,9.338678894447659,0.2760161197982859,true,5.1262977776534746e-14,3.3887102699122705e-16,1000,20,24,7.108895957933346e-14,1.217454592664719e-15,2.2541902238434278e-15,4.0644481005224033e-13,0.004,0.18152007646623958,,,,
-2,3,3,1,schwarzschild-overtone-continuation,ell23-uniform-40,19,361,780,0.46282051282051284,0x1.d9ed9ed9ed9eep-2,0.7159707052953924,-0.2696918912139552,9.289103657735192,0.293005468900934,true,7.886335448463395e-14,1.1188630228279524e-16,1000,20,24,2.1330444276616993e-14,1.9333506759164896e-15,8.427645867090657e-15,1.0620349583067688e-13,0.004,0.1806660119378075,,,,
-2,3,3,1,schwarzschild-overtone-continuation,ell23-uniform-40,20,19,39,0.48717948717948717,0x1.f2df2df2df2dfp-2,0.7258448682809657,-0.2683728583979737,9.237475601946452,0.3101273857955928,true,7.638463504030708e-14,3.469446951953614e-17,1000,20,24,3.834691684006085e-15,0.0,2.2315206618374916e-15,1.228195730876914e-13,0.004,0.17973738350219268,,,,
-2,3,3,1,schwarzschild-overtone-continuation,ell23-uniform-40,21,133,260,0.5115384615384615,0x1.05e85e85e85e8p-1,0.7361726751670579,-0.26692956510898375,9.183620635796274,0.3273642278362556,true,1.432729801113324e-13,2.396682302503803e-16,1000,20,24,4.263314238284327e-14,3.4989643425563487e-15,5.855045090355223e-15,2.1612001886094957e-13,0.004,0.17872607831141396,,,,
-2,3,3,1,schwarzschild-overtone-continuation,ell23-uniform-40,22,209,390,0.5358974358974359,0x1.1261261261261p-1,0.7469960739118038,-0.26534786778411784,9.127341203183082,0.34469374878672504,true,1.8823149553760347e-13,5.635475559608569e-16,1000,20,24,7.106294666405892e-15,0.0,0.0,7.589671688373882e-14,0.004,0.17762270554171922,,,,
-2,3,3,1,schwarzschild-overtone-continuation,ell23-uniform-40,23,437,780,0.5602564102564103,0x1.1ed9ed9ed9edap-1,0.7583632020905655,-0.26361128534824174,9.06841175126947,0.36208792505828225,true,3.376246448416291e-14,6.938893903907228e-18,1000,20,24,3.834691684006085e-15,0.0,0.0,8.638904963969657e-14,0.004,0.17641632181391992,,,,
-2,3,3,1,schwarzschild-overtone-continuation,ell23-uniform-40,24,38,65,0.5846153846153846,0x1.2b52b52b52b53p-1,0.7703296851018415,-0.2617004701936924,9.00657302469541,0.3795114241149218,true,1.4148702437024952e-13,6.938893903907228e-18,1000,20,24,7.209614281158059e-15,3.5007252708724317e-15,3.84752750796379e-15,2.5321974923370583e-13,0.004,0.17509407969564406,,,,
-2,3,3,1,schwarzschild-overtone-continuation,ell23-uniform-40,25,95,156,0.6089743589743589,0x1.37cb7cb7cb7cbp-1,0.782960297577925,-0.2595925225717483,8.94152479496364,0.39691958190216914,true,1.936249325903784e-14,1.5218182408308987e-16,1000,20,24,1.7805499213370518e-14,0.0,6.026220625845499e-15,1.6292688378744328e-13,0.004,0.17364077208437917,,,,
-2,3,3,1,schwarzschild-overtone-continuation,ell23-uniform-40,26,19,30,0.6333333333333333,0x1.4444444444444p-1,0.7963311184459041,-0.257260089678482,8.872916471134328,0.41425569597797673,true,1.9205253890469642e-14,0.0,1000,20,24,5.3324117046799574e-14,0.0,2.5989654674417885e-15,1.957654090251931e-13,0.004,0.17203823339203964,,,,
-2,3,3,1,schwarzschild-overtone-continuation,ell23-uniform-40,27,171,260,0.6576923076923077,0x1.50bd0bd0bd0bdp-1,0.8105323687588356,-0.25467016341208937,8.80033479166859,0.4314473480640566,true,6.661338147750939e-14,3.469446951953614e-17,1000,20,24,1.0672587275020413e-14,0.0,4.126162952233366e-15,7.28661624239715e-14,0.004,0.17026454026292626,,,,
-2,3,3,1,schwarzschild-overtone-continuation,ell23-uniform-40,28,133,195,0.6820512820512821,0x1.5d35d35d35d36p-1,0.8256722126095865,-0.25178244794636273,8.723287415752987,0.4484013226083994,true,1.0815031181424545e-13,1.1188630228279524e-16,1000,20,24,1.7763915335309635e-14,0.0,0.0,1.2420235225390645e-13,0.004,0.1682929260188492,,,,
-2,3,3,1,schwarzschild-overtone-continuation,ell23-uniform-40,29,551,780,0.7064102564102565,0x1.69ae9ae9ae9afp-1,0.8418819471211805,-0.24854709920511878,8.641180625113138,0.46499644863046974,true,1.7914448776055684e-13,2.482534153247273e-16,1000,20,24,5.3300071865606454e-14,0.0,4.096651502799618e-15,8.188600426433445e-15,0.004,0.1660902770029913,,,,
-2,3,3,1,schwarzschild-overtone-continuation,ell23-uniform-40,30,19,26,0.7307692307692307,0x1.7627627627627p-1,0.8593232476290266,-0.24490152344149108,8.553288349954373,0.48107329053220327,true,2.2575202474685027e-13,5.23691153334427e-16,1000,20,24,1.4238583238573986e-14,5.8621457832171254e-15,7.642063154778347e-15,1.8349864087890492e-13,0.004,0.16361500242320906,,,,
-2,3,3,1,schwarzschild-overtone-continuation,ell23-uniform-40,31,589,780,0.7551282051282051,0x1.82a02a02a02a0p-1,0.8781985444388477,-0.24076572404224825,8.45870803511249,0.4964189151499204,true,7.010001279492029e-14,5.558049685633556e-16,1000,20,24,3.756755865433588e-15,0.0,0.0,2.940241388821293e-13,0.004,0.16081393725066945,,,,
-2,3,3,1,schwarzschild-overtone-continuation,ell23-uniform-40,32,152,195,0.7794871794871795,0x1.8f18f18f18f19p-1,0.8987663384290493,-0.23603532959603693,8.356295850518656,0.5107436962038253,true,1.4281611407242687e-13,5.635475559608569e-16,1000,20,24,7.147801729532276e-15,0.0,3.457769959779852e-15,1.1545294589363857e-13,0.004,0.15761770034070105,,,,
-2,3,3,1,schwarzschild-overtone-continuation,ell23-uniform-40,33,209,260,0.8038461538461539,0x1.9b91b91b91b92p-1,0.9213646304959163,-0.2305707639612402,8.244568137555428,0.5236447069291327,true,1.1529226449755442e-13,2.2887833992611187e-16,1000,20,24,7.588599744428075e-15,0.0,0.0,5.192616463831522e-14,0.004,0.1539334817211329,,,,
-2,3,3,1,schwarzschild-overtone-continuation,ell23-uniform-40,34,323,390,0.8282051282051283,0x1.a80a80a80a80bp-1,0.9464483546344555,-0.22417967289568314,8.121544892480024,0.5345453860980092,true,1.1306846176205822e-13,3.6638411145107034e-16,1000,20,24,4.440892098500626e-15,0.0,7.264329320467945e-15,2.0564015877377615e-13,0.004,0.1496333355175335,,,,
-2,3,3,1,schwarzschild-overtone-continuation,ell23-uniform-40,35,133,156,0.8525641025641025,0x1.b483483483483p-1,0.9746524950951257,-0.21658682563333487,7.984487544160178,0.5425906118613203,true,4.560781591163247e-13,1.2118257228641695e-16,1000,20,24,2.3210034825575823e-14,1.1733224361304553e-14,1.6188354711851563e-14,3.8964317424551436e-13,0.004,0.14453412425992376,,,,
-2,3,3,1,schwarzschild-overtone-continuation,ell23-uniform-40,36,57,65,0.8769230769230769,0x1.c0fc0fc0fc0fcp-1,1.0069060856633787,-0.2073788914886743,7.82942859800704,0.5464512872988619,true,8.41197457416453e-14,2.9893669801409083e-16,1000,20,24,2.1365087578457337e-14,0.0,0.0,2.0495871730224915e-13,0.004,0.13836071536695455,,,,
-2,3,3,1,schwarzschild-overtone-continuation,ell23-uniform-40,37,703,780,0.9012820512820513,0x1.cd74d74d74d75p-1,1.0446577656872582,-0.19589344588005875,7.650247961210046,0.5439257973359323,true,1.0944276521648111e-13,2.220446049250313e-16,1000,20,24,4.1317602818954125e-15,0.0,0.0,1.7297830538837226e-13,0.004,0.13067200306967675,,,,
-2,3,3,1,schwarzschild-overtone-continuation,ell23-uniform-40,38,361,390,0.9256410256410257,0x1.d9ed9ed9ed9eep-1,1.0903828198893997,-0.18096551219495294,7.4366136355451475,0.5310168725494172,true,7.549516567451064e-15,7.747050528553898e-16,1000,20,24,3.3306690738754696e-16,1.1866928732135989e-15,6.52887603444374e-15,5.88049409645387e-14,0.004,0.12069197637333037,,,,
-2,3,3,1,schwarzschild-overtone-continuation,ell23-uniform-40,39,19,20,0.95,0x1.e666666666666p-1,1.1489678767919707,-0.16022431930248504,7.16840955673918,0.49933434595481696,true,9.326824978039635e-14,2.706168622523819e-16,1000,20,24,1.443844936813841e-14,0.0,3.4367634720675847e-15,1.0445163251205268e-13,0.004,0.10684102304156068,KerrQNMEFs-2/l3/s-2l3m3n1.dat,951,4.609849347469911e-15,2.654390945898353e-14
-2,3,3,1,schwarzschild-overtone-continuation,ell23-supplemental-high,40,97,100,0.97,0x1.f0a3d70a3d70ap-1,1.214905660453833,-0.1347386272102513,6.8740698926306685,0.4443257892444821,true,3.0053948493022833e-13,3.091508911360544e-16,1000,20,24,1.2434993501203062e-14,0.0,0.0,3.373050498445952e-13,0.004,0.08983582375554,KerrQNMEFs-2/l3/s-2l3m3n1.dat,971,1.5151595604785607e-15,4.8013134726174106e-15
-2,3,3,1,schwarzschild-overtone-continuation,ell23-supplemental-high,41,49,50,0.98,0x1.f5c28f5c28f5cp-1,1.259883602012992,-0.11607649949695156,6.677927248094829,0.39564552831967603,true,1.878686322293309e-13,5.489296647672956e-16,1000,20,24,1.244688259020789e-14,3.424890702824027e-15,5.060371244638789e-15,4.559991824132227e-13,0.004,0.07738917166028143,KerrQNMEFs-2/l3/s-2l3m3n1.dat,1071,1.2738115944464654e-15,5.773159728050814e-15
-2,3,3,1,schwarzschild-overtone-continuation,ell23-supplemental-high,42,99,100,0.99,0x1.fae147ae147aep-1,1.322940424515736,-0.0882119625634092,6.409349577153093,0.31300414403853005,true,2.490196338396097e-13,1.1857187100668868e-16,1000,20,24,3.568292035180542e-15,3.671402796585712e-15,6.583880545491908e-15,1.96205025865255e-14,0.004,0.058809467641787565,KerrQNMEFs-2/l3/s-2l3m3n1.dat,1171,6.571114208880885e-15,2.1055636507458248e-14
-2,3,3,1,schwarzschild-overtone-continuation,ell23-supplemental-high,43,199,200,0.995,0x1.fd70a3d70a3d7p-1,1.370888349717582,-0.06573352401313617,6.210173873403047,0.23951604648143454,true,4.4096962836115984e-14,2.4748248725324424e-16,1000,20,24,2.135787485786098e-14,0.0,5.851112995355836e-15,6.046305171071617e-13,0.004,0.043822871378778175,KerrQNMEFs-2/l3/s-2l3m3n1.dat,1221,2.089609621416101e-15,1.4362940508931113e-14
-2,3,3,1,schwarzschild-overtone-continuation,ell23-supplemental-high,44,997,1000,0.997,0x1.fe76c8b439581p-1,1.3982590584758388,-0.05241824151817186,6.098443965291696,0.19365231085577025,true,9.92925899838461e-13,6.67226156342257e-16,1000,20,24,2.1342359254383776e-14,0.0,0.0,2.814545656854679e-13,0.004,0.03494571526854472,KerrQNMEFs-2/l3/s-2l3m3n1.dat,1241,4.815432392155117e-15,1.551136925266137e-14
-2,3,3,1,schwarzschild-overtone-continuation,ell23-supplemental-high,45,999,1000,0.999,0x1.ff7ced916872bp-1,1.4397424152537228,-0.03158978894350229,5.931841797447688,0.1189724043630283,true,2.4364314136274686e-13,2.996606141238032e-16,1000,20,24,4.085805512203562e-14,0.0,2.756060177257249e-15,4.1792192428322023e-13,0.004,0.02105988160227234,KerrQNMEFs-2/l3/s-2l3m3n1.dat,1351,2.8359964810901188e-15,1.1747168254658502e-14
-2,3,3,2,schwarzschild-overtone-continuation,ell23-uniform-40,0,0,1,0.0,0x0.0p+0,0.5516849007784638,-0.47909275096695964,10.0,0.0,true,8.358042084545399e-13,6.280369834735101e-16,1000,20,24,0.0,1.1762602059271538e-14,1.2123818431320796e-14,2.569968468476398e-13,0.004,0.20020282781520743,KerrQNMEFs-2/l3/s-2l3m3n2.dat,1,1.2705264429312778e-14,0.0
-2,3,3,2,schwarzschild-overtone-continuation,ell23-uniform-40,1,19,780,0.02435897435897436,0x1.8f18f18f18f19p-6,0.5575127048954733,-0.47848125862331237,9.972814985469961,0.023469153040306702,true,1.4981018908451382e-13,7.782704976483342e-16,1000,20,24,6.394893092164765e-14,0.0,0.0,2.0650530266718036e-13,0.004,0.19973771502913923,,,,
-2,3,3,2,schwarzschild-overtone-continuation,ell23-uniform-40,2,19,390,0.04871794871794872,0x1.8f18f18f18f19p-5,0.563485821012348,-0.4778225135061703,9.944991597972905,0.04719810727966964,true,1.5616288299081302e-13,3.6088919696935627e-16,1000,20,24,1.0658150071415777e-14,0.0,0.0,2.9072753858192604e-13,0.004,0.19925302175433743,,,,
-2,3,3,2,schwarzschild-overtone-continuation,ell23-uniform-40,3,19,260,0.07307692307692308,0x1.2b52b52b52b53p-4,0.5696111427806044,-0.4771135057169185,9.916494632029082,0.07119023825673088,true,1.5295053893188938e-13,1.1188630228279524e-16,1000,20,24,2.131808899983951e-14,0.0,0.0,1.290887205060483e-13,0.004,0.19874755219630166,,,,
-2,3,3,2,schwarzschild-overtone-continuation,ell23-uniform-40,4,19,195,0.09743589743589744,0x1.8f18f18f18f19p-4,0.5758960724702169,-0.47635096382438213,9.887286266220027,0.09544873303220172,true,9.418461062833078e-14,4.295954340084481e-16,1000,20,24,4.9738487136016406e-14,0.0,0.0,1.7110579180931812e-13,0.004,0.19822000651123345,,,,
-2,3,3,2,schwarzschild-overtone-continuation,ell23-uniform-40,5,19,156,0.12179487179487179,0x1.f2df2df2df2dfp-4,0.5823485733008877,-0.47553132550091887,9.85732580070845,0.11997654013939177,true,4.7482254233783506e-14,1.3472894910096233e-16,1000,20,24,7.105566134123854e-14,0.0,0.0,8.363156103359422e-14,0.004,0.19766896918396526,,,,
-2,3,3,2,schwarzschild-overtone-continuation,ell23-uniform-40,6,19,130,0.14615384615384616,0x1.2b52b52b52b53p-3,0.5889772287353582,-0.47465070400286746,9.826569360625458,0.14477631013071784,true,1.7558099036067983e-13,8.989550626504553e-16,1000,20,24,7.183280244430314e-15,0.0,1.025259555530695e-14,2.854979037260362e-14,0.004,0.19709289577233238,,,,
-2,3,3,2,schwarzschild-overtone-continuation,ell23-uniform-40,7,133,780,0.17051282051282052,0x1.5d35d35d35d36p-3,0.5957913098869149,-0.47370484977339694,9.794969559810959,0.169850324846135,true,5.687116766346677e-14,8.539351410930558e-16,1000,20,24,3.197447129593142e-14,1.336885555457667e-15,3.7751664318895325e-15,3.2910576155218696e-13,0.004,0.19649009773499557,,,,
-2,3,3,2,schwarzschild-overtone-continuation,ell23-uniform-40,8,38,195,0.19487179487179487,0x1.8f18f18f18f19p-3,0.6028008524225801,-0.47268910629609334,9.762475118314736,0.1952004131067368,true,7.047739133739345e-13,2.2729511820139823e-16,1000,20,24,4.6187979910777743e-14,0.0,1.1469737655990558e-14,8.616704033411014e-14,0.004,0.19585872500112805,,,,
-2,3,3,2,schwarzschild-overtone-continuation,ell23-uniform-40,9,57,260,0.21923076923076923,0x1.c0fc0fc0fc0fcp-3,0.6100167446276424,-0.4715983591413369,9.729030425736953,0.22082785000532634,true,7.153145494458916e-14,1.2738115944464653e-16,1000,20,24,7.127078414416858e-15,1.1957467920563633e-15,2.7336071744532854e-15,1.1891727293466734e-13,0.004,0.19519674586766644,,,,
-2,3,3,2,schwarzschild-overtone-continuation,ell23-uniform-40,10,19,78,0.24358974358974358,0x1.f2df2df2df2dfp-3,0.6174508286505108,-0.4704269769142328,9.694575040841455,0.24673323629362387,true,2.8435583831733384e-14,4.47545209131181e-16,1000,20,24,7.106294666405892e-15,0.0,2.1649348980190553e-15,1.6669620687469208e-13,0.004,0.1945019237184215,,,,
-2,3,3,2,schwarzschild-overtone-continuation,ell23-uniform-40,11,209,780,0.26794871794871794,0x1.1261261261261p-2,0.6251160173878916,-0.46916874251936597,9.659043115821534,0.27291635351043464,true,8.379058453350832e-15,4.4256872386577647e-16,1000,20,24,1.0660453750117863e-14,0.0,2.4732071290884353e-15,1.1724291566434251e-14,0.004,0.19377178994476837,,,,
-2,3,3,2,schwarzschild-overtone-continuation,ell23-uniform-40,12,19,65,0.2923076923076923,0x1.2b52b52b52b53p-2,0.6330264300267934,-0.46781677278513534,9.622362731023797,0.2993759893993634,true,2.613796065049179e-13,4.779784928769661e-16,1000,20,24,3.552783067061927e-14,0.0,0.0,1.0624039642199306e-13,0.004,0.19300361230178747,,,,
-2,3,3,2,schwarzschild-overtone-continuation,ell23-uniform-40,13,19,60,0.31666666666666665,0x1.4444444444444p-2,0.6411975499641637,-0.46636342401489844,9.584455122678929,0.32610972675096545,true,4.528839093602941e-14,3.608224830031759e-16,1000,20,24,1.0660453750117863e-14,0.0,0.0,8.081081480003677e-14,0.004,0.19219435774765248,,,,
-2,3,3,2,schwarzschild-overtone-continuation,ell23-uniform-40,14,133,390,0.34102564102564104,0x1.5d35d35d35d36p-2,0.6496464097255169,-0.46480018042000004,9.545233782042988,0.3531136869667092,true,1.0025012684538455e-13,5.530694562324905e-16,1000,20,24,6.750192510116389e-14,0.0,0.0,3.015378815537201e-13,0.004,0.19134064857472363,,,,
-2,3,3,2,schwarzschild-overtone-continuation,ell23-uniform-40,15,19,52,0.36538461538461536,0x1.7627627627627p-2,0.6583918086628672,-0.4631175215954523,9.504603399035048,0.38038221723426435,true,3.0769966825563175e-13,5.23691153334427e-16,1000,20,24,3.5556441528666336e-14,0.0,0.0,2.0230201126747626e-13,0.004,0.19043871032933812,,,,
-2,3,3,2,schwarzschild-overtone-continuation,ell23-uniform-40,16,76,195,0.38974358974358975,0x1.8f18f18f18f19p-2,0.6674545707174369,-0.46130476415937005,9.462458616567885,0.40790750702136125,true,1.3343384364859703e-13,6.329625397139666e-16,1000,20,24,2.1365087578457337e-14,0.0,0.0,7.478652163335966e-14,0.004,0.18948430961029886,,,,
-2,3,3,2,schwarzschild-overtone-continuation,ell23-uniform-40,17,323,780,0.41410256410256413,0x1.a80a80a80a80bp-2,0.6768578515046001,-0.4593498713036456,9.418682552779257,0.43567911535065285,true,2.8323458342841303e-13,5.23691153334427e-16,1000,20,24,2.842517866562357e-14,0.0,0.0,3.3039468702754153e-13,0.004,0.18847267929731262,,,,
-2,3,3,2,schwarzschild-overtone-continuation,ell23-uniform-40,18,57,130,0.43846153846153846,0x1.c0fc0fc0fc0fcp-2,0.6866275065878767,-0.4572392221702781,9.373145036508552,0.46368338459963643,true,2.6001034513542094e-14,7.632783294297951e-17,1000,20,24,7.32410687763558e-15,0.0,0.0,1.676813171410175e-13,0.004,0.18739842804105897,,,,
-2,3,3,2,schwarzschild-overtone-continuation,ell23-uniform-40,19,361,780,0.46282051282051284,0x1.d9ed9ed9ed9eep-2,0.6967925362976628,-0.45495733049537623,9.325700485559617,0.4919027087837917,true,3.188598410153142e-13,4.3021142204224816e-16,1000,20,24,2.1351237002952224e-14,0.0,0.0,4.2311705015915223e-13,0.004,0.1862554298758653,,,,
-2,3,3,2,schwarzschild-overtone-continuation,ell23-uniform-40,20,19,39,0.48717948717948717,0x1.f2df2df2df2dfp-2,0.7073856271677897,-0.4524864985889114,9.276185335986916,0.5203146135567388,true,2.9856537356159425e-14,3.1401849173675503e-16,1000,20,24,4.627539552536545e-14,0.0,0.0,1.069584505839613e-13,0.004,0.18503668848861413,,,,
-2,3,3,2,schwarzschild-overtone-continuation,ell23-uniform-40,21,133,260,0.5115384615384615,0x1.05e85e85e85e8p-1,0.7184438165216069,-0.44980638805658185,9.224414901580941,0.5488905902051248,true,3.7057701259980493e-13,6.473657049138938e-16,1000,20,24,1.0715809139595271e-14,7.520890379115718e-15,1.1993620686611065e-14,3.200426184990159e-13,0.004,0.18373416884259042,,,,
-2,3,3,2,schwarzschild-overtone-continuation,ell23-uniform-40,22,209,390,0.5358974358974359,0x1.1261261261261p-1,0.7300093156976559,-0.44689348214061336,9.170179502545995,0.5775946047725408,true,1.4756062722118786e-13,6.043214920093688e-16,1000,20,24,5.68785361636351e-14,0.0,0.0,1.4356930936840163e-13,0.004,0.18233858628031346,,,,
-2,3,3,2,schwarzschild-overtone-continuation,ell23-uniform-40,23,437,780,0.5602564102564103,0x1.1ed9ed9ed9edap-1,0.7421305400147744,-0.44372040527455603,9.113239646007653,0.6063811731123392,true,9.795791624424727e-14,3.775166431889533e-16,1000,20,24,2.8464178426024444e-14,0.0,7.795513010265399e-15,1.3011302302345487e-13,0.004,0.18083913956524536,,,,
-2,3,3,2,schwarzschild-overtone-continuation,ell23-uniform-40,24,38,65,0.5846153846153846,0x1.2b52b52b52b53p-1,0.7548634116091764,-0.44025505203796494,9.053319960674497,0.6351928484390322,true,9.711754835274995e-15,2.983724378680108e-16,1000,20,24,8.894015983182328e-14,0.0,0.0,1.3140707777224907e-13,0.004,0.1792231690193345,,,,
-2,3,3,2,schwarzschild-overtone-continuation,ell23-uniform-40,25,95,156,0.6089743589743589,0x1.37cb7cb7cb7cbp-1,0.7682730275178689,-0.4364594579772375,8.99010147152871,0.6639569022990016,true,1.1272192290855143e-13,4.002966042486721e-16,1000,20,24,7.119291619286993e-15,2.5517021683543648e-15,7.110846302088116e-15,3.172339855147407e-13,0.004,0.17747571310336102,,,,
-2,3,3,2,schwarzschild-overtone-continuation,ell23-uniform-40,26,19,30,0.6333333333333333,0x1.4444444444444p-1,0.7824358243206821,-0.4322883151852354,8.923211628282735,0.692580880511669,true,1.3518122232560534e-13,4.910462595695867e-16,1000,20,24,3.198136125035359e-14,0.0,0.0,1.6378164189290352e-13,0.004,0.17557892505329148,,,,
-2,3,3,2,schwarzschild-overtone-continuation,ell23-uniform-40,27,171,260,0.6576923076923077,0x1.50bd0bd0bd0bdp-1,0.7974424296856385,-0.42768699020297524,8.852211241385971,0.7209465619039477,true,1.9923242181498683e-13,4.594889227755668e-16,1000,20,24,1.7763568394002505e-15,4.727582026641631e-15,9.619939965703525e-15,1.1025314010846528e-13,0.004,0.1735112931705813,,,,
-2,3,3,2,schwarzschild-overtone-continuation,ell23-uniform-40,28,133,195,0.6820512820512821,0x1.5d35d35d35d36p-1,0.8134014828508807,-0.42258883061582936,8.776577077266294,0.7489016039733676,true,6.987352464431302e-14,4.710277376051325e-16,1000,20,24,1.4419228562316118e-14,0.0,5.885229317525363e-15,9.588034137819722e-14,0.004,0.17124658002260792,,,,
-2,3,3,2,schwarzschild-overtone-continuation,ell23-uniform-40,29,551,780,0.7064102564102565,0x1.69ae9ae9ae9afp-1,0.830444852426634,-0.4169114318012679,8.695678225473523,0.776247762583895,true,1.7769118642034836e-14,4.441434166503682e-16,1000,20,24,3.2012179239918526e-14,0.0,0.0,3.285326832894645e-13,0.004,0.16875234998541128,,,,
-2,3,3,2,schwarzschild-overtone-continuation,ell23-uniform-40,30,19,26,0.7307692307692307,0x1.7627627627627p-1,0.8487349208766074,-0.41055134392346343,8.608743303099082,0.8027239054738338,true,4.606556018376985e-14,5.200468367758596e-16,1000,20,24,4.440892098500626e-15,0.0,0.0,3.6437106968697147e-13,0.004,0.16598787813911492,,,,
-2,3,3,2,schwarzschild-overtone-continuation,ell23-uniform-40,31,589,780,0.7551282051282051,0x1.82a02a02a02a0p-1,0.8684750162772711,-0.40337636901734775,8.514813783577038,0.827980876972721,true,1.4140528483710675e-13,3.888257972851056e-16,1000,20,24,1.7813458370713757e-14,3.233018248352212e-15,4.557326905135504e-15,6.252832847199451e-14,0.004,0.16290110146689257,,,,
-2,3,3,2,schwarzschild-overtone-continuation,ell23-uniform-40,32,152,195,0.7794871794871795,0x1.8f18f18f18f19p-1,0.8899248035955273,-0.3952140039236582,8.412675590545323,0.8515431610610056,true,1.1878452494331625e-13,4.996485455209446e-16,1000,20,24,3.2012179239918526e-14,0.0,0.0,8.833357475369902e-14,0.004,0.15942403551193682,,,,
-2,3,3,2,schwarzschild-overtone-continuation,ell23-uniform-40,33,209,260,0.8038461538461539,0x1.9b91b91b91b92p-1,0.9134238149525348,-0.3858334627034227,8.30075525300322,0.8727482676809399,true,8.659284103984591e-14,1.0408340855860843e-16,1000,20,24,2.1316282072803006e-14,0.0,0.0,4.72991493285745e-14,0.004,0.15546563019587234,,,,
-2,3,3,2,schwarzschild-overtone-continuation,ell23-uniform-40,34,323,390,0.8282051282051283,0x1.a80a80a80a80bp-1,0.9394290083569208,-0.37491646503642323,8.176955410265167,0.8906466409368268,true,7.746143079195814e-14,1.3472894910096233e-16,1000,20,24,1.1234667099445444e-14,0.0,0.0,2.1423380844531699e-13,0.004,0.1509001382605219,,,,
-2,3,3,2,schwarzschild-overtone-continuation,ell23-uniform-40,35,133,156,0.8525641025641025,0x1.b483483483483p-1,0.9685780175373174,-0.36200714371699505,8.038380119477567,0.9038272586632807,true,5.732020298503412e-14,4.90457592513324e-16,1000,20,24,9.739636741317752e-15,0.0,0.0,1.127085816253592e-13,0.004,0.1455471339090991,,,,
-2,3,3,2,schwarzschild-overtone-continuation,ell23-uniform-40,36,57,65,0.8769230769230769,0x1.c0fc0fc0fc0fcp-1,1.0018032189686035,-0.3464200515124805,7.880844122993137,0.9100922714993243,true,1.4531966980683134e-13,3.417008968066607e-16,1000,20,24,1.7831439891681324e-14,0.0,0.0,1.6537538729541122e-13,0.004,0.1391347671477921,,,,
-2,3,3,2,schwarzschild-overtone-continuation,ell23-uniform-40,37,703,780,0.9012820512820513,0x1.cd74d74d74d75p-1,1.0405570573625766,-0.3270551703325888,7.697913874699031,0.9057925695371216,true,2.1610313646285632e-13,5.928593550334434e-16,1000,20,24,5.0071919995329524e-14,6.808663902218887e-15,8.95090418262362e-15,1.2673282144061892e-13,0.004,0.1312258121336101,,,,
-2,3,3,2,schwarzschild-overtone-continuation,ell23-uniform-40,38,361,390,0.9256410256410257,0x1.d9ed9ed9ed9eep-1,1.0873178293209065,-0.3019754813851048,7.478781749646706,0.8842877315271951,true,7.050396995222255e-14,2.3898924643848303e-16,1000,20,24,2.5035959997664762e-14,0.0,1.423696000988746e-14,3.6845517325617283e-13,0.004,0.12104877864144876,,,,
-2,3,3,2,schwarzschild-overtone-continuation,ell23-uniform-40,39,19,20,0.95,0x1.e666666666666p-1,1.1469697193933153,-0.2672354045656764,7.202550658556113,0.8316133917014028,true,1.7408353670062167e-13,3.02001357495108e-16,1000,20,24,3.580361673049448e-15,0.0,0.0,2.1999589600062887e-13,0.004,0.10702973886820341,KerrQNMEFs-2/l3/s-2l3m3n2.dat,951,9.392381802113267e-15,2.540252389962044e-14
-2,3,3,2,schwarzschild-overtone-continuation,ell23-supplemental-high,40,97,100,0.97,0x1.f0a3d70a3d70ap-1,1.2137908371846666,-0.2246468410062751,6.898733574330134,0.7401368458423072,true,2.0568426945521126e-13,4.441434166503682e-16,1000,20,24,3.219646771412954e-14,0.0,0.0,4.733149382302493e-13,0.004,0.08991512519544753,KerrQNMEFs-2/l3/s-2l3m3n2.dat,971,1.547885427108561e-14,7.3697403837901e-14
-2,3,3,2,schwarzschild-overtone-continuation,ell23-supplemental-high,41,49,50,0.98,0x1.f5c28f5c28f5cp-1,1.259198489210553,-0.1935012179936768,6.696360874767713,0.6591388591893061,true,4.5122610699907774e-14,3.424925848472271e-16,1000,20,24,8.89287949701369e-15,0.0,0.0,2.409113358357107e-13,0.004,0.07742774963699522,KerrQNMEFs-2/l3/s-2l3m3n2.dat,1071,2.628586363139634e-15,1.1234667099445444e-14
-2,3,3,2,schwarzschild-overtone-continuation,ell23-supplemental-high,42,99,100,0.99,0x1.fae147ae147aep-1,1.322655491884334,-0.14703244557068676,6.420004907740333,0.5215572448748779,true,2.2781430194286896e-13,4.506008925723787e-16,1000,20,24,2.1482170038296686e-14,0.0,0.0,1.9582521461478069e-13,0.004,0.05882117312510748,KerrQNMEFs-2/l3/s-2l3m3n2.dat,1171,7.885759089418901e-15,5.251718709031323e-14
-2,3,3,2,schwarzschild-overtone-continuation,ell23-supplemental-high,43,199,200,0.995,0x1.fd70a3d70a3d7p-1,1.370776321311302,-0.10956049221998862,6.216054810403285,0.3991503354683753,true,6.36350551325742e-14,5.514811162756051e-16,1000,20,24,8.89287949701369e-15,0.0,2.883408916009878e-15,4.009289429430061e-13,0.004,0.04382711138745364,KerrQNMEFs-2/l3/s-2l3m3n2.dat,1221,2.6602311141423217e-15,1.5342382427346918e-14
-2,3,3,2,schwarzschild-overtone-continuation,ell23-supplemental-high,44,997,1000,0.997,0x1.fe76c8b439581p-1,1.39820444772182,-0.08736589744230755,6.102161932621314,0.32273349442213206,true,2.7357769665061137e-13,4.4974859830221545e-16,1000,20,24,1.4214757307157084e-14,0.0,0.0,6.269578739049919e-13,0.004,0.03494769859270037,KerrQNMEFs-2/l3/s-2l3m3n2.dat,1241,2.448161348223004e-15,2.931624781282412e-14
-2,3,3,2,schwarzschild-overtone-continuation,ell23-supplemental-high,45,999,1000,0.999,0x1.ff7ced916872bp-1,1.439731137416956,-0.05264985888512594,5.933178195355292,0.19828259511049698,true,1.1385779628347709e-12,2.0122792321330962e-16,1000,20,24,8.890280278469355e-15,0.0,1.159951464483742e-14,2.6153408583463906e-12,0.004,0.02106007296130956,KerrQNMEFs-2/l3/s-2l3m3n2.dat,1351,5.4378974214416385e-15,1.6733182573401686e-14
-2,4,-4,0,schwarzschild-overtone-continuation,ell4-uniform-40,0,0,1,0.0,0x0.0p+0,0.8091783775322381,-0.09416396098892456,18.0,0.0,true,1.2547877952511632e-13,1.1102230246251565e-16,1000,20,24,0.0,2.5063530676279126e-15,4.924014343589973e-15,1.336524086495436e-13,0.004,,KerrQNMEFs-2/l4/s-2l4m-4n0.dat,1,1.6432144662310227e-15,0.0
-2,4,-4,0,schwarzschild-overtone-continuation,ell4-uniform-40,1,1,52,0.019230769230769232,0x1.3b13b13b13b14p-6,0.8038612916338491,-0.09418747440526466,18.02464980689832,-0.0028780412802010095,true,2.0303766444933225e-13,2.3714374201337736e-16,1000,20,24,3.55271369574116e-14,0.0,4.40641070797246e-15,2.1090450683139033e-13,0.004,,,,,
-2,4,-4,0,schwarzschild-overtone-continuation,ell4-uniform-40,2,1,26,0.038461538461538464,0x1.3b13b13b13b14p-5,0.7986481545084572,-0.09420585494255013,18.04881492812127,-0.005717820549573189,true,1.6626797279630085e-13,4.767681634571498e-16,1000,20,24,6.39488490653808e-14,4.564083509149711e-15,7.219864922753553e-15,1.2324115685305508e-13,0.004,,,,,
-2,4,-4,0,schwarzschild-overtone-continuation,ell4-uniform-40,3,3,52,0.057692307692307696,0x1.d89d89d89d89ep-5,0.7935353334102303,-0.09421935552807163,18.072511667758874,-0.008519878043512952,true,5.948972378527038e-14,5.35015268926554e-16,1000,20,24,4.263256471029464e-14,0.0,0.0,2.0458310761562205e-13,0.004,,,,,
-2,4,-4,0,schwarzschild-overtone-continuation,ell4-uniform-40,4,1,13,0.07692307692307693,0x1.3b13b13b13b14p-4,0.7885193809807295,-0.09422821400824728,18.095755527581854,-0.011284751975558206,true,7.112224222775484e-14,4.710277376051325e-16,1000,20,24,7.105440910115233e-15,0.0,4.954370247389761e-15,3.3582196648686883e-13,0.004,,,,,
-2,4,-4,0,schwarzschild-overtone-continuation,ell4-uniform-40,5,5,52,0.09615384615384616,0x1.89d89d89d89d9p-4,0.7835970228131012,-0.09423265425670067,18.118561259290278,-0.014012977554804986,true,5.166773274563613e-14,7.066778860128639e-16,1000,20,24,4.263258122743369e-14,0.0,0.0,3.592459381734991e-14,0.004,,,,,
-2,4,-4,0,schwarzschild-overtone-continuation,ell4-uniform-40,6,3,26,0.11538461538461539,0x1.d89d89d89d89ep-4,0.7787651460459337,-0.09423288718503234,18.140942912535962,-0.016705086148437076,true,2.1840161055975228e-13,4.460365043975677e-16,1000,20,24,7.105427357601002e-15,0.0,0.0,2.2740880088047374e-14,0.004,,,,,
-2,4,-4,0,schwarzschild-overtone-continuation,ell4-uniform-40,7,7,52,0.1346153846153846,0x1.13b13b13b13b1p-3,0.774020788885673,-0.0942291116659666,18.162913879122474,-0.019361604570598566,true,4.4440551076999255e-14,3.48951172420846e-16,1000,20,24,2.131628320218024e-14,0.0,9.31467358497575e-16,3.7980617708817115e-13,0.004,,,,,
-2,4,-4,0,schwarzschild-overtone-continuation,ell4-uniform-40,8,2,13,0.15384615384615385,0x1.3b13b13b13b14p-3,0.7693611309681023,-0.09422151537798422,18.184486933748094,-0.02198305448140927,true,1.4217583849096692e-13,3.331391796911832e-16,1000,20,24,4.263256640436048e-14,3.3140029432497812e-15,8.698129773884178e-15,4.1522341120980855e-14,0.004,,,,,
-2,4,-4,0,schwarzschild-overtone-continuation,ell4-uniform-40,9,9,52,0.17307692307692307,0x1.6276276276276p-3,0.7647834844791742,-0.09421027557897645,18.205674271611795,-0.024569951881983305,true,1.48283408765215e-13,1.0408340855860843e-16,1000,20,24,3.552718015606544e-14,3.053901726594225e-15,3.219915941390366e-15,7.612601017378921e-14,0.004,,,,,
-2,4,-4,0,schwarzschild-overtone-continuation,ell4-uniform-40,10,5,26,0.19230769230769232,0x1.89d89d89d89d9p-3,0.7602852859643282,-0.09419555981614598,18.226487543171135,-0.027122806693256646,true,1.1479512803998696e-13,4.002966042486721e-16,1000,20,24,7.105457850721672e-15,0.0,0.0,3.489727496027507e-13,0.004,,,,,
-2,4,-4,0,schwarzschild-overtone-continuation,ell4-uniform-40,11,11,52,0.21153846153846154,0x1.b13b13b13b13bp-3,0.75586408876297,-0.09417752657803495,18.246937886309343,-0.029642122407901525,true,2.48452037901384e-13,6.245004513516506e-17,1000,20,24,3.552733262148268e-14,4.819250396623375e-15,7.93945317435757e-15,2.400712957420226e-13,0.004,,,,,
-2,4,-4,0,schwarzschild-overtone-continuation,ell4-uniform-40,12,3,13,0.23076923076923078,0x1.d89d89d89d89ep-3,0.7515175560115248,-0.09415632589435503,18.267035956140514,-0.032128395806071255,true,8.96689136784412e-14,2.2729511820139823e-16,1000,20,24,7.815971202204155e-14,0.0,0.0,1.6717584798699244e-13,0.004,,,,,
-2,4,-4,0,schwarzschild-overtone-continuation,ell4-uniform-40,13,1,4,0.25,0x1.0000000000000p-2,0.7472434541644084,-0.0941320998883995,18.28679195266109,-0.03458211672683472,true,1.1093900448720545e-13,2.0816681711721685e-17,1000,20,24,4.26332169206665e-14,0.0,0.0,7.256239670589871e-14,0.004,,KerrQNMEFs-2/l4/s-2l4m-4n0.dat,251,8.473409486550036e-16,2.1320213072591773e-14
-2,4,-4,0,schwarzschild-overtone-continuation,ell4-uniform-40,14,7,26,0.2692307692307692,0x1.13b13b13b13b1p-2,0.743039646987431,-0.09410498328647333,18.306215646432474,-0.03700376788822697,true,1.8155429292357992e-13,1.1123893155135927e-16,1000,20,24,7.106294666405892e-15,3.5055632627505204e-15,6.55679580157748e-15,1.043420651903224e-13,0.004,,,,,
-2,4,-4,0,schwarzschild-overtone-continuation,ell4-uniform-40,15,15,52,0.28846153846153844,0x1.2762762762762p-2,0.738904089982737,-0.09407510388811398,18.325316402461986,-0.0393938247496633,true,2.3267053878992058e-14,1.734723475976807e-16,1000,20,24,2.1316354352825292e-14,0.0,7.683082245783184e-15,2.7567067972272143e-13,0.004,,,,,
-2,4,-4,0,schwarzschild-overtone-continuation,ell4-uniform-40,16,4,13,0.3076923076923077,0x1.3b13b13b13b14p-2,0.7348348252085628,-0.09404258300084303,18.34410320243318,-0.041752755411363876,true,1.0336504293189929e-13,3.394388883480595e-16,1000,20,24,4.26325844743919e-14,0.0,4.806785719149464e-15,7.11998412370177e-14,0.004,,,,,
-2,4,-4,0,schwarzschild-overtone-continuation,ell4-uniform-40,17,17,52,0.3269230769230769,0x1.4ec4ec4ec4ec5p-2,0.7308299764605444,-0.09400753584229174,18.362584665421085,-0.04408102054591134,true,1.3819097218556012e-13,3.417008968066607e-16,1000,20,24,1.278976954484907e-13,5.971578390869227e-15,6.789685524442986e-15,3.839530692480359e-13,0.004,,,,,
-2,4,-4,0,schwarzschild-overtone-continuation,ell4-uniform-40,18,9,26,0.34615384615384615,0x1.6276276276276p-2,0.7268877447847153,-0.09397007191278364,18.380769067216484,-0.046379073357856015,true,1.7769118642034836e-14,4.652682298944613e-16,1000,20,24,8.52656749080552e-14,0.0,0.0,1.432144669219779e-14,0.004,,,,,
-2,4,-4,0,schwarzschild-overtone-continuation,ell4-uniform-40,19,19,52,0.36538461538461536,0x1.7627627627627p-2,0.7230064042950225,-0.09393029534077568,18.398664358369423,-0.04864735956763866,true,3.0784864937962254e-13,3.469446951953614e-17,1000,20,24,7.81601001161188e-14,0.0,0.0,1.876375449534162e-13,0.004,,,,,
-2,4,-4,0,schwarzschild-overtone-continuation,ell4-uniform-40,20,5,13,0.38461538461538464,0x1.89d89d89d89d9p-2,0.719184298270864,-0.09388830520347076,18.416278181053997,-0.050886317416601934,true,2.6499030516713146e-13,1.1123893155135927e-16,1000,20,24,8.526526494575134e-14,0.0,0.0,1.7719604669640069e-13,0.004,,,,,
-2,4,-4,0,schwarzschild-overtone-continuation,ell4-uniform-40,21,21,52,0.40384615384615385,0x1.9d89d89d89d8ap-2,0.7154198355124046,-0.09384419582475699,18.43361788484715,-0.05309637769029665,true,1.708098960236178e-13,1.942890293094024e-16,1000,20,24,4.9738185110361e-14,0.0,0.0,1.091167945722703e-13,0.004,,,,,
-2,4,-4,0,schwarzschild-overtone-continuation,ell4-uniform-40,22,11,26,0.4230769230769231,0x1.b13b13b13b13bp-2,0.7117114869333897,-0.09379805705219296,18.450690541502237,-0.055277963757496926,true,2.5573254161479694e-13,4.613190423717512e-16,1000,20,24,7.105481567502833e-15,0.0,0.0,3.7552200390564074e-13,0.004,,,,,
-2,4,-4,0,schwarzschild-overtone-continuation,ell4-uniform-40,23,23,52,0.4423076923076923,0x1.c4ec4ec4ec4ecp-2,0.708057782373177,-0.09374997451495394,18.46750295879718,-0.05743149162284619,true,2.514109783419045e-13,2.514331927660129e-16,1000,20,24,2.13163227303457e-14,0.0,0.0,3.513026352484813e-13,0.004,,,,,
-2,4,-4,0,schwarzschild-overtone-continuation,ell4-uniform-40,24,6,13,0.46153846153846156,0x1.d89d89d89d89ep-2,0.7044573076111187,-0.09370002986400654,18.48406169352374,-0.059557369991037265,true,7.006061495242132e-14,2.7755575615628914e-17,1000,20,24,2.842170943040401e-14,0.0,1.1538443794359829e-14,5.819312539555791e-13,0.004,,,,,
-2,4,-4,0,schwarzschild-overtone-continuation,ell4-uniform-40,25,25,52,0.4807692307692308,0x1.ec4ec4ec4ec4fp-2,0.700908701568162,-0.09364830099621196,18.500373063683057,-0.06165600034099518,true,1.7852165294699933e-13,6.087272963323595e-16,1000,20,24,2.842257677890751e-14,0.0,4.787675889104605e-15,4.6204489227285734e-14,0.004,,,,,
-2,4,-4,0,schwarzschild-overtone-continuation,ell4-uniform-40,26,1,2,0.5,0x1.0000000000000p-1,0.69741065368161,-0.09359486226334032,18.51644315994458,-0.06372777700839066,true,1.7481553554607783e-13,4.90457592513324e-16,1000,20,24,4.9738022480402295e-14,3.2170436338591506e-15,5.683204037543095e-15,5.924889052322839e-14,0.004,,KerrQNMEFs-2/l4/s-2l4m-4n0.dat,501,5.924125117820893e-15,1.4800385806279356e-14
-2,4,-4,0,schwarzschild-overtone-continuation,ell4-uniform-40,27,27,52,0.5192307692307693,0x1.09d89d89d89d9p-1,0.6939619014403936,-0.09353978466736948,18.532277856421597,-0.06577308727527516,true,4.466575006986829e-14,5.558049685633556e-16,1000,20,24,1.6653345369377348e-16,0.0,0.0,3.482033235765475e-13,0.004,,,,,
-2,4,-4,0,schwarzschild-overtone-continuation,ell4-uniform-40,28,7,13,0.5384615384615384,0x1.13b13b13b13b1p-1,0.690561228069186,-0.0934831360430693,18.547882820812465,-0.06779231146566034,true,1.6852000649168165e-14,1.8735013540549517e-16,1000,20,24,4.9739106670082947e-14,0.0,5.307705045923212e-15,1.0923601634808608e-13,0.004,,,,,
-2,4,-4,0,schwarzschild-overtone-continuation,ell4-uniform-40,29,29,52,0.5576923076923077,0x1.1d89d89d89d8ap-1,0.687207460350611,-0.09342498122868514,18.563263523951917,-0.06978582304588982,true,4.665980892882235e-13,5.79553433516819e-16,1000,20,24,1.2079308141691784e-13,0.0,1.1196786348943979e-14,5.825572004590939e-13,0.004,,,,,
-2,4,-4,0,schwarzschild-overtone-continuation,ell4-uniform-40,30,15,26,0.5769230769230769,0x1.2762762762762p-1,0.6838994665758459,-0.09336538222582408,18.57842524881289,-0.07175398872905843,true,1.006359454491965e-13,2.2729511820139823e-16,1000,20,24,4.263279002046025e-14,0.0,3.397649788700579e-15,2.4501492788668817e-14,0.004,,,,,
-2,4,-4,0,schwarzschild-overtone-continuation,ell4-uniform-40,31,31,52,0.5961538461538461,0x1.313b13b13b13bp-1,0.6806361546146081,-0.09330439834927351,18.59337309899743,-0.07369716858263334,true,5.231461367830611e-13,4.467376080957673e-16,1000,20,24,2.1317438523750435e-14,9.302218124154085e-15,1.3976937360486913e-14,2.8708916276566645e-13,0.004,,,,,
-2,4,-4,0,schwarzschild-overtone-continuation,ell4-uniform-40,32,8,13,0.6153846153846154,0x1.3b13b13b13b14p-1,0.6774164700961448,-0.09324208636728465,18.60811200675055,-0.07561571613841744,true,1.6156121702679496e-13,1.3877787807814457e-17,1000,20,24,1.4210881820230466e-14,6.203867874288504e-15,7.711905539790772e-15,1.0015416853930078e-12,0.004,,,,,
-2,4,-4,0,schwarzschild-overtone-continuation,ell4-uniform-40,33,33,52,0.6346153846153846,0x1.44ec4ec4ec4ecp-1,0.6742393946938878,-0.09317850063345372,18.622646740530232,-0.07750997850458743,true,5.777940247956292e-14,6.04002714990216e-16,1000,20,24,7.105505419728616e-14,0.0,1.1381309072316625e-14,2.7923996163975333e-13,0.004,,,,,
-2,4,-4,0,schwarzschild-overtone-continuation,ell4-uniform-40,34,17,26,0.6538461538461539,0x1.4ec4ec4ec4ec5p-1,0.6711039445063993,-0.093113693210199,18.636981912161225,-0.07938029647878203,true,5.869488631434638e-13,2.2887833992611187e-16,1000,20,24,6.394890042849467e-14,0.0,2.4389445129796923e-14,6.541277286375608e-13,0.004,,,,,
-2,4,-4,0,schwarzschild-overtone-continuation,ell4-uniform-40,35,35,52,0.6730769230769231,0x1.589d89d89d89ep-1,0.6680091685285805,-0.09304771398510876,18.651121983601488,-0.08122700466232607,true,1.6944665935724189e-13,3.331391796911832e-16,1000,20,24,1.4215434731334095e-14,2.9499359079002526e-15,4.664258210240747e-15,4.694499784116396e-13,0.004,,,,,
-2,4,-4,0,schwarzschild-overtone-continuation,ell4-uniform-40,36,9,13,0.6923076923076923,0x1.6276276276276p-1,0.6649541472067513,-0.09298061077994509,18.66507127334541,-0.08305043157457087,true,7.993605777301127e-15,4.673848563465896e-16,1000,20,24,2.842176364046093e-14,0.0,4.523733106305125e-15,1.276260160429818e-13,0.004,,,,,
-2,4,-4,0,schwarzschild-overtone-continuation,ell4-uniform-40,37,37,52,0.7115384615384616,0x1.6c4ec4ec4ec4fp-1,0.6619379910724222,-0.09291242945341535,18.6788339624875,-0.08485089976751531,true,1.402957590257299e-12,2.6558837364083264e-16,1000,20,24,4.263288940501699e-14,2.109625056406409e-14,2.2481279514519246e-14,5.716144080574966e-13,0.004,,,,,
-2,4,-4,0,schwarzschild-overtone-continuation,ell4-uniform-40,38,19,26,0.7307692307692307,0x1.7627627627627p-1,0.6589598394497153,-0.09284321399792037,18.692414100468177,-0.08662872594019047,true,2.374361905683706e-13,1.2911750880923164e-16,1000,20,24,5.684385254002266e-14,0.0,0.0,1.2152475059280132e-13,0.004,,,,,
-2,4,-4,0,schwarzschild-overtone-continuation,ell4-uniform-40,39,3,4,0.75,0x1.8000000000000p-1,0.6560188592312042,-0.09277300663037634,18.705815610520816,-0.08838422105226715,true,2.2409614553043056e-13,4.460365043975677e-16,1000,20,24,1.776364667322688e-13,0.0,0.0,6.838973831690964e-14,0.004,,KerrQNMEFs-2/l4/s-2l4m-4n0.dat,751,1.048346315315045e-14,8.55249409730023e-14
-2,4,-4,1,schwarzschild-overtone-continuation,ell4-uniform-40,0,0,1,0.0,0x0.0p+0,0.7966315320345032,-0.2843343494048433,18.0,0.0,true,1.1161491222267984e-13,8.512244083243195e-16,1000,20,24,0.0,0.0,5.074642299944954e-15,5.948972378527038e-14,0.004,0.19058383971944065,KerrQNMEFs-2/l4/s-2l4m-4n1.dat,1,2.6927200104409418e-15,0.0
-2,4,-4,1,schwarzschild-overtone-continuation,ell4-uniform-40,1,1,52,0.019230769230769232,0x1.3b13b13b13b14p-6,0.7911395941459967,-0.28443613931689604,18.02427056472881,-0.008692328542071236,true,3.6230712748823524e-14,7.270954337185018e-16,1000,20,24,1.42108653031099e-14,0.0,5.0206146149789415e-15,2.9115221511859703e-13,0.004,0.1906735327402066,,,,
-2,4,-4,1,schwarzschild-overtone-continuation,ell4-uniform-40,2,1,26,0.038461538461538464,0x1.3b13b13b13b14p-5,0.7857535391722877,-0.2845222581922124,18.048070103956515,-0.017272885578983495,true,1.0880185641326534e-13,2.2301825219878386e-16,1000,20,24,1.2079227783453602e-13,2.3028766130352475e-15,7.69985892130607e-15,4.161151442237968e-13,0.004,0.19075273117456493,,,,
-2,4,-4,1,schwarzschild-overtone-continuation,ell4-uniform-40,3,3,52,0.057692307692307696,0x1.d89d89d89d89ep-5,0.7804696990483613,-0.2845934664488179,18.071414958054064,-0.025743272817995898,true,2.07157025572446e-14,2.220446049250313e-16,1000,20,24,7.105481567502833e-15,0.0,4.043178621822051e-15,2.5742813835947037e-13,0.004,0.19082194032695152,,,,
-2,4,-4,1,schwarzschild-overtone-continuation,ell4-uniform-40,4,1,13,0.07692307692307693,0x1.3b13b13b13b14p-4,0.7752845918542458,-0.2846504792488291,18.094320652518174,-0.03410508529020565,true,1.738380958167873e-13,4.484587321511725e-16,1000,20,24,9.947617274161327e-14,0.0,0.0,3.468427706319106e-13,0.004,0.19088163542514242,,,,
-2,4,-4,1,schwarzschild-overtone-continuation,ell4-uniform-40,5,5,52,0.09615384615384616,0x1.89d89d89d89d9p-4,0.7701949093649797,-0.2846939698213941,18.116801951330636,-0.0423599084844809,true,1.3238328395379078e-13,3.4021815010030383e-16,1000,20,24,4.263256640436048e-14,2.933174772761872e-15,8.514223576271389e-15,2.2771732467913877e-13,0.004,0.19093226383068432,,,,
-2,4,-4,1,schwarzschild-overtone-continuation,ell4-uniform-40,6,3,26,0.11538461538461539,0x1.d89d89d89d89ep-4,0.765197505629568,-0.28472457249349553,18.138872905989697,-0.05050931590993386,true,7.306988313773407e-14,0.0,1000,20,24,7.105481567502833e-15,0.0,0.0,5.499997801451107e-13,0.004,0.19097424705474395,,,,
-2,4,-4,1,schwarzschild-overtone-continuation,ell4-uniform-40,7,7,52,0.1346153846153846,0x1.13b13b13b13b1p-3,0.7602893864784236,-0.2847428854587139,18.160546900631136,-0.05855486703131671,true,6.248257853144977e-14,2.3714374201337736e-16,1000,20,24,7.816014570164584e-14,0.0,1.3653937842860001e-14,3.0253167959864724e-13,0.004,0.19100798259974347,,,,
-2,4,-4,1,schwarzschild-overtone-continuation,ell4-uniform-40,8,2,13,0.15384615384615385,0x1.3b13b13b13b14p-3,0.7554676998694942,-0.28474947331027656,18.181836693609966,-0.06649810552914881,true,8.10836851613086e-14,2.482534153247273e-16,1000,20,24,4.9738487136016406e-14,3.9751566016584044e-15,5.236911533344271e-15,1.853001807227291e-13,0.004,0.1910338456440144,,,,
-2,4,-4,1,schwarzschild-overtone-continuation,ell4-uniform-40,9,9,52,0.17307692307692307,0x1.6276276276276p-3,0.7507297269937393,-0.2847448693618852,18.202754455873407,-0.07434055784278619,true,2.939387532196653e-13,4.441434166503682e-16,1000,20,24,1.4210854715202004e-14,0.0,0.0,1.0137755206709442e-12,0.004,0.19105219058539338,,,,
-2,4,-4,1,schwarzschild-overtone-continuation,ell4-uniform-40,10,5,26,0.19230769230769232,0x1.89d89d89d89d9p-3,0.7460728740689773,-0.2847295777769939,18.223311806419,-0.08208373196010205,true,1.4850385673900395e-13,1.140028804338345e-15,1000,20,24,2.1316300142831554e-14,0.0,0.0,2.8531997334644104e-13,0.004,0.19106335245720946,,,,
-2,4,-4,1,schwarzschild-overtone-continuation,ell4-uniform-40,11,11,52,0.21153846153846154,0x1.b13b13b13b13bp-3,0.7414946647591036,-0.2847040755250868,18.243519845101986,-0.08972911642220113,true,3.196763769296317e-13,1.8319205572553517e-16,1000,20,24,1.4212182800804703e-14,5.453952952223917e-15,1.6656675705450913e-14,4.293956876734248e-13,0.004,0.19106764822930183,,,,
-2,4,-4,1,schwarzschild-overtone-continuation,ell4-uniform-40,12,3,13,0.23076923076923078,0x1.d89d89d89d89ep-3,0.7369927331617847,-0.2846688141812255,18.263389183027172,-0.09727817951559639,true,3.382187620537833e-13,4.506008925723787e-16,1000,20,24,1.4212589332811784e-14,5.7614050176587034e-15,6.12235403661387e-15,4.0991623182865255e-13,0.004,0.19106537800468013,,,,
-2,4,-4,1,schwarzschild-overtone-continuation,ell4-uniform-40,13,1,4,0.25,0x1.0000000000000p-2,0.732564817314478,-0.28462422158362416,18.282929970737392,-0.1047323686278589,true,2.0127042112574739e-13,3.0531133177191805e-16,1000,20,24,1.1368750179350716e-13,0.0,0.0,2.9929932537261676e-13,0.004,0.19105682612175998,KerrQNMEFs-2/l4/s-2l4m-4n1.dat,251,8.9075940758907e-15,7.461587847354039e-14
-2,4,-4,1,schwarzschild-overtone-continuation,ell4-uniform-40,14,7,26,0.2692307692307692,0x1.13b13b13b13b1p-2,0.7282087531728471,-0.28457070336225676,18.30215192438809,-0.11209310974573072,true,1.3528330643921842e-14,2.582350176184633e-16,1000,20,24,3.552714763002508e-14,0.0,0.0,6.204547701064548e-14,0.004,0.19104226217077247,,,,
-2,4,-4,1,schwarzschild-overtone-continuation,ell4-uniform-40,15,15,52,0.28846153846153844,0x1.2762762762762p-2,0.7239224690212135,-0.28450864435019335,18.321064350080825,-0.11936180707735383,true,1.9103941513303267e-13,5.551115123125783e-17,1000,20,24,1.4229165934570493e-14,0.0,0.0,7.64729485012936e-13,0.004,0.191021941932222,,,,
-2,4,-4,1,schwarzschild-overtone-continuation,ell4-uniform-40,16,4,13,0.3076923076923077,0x1.3b13b13b13b14p-2,0.7197039802778424,-0.28443840988819563,18.33967616650692,-0.1265398427825534,true,7.3697403837901e-14,3.693291056919641e-16,1000,20,24,1.0658315952916673e-13,0.0,0.0,1.0791367799356522e-13,0.004,0.19099610824421592,,,,
-2,4,-4,1,schwarzschild-overtone-continuation,ell4-uniform-40,17,17,52,0.3269230769230769,0x1.4ec4ec4ec4ec5p-2,0.7155513846623341,-0.28436034703194374,18.357995926044698,-0.13362857679710127,true,3.077253045538021e-13,1.942890293094024e-16,1000,20,24,1.2079308141691784e-13,0.0,0.0,9.319103876220138e-14,0.004,0.19096499180514642,,,,
-2,4,-4,1,schwarzschild-overtone-continuation,ell4-uniform-40,18,9,26,0.34615384615384615,0x1.6276276276276p-2,0.7114628576948316,-0.28427478567036457,18.376031834433082,-0.14062934673858632,true,1.4016626143451676e-13,3.888257972851056e-16,1000,20,24,1.2079258396178803e-13,2.886579864025407e-15,1.4998287152352737e-14,3.041670708086598e-13,0.004,0.19092881191713962,,,,
-2,4,-4,1,schwarzschild-overtone-continuation,ell4-uniform-40,19,19,52,0.36538461538461536,0x1.7627627627627p-2,0.7074366485002412,-0.2841820395627123,18.393791769137493,-0.1475434678830904,true,3.765886973316085e-13,4.577566798522237e-16,1000,20,24,2.842257677890751e-14,6.5653524581199634e-15,1.156551889201422e-14,9.059419880941277e-13,0.004,0.19088777717548686,,,,
-2,4,-4,1,schwarzschild-overtone-continuation,ell4-uniform-40,20,5,13,0.38461538461538464,0x1.89d89d89d89d9p-2,0.703471075892728,-0.284082407301246,18.41128329651092,-0.15437223320312254,true,8.62265274246159e-14,3.1401849173675503e-16,1000,20,24,1.0658142482004302e-13,0.0,0.0,1.6065230230568078e-13,0.004,0.19084208610860373,,,,
-2,4,-4,1,schwarzschild-overtone-continuation,ell4-uniform-40,21,21,52,0.40384615384615385,0x1.9d89d89d89d8ap-2,0.6995645247183683,-0.2839761732057015,18.428513687845072,-0.16111691345844176,true,6.038698883430643e-13,4.460365043975677e-16,1000,20,24,7.105644194726877e-15,7.778695046135979e-15,1.2116826792544646e-14,8.933150013973658e-14,0.004,0.19079192777254356,,,,
-2,4,-4,1,schwarzschild-overtone-continuation,ell4-uniform-40,22,11,26,0.4230769230769231,0x1.b13b13b13b13bp-2,0.6957154424357749,-0.2838636081552385,18.44548993439586,-0.1677787573324382,true,7.94659143676973e-14,4.847302891456678e-16,1000,20,24,1.065834920118578e-13,1.4475537224895361e-15,1.7271017045521525e-15,6.383055974783309e-13,0.004,0.19073748230401408,,,,
-2,4,-4,1,schwarzschild-overtone-continuation,ell4-uniform-40,23,23,52,0.4423076923076923,0x1.c4ec4ec4ec4ecp-2,0.6919223359161164,-0.28374497036287394,18.46221876146293,-0.17435899160756335,true,5.087766327138088e-13,1.0408340855860843e-16,1000,20,24,2.842257677890751e-14,0.0,1.1639485212326863e-14,4.441886746942539e-13,0.004,0.19067892143501286,,,,
-2,4,-4,1,schwarzschild-overtone-continuation,ell4-uniform-40,24,6,13,0.46153846153846156,0x1.d89d89d89d89ep-2,0.68818376844612,-0.2836205060970377,18.478706641592982,-0.1808588213741174,true,3.800791407964896e-13,1.1102230246251565e-16,1000,20,24,1.4229165934570493e-14,0.0,0.0,3.724688216437629e-13,0.004,0.19061640897240745,,,,
-2,4,-4,1,schwarzschild-overtone-continuation,ell4-uniform-40,25,25,52,0.4807692307692308,0x1.ec4ec4ec4ec4fp-2,0.6844983569184039,-0.2834904503544734,18.49495980697208,-0.18727943026740318,true,2.29770572706594e-13,3.7553457920377367e-16,1000,20,24,4.2633467637842766e-14,0.0,1.6974525829014653e-14,1.3879409882083932e-12,0.004,0.1905501012450224,,,,
-2,4,-4,1,schwarzschild-overtone-continuation,ell4-uniform-40,26,1,2,0.5,0x1.0000000000000p-1,0.6808647691955839,-0.283355027488222,18.51098426106695,-0.19362198072876258,true,8.278242172685911e-13,2.2591401799415137e-16,1000,20,24,7.105602996182145e-14,0.0,0.0,1.1493910718059768e-12,0.004,0.19048014752094064,KerrQNMEFs-2/l4/s-2l4m-4n1.dat,501,1.4813990838362268e-14,3.203681228679147e-14
-2,4,-4,1,schwarzschild-overtone-continuation,ell4-uniform-40,27,27,52,0.5192307692307693,0x1.09d89d89d89d9p-1,0.677281721635035,-0.2832144517942576,18.526785789568777,-0.19988761428671586,true,8.426000324584082e-14,2.3263411494723067e-16,1000,20,24,9.947674194503966e-14,0.0,0.0,6.85742765944976e-13,0.004,0.1904066903972518,,,,
-2,4,-4,1,schwarzschild-overtone-continuation,ell4-uniform-40,28,7,13,0.5384615384615384,0x1.13b13b13b13b1p-1,0.6737479767631076,-0.28306892805975153,18.542369970689347,-0.20607745185458975,true,8.379058453350833e-14,1.1631705747361534e-16,1000,20,24,7.105481567502832e-14,0.0,0.0,1.1440620673471796e-13,0.004,0.19032986616417835,,,,
-2,4,-4,1,schwarzschild-overtone-continuation,ell4-uniform-40,29,29,52,0.5576923076923077,0x1.1d89d89d89d8ap-1,0.6702623410874945,-0.282918652076119,18.557742184856775,-0.2121925940418708,true,4.355227054225553e-13,7.299043573415075e-16,1000,20,24,9.947599849501529e-14,8.440616121040728e-15,9.031103035004427e-15,7.785981961026404e-13,0.004,0.19024980514596287,,,,
-2,4,-4,1,schwarzschild-overtone-continuation,ell4-uniform-40,30,15,26,0.5769230769230769,0x1.2762762762762p-1,0.6668236630386114,-0.2827638111191765,18.572907623849687,-0.21823412147635757,true,2.655356408649492e-13,2.6945789820192466e-16,1000,20,24,3.553338124373764e-14,0.0,0.0,7.798287451965835e-14,0.004,0.1901666320196908,,,,
-2,4,-4,1,schwarzschild-overtone-continuation,ell4-uniform-40,31,31,52,0.5961538461538461,0x1.313b13b13b13bp-1,0.6634308310304653,-0.2826045843990845,18.58787129941114,-0.2242030951350013,true,2.478145125099629e-13,2.5673907444456745e-16,1000,20,24,2.8427129924377134e-14,0.0,0.0,1.9905503145472354e-13,0.004,0.19008046611403318,,,,
-2,4,-4,1,schwarzschild-overtone-continuation,ell4-uniform-40,32,8,13,0.6153846153846154,0x1.3b13b13b13b14p-1,0.6600827716330976,-0.282441143482045,18.602638051377,-0.23010055668119722,true,6.186722162932767e-13,2.8177377798042847e-16,1000,20,24,6.394887031178609e-14,0.0,0.0,8.733102101588383e-14,0.004,0.18999142168930208,,,,
-2,4,-4,1,schwarzschild-overtone-continuation,ell4-uniform-40,33,33,52,0.6346153846153846,0x1.44ec4ec4ec4ecp-1,0.6567784478486401,-0.28227365268602644,18.61721255535004,-0.23592752880690493,true,7.296243813331122e-13,6.6973807122470445e-16,1000,20,24,7.209614281158059e-15,0.0,0.0,4.551990220440692e-13,0.004,0.18989960820001225,,,,
-2,4,-4,1,schwarzschild-overtone-continuation,ell4-uniform-40,34,17,26,0.6538461538461539,0x1.4ec4ec4ec4ec5p-1,0.6535168574843422,-0.2821022694520958,18.631599329952667,-0.24168501557781663,true,5.725141875798674e-13,2.3592239273284576e-16,1000,20,24,7.105427357601002e-15,1.0924419678219855e-14,2.4111273489655278e-14,1.52765784515845e-12,0.004,0.18980513054145998,,,,
-2,4,-4,1,schwarzschild-overtone-continuation,ell4-uniform-40,35,35,52,0.6730769230769231,0x1.589d89d89d89ep-1,0.6502970316157709,-0.2819271446933559,18.64580274368298,-0.2473740027804211,true,2.9870405535416244e-13,2.2898349882893854e-16,1000,20,24,3.5548120745020435e-14,0.0,1.9861824749219954e-14,1.3377323379698363e-12,0.004,0.1897080892811101,,,,
-2,4,-4,1,schwarzschild-overtone-continuation,ell4-uniform-40,36,9,13,0.6923076923076923,0x1.6276276276276p-1,0.6471180331345288,-0.28174842312266074,18.65982702140241,-0.25299545826939357,true,2.0185698768305174e-13,1.8735013540549517e-16,1000,20,24,8.526541741130117e-14,0.0,0.0,5.367684804264325e-13,0.004,0.1896085808761092,,,,
-2,4,-4,1,schwarzschild-overtone-continuation,ell4-uniform-40,37,37,52,0.7115384615384616,0x1.6c4ec4ec4ec4fp-1,0.6439789553745332,-0.28156624356112064,18.673676250476372,-0.2585503323148033,true,8.846475535138743e-13,1.3877787807814457e-17,1000,20,24,5.684612930161882e-14,0.0,0.0,6.056471646216072e-13,0.004,0.1895066978778921,,,,
-2,4,-4,1,schwarzschild-overtone-continuation,ell4-uniform-40,38,19,26,0.7307692307692307,0x1.7627627627627p-1,0.6408789208122474,-0.2813807392281259,18.687354386592478,-0.26403955794764,true,1.0339938030984699e-13,2.8177377798042847e-16,1000,20,24,4.2653375747600077e-14,0.0,5.068262347813025e-15,1.5185578420543263e-12,0.004,0.18940252912436287,,,,
-2,4,-4,1,schwarzschild-overtone-continuation,ell4-uniform-40,39,3,4,0.75,0x1.8000000000000p-1,0.6378170798358289,-0.281192038014528,18.700865259274227,-0.2694640513032513,true,2.7159677009384036e-13,1.8041124150158794e-16,1000,20,24,7.106676248747528e-14,6.858267381329109e-15,1.1644778895471417e-14,4.4645964889071934e-13,0.004,0.1892961599211665,KerrQNMEFs-2/l4/s-2l4m-4n1.dat,751,1.634791622913504e-14,2.126598803980535e-14
-2,4,-4,2,schwarzschild-overtone-continuation,ell4-uniform-40,0,0,1,0.0,0x0.0p+0,0.7727095326067124,-0.47990817512116085,18.0,0.0,true,3.3731140817030924e-13,2.45228796256662e-16,1000,20,24,0.0,0.0,0.0,6.159483721662699e-13,0.004,0.1970314273458419,KerrQNMEFs-2/l4/s-2l4m-4n2.dat,1,3.820199830714189e-15,0.0
-2,4,-4,2,schwarzschild-overtone-continuation,ell4-uniform-40,1,1,52,0.019230769230769232,0x1.3b13b13b13b14p-6,0.7668858920305033,-0.48018404594785175,18.023549061060457,-0.014677415077272406,true,7.745506558131491e-14,4.371503159461554e-16,1000,20,24,5.684342055487388e-14,0.0,5.450279209566123e-15,7.16744025924198e-13,0.004,0.1972447338123592,,,,
-2,4,-4,2,schwarzschild-overtone-continuation,ell4-uniform-40,2,1,26,0.038461538461538464,0x1.3b13b13b13b14p-5,0.7611716468133007,-0.4804331209624796,18.04665629068519,-0.029178600083536177,true,2.4152737956635185e-13,5.27766632335736e-16,1000,20,24,5.684343410739902e-14,0.0,0.0,1.512826248525322e-13,0.004,0.19744704501040092,,,,
-2,4,-4,2,schwarzschild-overtone-continuation,ell4-uniform-40,3,3,52,0.057692307692307696,0x1.d89d89d89d89ep-5,0.7555630586119458,-0.48065667222881464,18.069338126291978,-0.043506174038973056,true,1.301870828794986e-13,7.043917247687977e-16,1000,20,24,7.105457850721672e-14,0.0,0.0,6.1938903746483e-13,0.004,0.1976388661133185,,,,
-2,4,-4,2,schwarzschild-overtone-continuation,ell4-uniform-40,4,1,13,0.07692307692307693,0x1.3b13b13b13b14p-4,0.7500565768880214,-0.4808558962572785,18.09161016499353,-0.05766274275496208,true,2.338457567498725e-13,6.087272963323595e-16,1000,20,24,7.105427493126272e-14,4.712893470324691e-15,8.621401852465945e-15,2.5136076957605474e-13,0.004,0.19782067233379722,,,,
-2,4,-4,2,schwarzschild-overtone-continuation,ell4-uniform-40,5,5,52,0.09615384615384616,0x1.89d89d89d89d9p-4,0.7446488264128773,-0.48103191954340013,18.113487219144286,-0.0716508943180792,true,9.974919848075282e-14,5.027227436193981e-16,1000,20,24,3.552718015606544e-14,0.0,0.0,1.5518487592090619e-13,0.004,0.1979929111236982,,,,
-2,4,-4,2,schwarzschild-overtone-continuation,ell4-uniform-40,6,3,26,0.11538461538461539,0x1.d89d89d89d89ep-4,0.7393365958020022,-0.481185803620415,18.134983367360423,-0.08547319526672476,true,2.8774787681579407e-13,3.554447978966673e-16,1000,20,24,3.552718015606544e-14,0.0,0.0,1.7717545541485064e-13,0.004,0.19815600418108548,,,,
-2,4,-4,2,schwarzschild-overtone-continuation,ell4-uniform-40,7,7,52,0.1346153846153846,0x1.13b13b13b13b1p-3,0.7341168269783849,-0.48131854967565657,18.156112001453067,-0.09913218736958915,true,2.5344696839839403e-13,2.2301825219878386e-16,1000,20,24,3.552723436606653e-14,0.0,4.109325218620118e-15,1.0010838596205482e-13,0.004,0.19831034928393237,,,,
-2,4,-4,2,schwarzschild-overtone-continuation,ell4-uniform-40,8,2,13,0.15384615384615385,0x1.3b13b13b13b14p-3,0.7289866054752278,-0.4814311027747879,18.17688586966036,-0.11263038492739119,true,1.9472185139179407e-13,9.138552249316711e-16,1000,20,24,9.237430858009408e-14,0.0,0.0,7.690440443608046e-13,0.004,0.19845632196816856,,,,
-2,4,-4,2,schwarzschild-overtone-continuation,ell4-uniform-40,9,9,52,0.17307692307692307,0x1.6276276276276p-3,0.7239431514987636,-0.48152435573282054,18.19731711652679,-0.12597027252982576,true,1.9791238093393476e-13,6.429251234118251e-16,1000,20,24,6.394971357426492e-14,0.0,5.132305394595624e-15,4.2043780948188323e-13,0.004,0.19859427706547125,,,,
-2,4,-4,2,schwarzschild-overtone-continuation,ell4-uniform-40,10,5,26,0.19230769230769232,0x1.89d89d89d89d9p-3,0.7189838116804027,-0.4815991526663182,18.217417319736672,-0.13915430320859196,true,2.8203825669377895e-13,4.561234287365988e-16,1000,20,24,2.1320907500235726e-14,5.671925051606764e-15,1.1866928732135989e-14,4.105277489431405e-13,0.004,0.19872455011446205,,,,
-2,4,-4,2,schwarzschild-overtone-continuation,ell4-uniform-40,11,11,52,0.21153846153846154,0x1.b13b13b13b13bp-3,0.7141060514549854,-0.48165629225757606,18.23719752417783,-0.15218489693514853,true,3.8958546965271006e-14,2.7755575615628914e-17,1000,20,24,7.105505419728616e-14,0.0,1.2008898127460164e-15,2.5457895708452155e-13,0.004,0.1988474586575447,,,,
-2,4,-4,2,schwarzschild-overtone-continuation,ell4-uniform-40,12,3,13,0.23076923076923078,0x1.d89d89d89d89ep-3,0.709307448008854,-0.4816965307579198,18.25666827348319,-0.16506443941845556,true,5.970415671774391e-13,2.3714374201337736e-16,1000,20,24,7.816208614199565e-14,0.0,0.0,1.2663630341350758e-13,0.004,0.19896330343413896,,,,
-2,4,-4,2,schwarzschild-overtone-continuation,ell4-uniform-40,13,1,4,0.25,0x1.0000000000000p-2,0.7045856837469668,-0.48172058475460683,18.27583963927196,-0.17779528116375443,true,1.7778882870220142e-13,2.3714374201337736e-16,1000,20,24,1.4210963135005665e-14,0.0,6.011885869537829e-15,7.49144669659722e-13,0.004,0.19907236948008764,KerrQNMEFs-2/l4/s-2l4m-4n2.dat,251,1.27675647831893e-15,3.591640122215157e-15
-2,4,-4,2,schwarzschild-overtone-continuation,ell4-uniform-40,14,7,26,0.2692307692307692,0x1.13b13b13b13b1p-2,0.6999385402338271,-0.4817291337229656,18.29472124828809,-0.19037973675835157,true,2.0741581021497156e-13,3.394388883480595e-16,1000,20,24,9.237057232884494e-14,0.0,0.0,6.477354355507592e-13,0.004,0.19917492714173643,,,,
-2,4,-4,2,schwarzschild-overtone-continuation,ell4-uniform-40,15,15,52,0.28846153846153844,0x1.2762762762762p-2,0.6953638925672944,-0.48172282238332165,18.313322307617135,-0.2028200843547352,true,5.4142470610430035e-14,4.613190423717512e-16,1000,20,24,9.237190672163943e-14,0.0,6.673585601306539e-15,2.366491356068094e-13,0.004,0.19927123301258706,,,,
-2,4,-4,2,schwarzschild-overtone-continuation,ell4-uniform-40,16,4,13,0.3076923076923077,0x1.3b13b13b13b14p-2,0.6908597041487573,-0.4817022628799806,18.33165162814243,-0.21511856532496665,true,1.5668232628627226e-13,3.122502256758253e-16,1000,20,24,1.6653345369377348e-16,0.0,0.0,6.16357428196265e-13,0.004,0.19936153079913752,,,,
-2,4,-4,2,schwarzschild-overtone-continuation,ell4-uniform-40,17,17,52,0.3269230769230769,0x1.4ec4ec4ec4ec5p-2,0.6864240218162416,-0.4816680367981656,18.34971764638627,-0.22727738406372233,true,3.300213339760613e-13,3.48951172420846e-16,1000,20,24,3.5527310259929093e-14,1.577923392343183e-15,4.491946442396235e-15,1.0764927634543887e-12,0.004,0.1994460521225015,,,,
-2,4,-4,2,schwarzschild-overtone-continuation,ell4-uniform-40,18,9,26,0.34615384615384615,0x1.6276276276276p-2,0.6820549713107594,-0.48162069703281374,18.367528444867922,-0.23929870791997493,true,1.0174974457029638e-13,4.718958039861916e-16,1000,20,24,2.842517866562357e-14,0.0,5.420799638382024e-15,7.825673475074185e-13,0.004,0.19952501726112978,,,,
-2,4,-4,2,schwarzschild-overtone-continuation,ell4-uniform-40,19,19,52,0.36538461538461536,0x1.7627627627627p-2,0.6777507530487786,-0.4815607695219014,18.385091771099727,-0.2511846672398552,true,1.344087184317535e-13,9.961361631809749e-16,1000,20,24,4.263487704750087e-14,0.0,2.0053283331865004e-15,3.326782505962665e-13,0.004,0.19959863583967116,,,,
-2,4,-4,2,schwarzschild-overtone-continuation,ell4-uniform-40,20,5,13,0.38461538461538464,0x1.89d89d89d89d9p-2,0.6735096381761975,-0.4814887548558765,18.40241505532675,-0.2629373555054241,true,3.4099690070509785e-13,2.220446049250313e-16,1000,20,24,9.94775318546026e-14,5.1085341457628335e-15,8.979261171824063e-15,7.088108977440872e-13,0.004,0.1996671074686592,,,,
-2,4,-4,2,schwarzschild-overtone-continuation,ell4-uniform-40,21,21,52,0.40384615384615385,0x1.9d89d89d89d8ap-2,0.6693299648817276,-0.4814051297733286,18.41950542711231,-0.27455882955581923,true,2.467793789664406e-14,2.482534153247273e-16,1000,20,24,2.1316282072803006e-14,0.0,6.030310011760758e-15,5.749965840846263e-13,0.004,0.1997306223389328,,,,
-2,4,-4,2,schwarzschild-overtone-continuation,ell4-uniform-40,22,11,26,0.4230769230769231,0x1.b13b13b13b13bp-2,0.6652101349492823,-0.48131034855241506,18.436369730855212,-0.2860511098790186,true,6.374652726243004e-13,9.71445146547012e-17,1000,20,24,7.105566134123854e-14,0.0,0.0,8.26569683483927e-13,0.004,0.1997893617746338,,,,
-2,4,-4,2,schwarzschild-overtone-continuation,ell4-uniform-40,23,23,52,0.4423076923076923,0x1.c4ec4ec4ec4ecp-2,0.6611486105311516,-0.48120484430632937,18.453014540322588,-0.2974161809637641,true,1.0167606484773769e-13,4.673848563465896e-16,1000,20,24,1.0659441999608839e-13,1.5905664321074656e-15,9.176146095644399e-15,8.521575533114834e-13,0.004,0.19984349874798163,,,,
-2,4,-4,2,schwarzschild-overtone-continuation,ell4-uniform-40,24,6,13,0.46153846153846156,0x1.d89d89d89d89ep-2,0.6571439111251093,-0.481089030190619,18.469446172272868,-0.3086559917025633,true,4.735457160852064e-13,3.290674871864012e-16,1000,20,24,1.7763790437219668e-13,0.0,0.0,4.372445619593546e-13,0.004,0.1998931983590387,,,,
-2,4,-4,2,schwarzschild-overtone-continuation,ell4-uniform-40,25,25,52,0.4807692307692308,0x1.ec4ec4ec4ec4fp-2,0.653194610740168,-0.4809633005291652,18.485670699234532,-0.31977245583763725,true,1.0641845307724054e-13,7.7021722333370235e-16,1000,20,24,5.685425984875427e-14,0.0,1.4200442559903587e-14,5.799743873536481e-14,0.004,0.19993861828298126,,,,
-2,4,-4,2,schwarzschild-overtone-continuation,ell4-uniform-40,26,1,2,0.5,0x1.0000000000000p-1,0.6492993352370581,-0.48082803186533063,18.501693961505435,-0.33076745244286565,true,2.9771867813530423e-13,7.217783939387125e-16,1000,20,24,7.160723346098895e-15,0.0,1.2768047479727655e-14,3.300631621538849e-14,0.004,0.1999799091876772,KerrQNMEFs-2/l4/s-2l4m-4n2.dat,501,1.514803608703362e-14,2.3685249358555127e-14
-2,4,-4,2,schwarzschild-overtone-continuation,ell4-uniform-40,27,27,52,0.5192307692307693,0x1.09d89d89d89d9p-1,0.6454567598306534,-0.4806835839436573,18.517521578428234,-0.34164282643524446,true,3.859326866875544e-13,5.635475559608569e-16,1000,20,24,1.2079736709933806e-13,0.0,0.0,8.114670441040648e-13,0.004,0.20001721512331738,,,,
-2,4,-4,2,schwarzschild-overtone-continuation,ell4-uniform-40,28,7,13,0.5384615384615384,0x1.13b13b13b13b1p-1,0.6416656067426001,-0.4805303006280083,18.533158958993084,-0.3524003891107862,true,1.6272824852022135e-13,1.0190492755571723e-15,1000,20,24,4.2644271921471253e-14,0.0,1.840770197997631e-14,8.136024599207253e-13,0.004,0.20005067388707456,,,,
-2,4,-4,2,schwarzschild-overtone-continuation,ell4-uniform-40,29,29,52,0.5576923076923077,0x1.1d89d89d89d8ap-1,0.6379246429934807,-0.48036851076023807,18.548611311817684,-0.3630419186995917,true,2.1854965131365875e-13,4.163336342344337e-16,1000,20,24,4.974592103558154e-14,0.0,0.0,5.076932264388736e-13,0.004,0.2000804173636145,,,,
-2,4,-4,2,schwarzschild-overtone-continuation,ell4-uniform-40,30,15,26,0.5769230769230769,0x1.2762762762762p-1,0.6342326783246567,-0.4801985289640505,18.563883654545442,-0.3735691609360192,true,3.660512898189616e-13,9.71445146547012e-17,1000,20,24,5.686173892533638e-14,6.2112984669845895e-15,8.238311188599651e-15,1.0297420477951087e-12,0.004,0.20010657184388086,,,,
-2,4,-4,2,schwarzschild-overtone-continuation,ell4-uniform-40,31,31,52,0.5961538461538461,0x1.313b13b13b13bp-1,0.6305885632407184,-0.48002065639827735,18.578980822704565,-0.3839838296403911,true,1.1097966170977301e-13,1.2738115944464653e-16,1000,20,24,5.68473218546349e-14,0.0,0.0,4.3099263923436336e-13,0.004,0.2001292583236243,,,,
-2,4,-4,2,schwarzschild-overtone-continuation,ell4-uniform-40,32,8,13,0.6153846153846154,0x1.3b13b13b13b14p-1,0.6269911871642462,-0.4798351814627216,18.593907478063628,-0.39428760730858603,true,3.940440370234608e-13,5.765966151911114e-16,1000,20,24,2.8458331869140986e-14,0.0,0.0,7.889904419750628e-13,0.004,0.20014859278290195,,,,
-2,4,-4,2,schwarzschild-overtone-continuation,ell4-uniform-40,33,33,52,0.6346153846153846,0x1.44ec4ec4ec4ecp-1,0.6234394766952152,-0.47964238046041546,18.60866811651858,-0.40448214570698915,true,1.0728684301118237e-12,4.85722573273506e-16,1000,20,24,7.105566134123854e-14,2.4101047098148875e-14,3.4510305435363004e-14,9.176499366271146e-13,0.004,0.20016468644805901,,,,
-2,4,-4,2,schwarzschild-overtone-continuation,ell4-uniform-40,34,17,26,0.6538461538461539,0x1.4ec4ec4ec4ec5p-1,0.6199323939679608,-0.4794425182190583,18.62326707554105,-0.41456906647005265,true,1.9383667365793185e-13,4.767681634571498e-16,1000,20,24,1.4245939555527722e-14,0.0,0.0,3.3702713968146283e-13,0.004,0.20017764603743793,,,,
-2,4,-4,2,schwarzschild-overtone-continuation,ell4-uniform-40,35,35,52,0.6730769230769231,0x1.589d89d89d89ep-1,0.6164689350991311,-0.4792358486744653,18.63770854121954,-0.42454996169825454,true,1.2602434925368443e-13,7.632783294297951e-17,1000,20,24,2.1334777765716796e-14,0.0,9.949512507731418e-15,9.488556007785067e-14,0.004,0.20018757399160456,,,,
-2,4,-4,2,schwarzschild-overtone-continuation,ell4-uniform-40,36,9,13,0.6923076923076923,0x1.6276276276276p-1,0.6130481287207685,-0.4790226154190186,18.65199655491684,-0.43442639455482235,true,1.166657093131806e-12,3.510833468576701e-16,1000,20,24,9.237115612806446e-14,0.0,0.0,7.20990833578651e-13,0.004,0.20019456868992008,,,,
-2,4,-4,2,schwarzschild-overtone-continuation,ell4-uniform-40,37,37,52,0.7115384615384616,0x1.6c4ec4ec4ec4fp-1,0.6096690345926894,-0.478803052216836,18.666135019571037,-0.4441998998590232,true,1.2864797624345603e-13,9.020562075079397e-17,1000,20,24,2.842517866562357e-14,0.0,1.6021964624461192e-14,4.594724751878475e-13,0.004,0.20019872465314975,,,,
-2,4,-4,2,schwarzschild-overtone-continuation,ell4-uniform-40,38,19,26,0.7307692307692307,0x1.7627627627627p-1,0.606330742289252,-0.4785773834887193,18.68012770566248,-0.4538719846752409,true,3.046659127845292e-13,6.183017822721088e-16,1000,20,24,3.552783067061927e-14,0.0,0.0,3.0560049876808963e-13,0.004,0.20020013273446097,,,,
-2,4,-4,2,schwarzschild-overtone-continuation,ell4-uniform-40,39,3,4,0.75,0x1.8000000000000p-1,0.6030323699555037,-0.4783458247681229,18.693978256866018,-0.4634441288959499,true,1.139981413158792e-12,8.920730087951354e-16,1000,20,24,2.1326687873800038e-14,3.6359253178280915e-14,4.753158329189458e-14,2.437754493629522e-13,0.004,0.20019888029841812,KerrQNMEFs-2/l4/s-2l4m-4n2.dat,751,4.3717877549888557e-14,1.0373049949217413e-13
-2,4,-3,0,schwarzschild-overtone-continuation,ell4-uniform-40,0,0,1,0.0,0x0.0p+0,0.8091783775322383,-0.0941639609889252,18.0,0.0,true,7.499488734293678e-14,2.237726045655905e-16,1000,20,24,0.0,1.4988010832439613e-15,4.289673373771929e-15,2.020270370000919e-13,0.004,,KerrQNMEFs-2/l4/s-2l4m-3n0.dat,1,2.092556886098636e-15,0.0
-2,4,-3,0,schwarzschild-overtone-continuation,ell4-uniform-40,1,1,52,0.019230769230769232,0x1.3b13b13b13b14p-6,0.8051901178673557,-0.09418101621891367,18.01849624536794,-0.0021532303517020988,true,7.28103186252574e-14,6.849851696944542e-16,1000,20,24,2.486899629612468e-14,0.0,0.0,1.2668612835161348e-13,0.004,,,,,
-2,4,-3,0,schwarzschild-overtone-continuation,ell4-uniform-40,2,1,26,0.038461538461538464,0x1.3b13b13b13b14p-5,0.8012790723367662,-0.09419307913810712,18.036645133153606,-0.004267020897681485,true,1.9990576017692018e-13,4.996485455209446e-16,1000,20,24,4.618527822348934e-14,0.0,4.351544071500338e-15,7.281742839629539e-14,0.004,,,,,
-2,4,-3,0,schwarzschild-overtone-continuation,ell4-uniform-40,3,3,52,0.057692307692307696,0x1.d89d89d89d89ep-5,0.7974427191001868,-0.0942003629425305,18.054456580310863,-0.006341571918074039,true,8.646207071388872e-14,2.0014830212433605e-16,1000,20,24,4.9738008927881733e-14,0.0,0.0,8.871369750350845e-14,0.004,,,,,
-2,4,-3,0,schwarzschild-overtone-continuation,ell4-uniform-40,4,1,13,0.07692307692307693,0x1.3b13b13b13b14p-4,0.7936786606889847,-0.09420306697352612,18.07194005751648,-0.008377092606250679,true,3.96907448623273e-14,4.518280359883027e-16,1000,20,24,3.2959746043559335e-17,0.0,0.0,9.323361849910635e-14,0.004,,,,,
-2,4,-3,0,schwarzschild-overtone-continuation,ell4-uniform-40,5,5,52,0.09615384615384616,0x1.89d89d89d89d9p-4,0.7899846159542674,-0.09420137771841468,18.08910461625262,-0.010373799698600715,true,1.2960578300805173e-13,2.220446049250313e-16,1000,20,24,1.0658186776082508e-14,2.5823128856601336e-15,2.626717347901611e-15,5.779476003870999e-14,0.004,,,,,
-2,4,-3,0,schwarzschild-overtone-continuation,ell4-uniform-40,6,3,26,0.11538461538461539,0x1.d89d89d89d89ep-4,0.7863584126619848,-0.09419546972105197,18.105958913807594,-0.01233191625499102,true,1.2379260543364325e-13,2.3714374201337736e-16,1000,20,24,2.486899629612468e-14,0.0,7.311948141785978e-15,3.8390683849633634e-13,0.004,,,,,
-2,4,-3,0,schwarzschild-overtone-continuation,ell4-uniform-40,7,7,52,0.1346153846153846,0x1.13b13b13b13b1p-3,0.7827979806730827,-0.09418550641152801,18.122511236384984,-0.014251670572582942,true,1.1777347154732099e-13,1.5218182408308987e-16,1000,20,24,4.973799150320701e-14,0.0,1.006667790459118e-14,2.775640160926863e-13,0.004,,,,,
-2,4,-3,0,schwarzschild-overtone-continuation,ell4-uniform-40,8,2,13,0.15384615384615385,0x1.3b13b13b13b14p-3,0.7793013456537518,-0.09417164086334479,18.13876952049449,-0.01613329521790549,true,1.4068589165938136e-13,5.551115123125783e-17,1000,20,24,6.039614938061418e-14,0.0,0.0,7.195924044677861e-14,0.004,,,,,
-2,4,-3,0,schwarzschild-overtone-continuation,ell4-uniform-40,9,9,52,0.17307692307692307,0x1.6276276276276p-3,0.7758666232666988,-0.09415401648503695,18.15474137277657,-0.017977026163854704,true,1.4528726511883417e-13,2.7344877050525285e-16,1000,20,24,9.947607503045094e-14,2.1649348980190553e-15,4.973827029727001e-15,3.318420033929862e-13,0.004,,,,,
-2,4,-3,0,schwarzschild-overtone-continuation,ell4-uniform-40,10,5,26,0.19230769230769232,0x1.89d89d89d89d9p-3,0.7724920137996583,-0.0941327676529623,18.17043408840043,-0.01978310202004273,true,1.616051556834531e-14,1.457167719820518e-16,1000,20,24,7.105549329298523e-15,3.1470771739840382e-15,5.5358285084610146e-15,6.117197894234292e-14,0.004,,,,,
-2,4,-3,0,schwarzschild-overtone-continuation,ell4-uniform-40,11,11,52,0.21153846153846154,0x1.b13b13b13b13bp-3,0.7691757971918933,-0.09410802029064302,18.18585466815604,-0.021551763346197073,true,1.1404708942048474e-13,1.8041124150158794e-16,1000,20,24,1.4210905960602915e-14,0.0,0.0,3.498775518444208e-13,0.004,,,,,
-2,4,-3,0,schwarzschild-overtone-continuation,ell4-uniform-40,12,3,13,0.23076923076923078,0x1.d89d89d89d89ep-3,0.7659163284235925,-0.09407989239995783,18.201009834354213,-0.023283252039642398,true,5.819814086698123e-14,2.7755575615628914e-16,1000,20,24,1.1368684666840118e-13,1.0934428697813141e-15,6.177720273529505e-15,1.001960133691401e-13,0.004,,,,,
-2,4,-3,0,schwarzschild-overtone-continuation,ell4-uniform-40,13,1,4,0.25,0x1.0000000000000p-2,0.7627120332365502,-0.09404849454854063,18.215906045631964,-0.024977810788864595,true,3.165662295474924e-13,2.8609792490763985e-16,1000,20,24,1.2079227484500825e-13,0.0,0.0,2.1589325114229499e-13,0.004,,KerrQNMEFs-2/l4/s-2l4m-3n0.dat,251,3.5132737468895527e-15,6.750343448883411e-14
-2,4,-3,0,schwarzschild-overtone-continuation,ell4-uniform-40,14,7,26,0.2692307692307692,0x1.13b13b13b13b1p-2,0.7595614041577732,-0.09401393031737242,18.230549510756113,-0.026635682586131113,true,1.3892612469353481e-13,7.642869566678791e-16,1000,20,24,6.03963000525979e-14,2.7084450456260954e-15,5.054125703956246e-15,3.322809042366862e-13,0.004,,,,,
-2,4,-3,0,schwarzschild-overtone-continuation,ell4-uniform-40,15,15,52,0.28846153846153844,0x1.2762762762762p-2,0.7564629968003881,-0.09397629671242969,18.24494620150338,-0.028257110293004085,true,9.702307551300533e-14,4.545902364027965e-16,1000,20,24,2.84217452175235e-14,0.0,7.140914125274608e-15,3.580361673049448e-15,0.004,,,,,
-2,4,-3,0,schwarzschild-overtone-continuation,ell4-uniform-40,16,4,13,0.3076923076923077,0x1.3b13b13b13b14p-2,0.7534154264187896,-0.09393568454316766,18.259101864694067,-0.029842336253143812,true,4.712488070819856e-13,3.677613769070831e-16,1000,20,24,6.039613293821226e-14,9.155133597044475e-15,1.2701512141729953e-14,3.966758972833189e-13,0.004,,,,,
-2,4,-3,0,schwarzschild-overtone-continuation,ell4-uniform-40,17,17,52,0.3269230769230769,0x1.4ec4ec4ec4ec5p-2,0.7504173646971143,-0.09389217877116188,18.273022033444107,-0.03139160194759943,true,1.7754073449533286e-13,9.020562075079397e-17,1000,20,24,3.553147333202946e-15,3.4439569629292395e-15,7.962525124746686e-15,6.090890335672311e-13,0.004,,,,,
-2,4,-3,0,schwarzschild-overtone-continuation,ell4-uniform-40,18,9,26,0.34615384615384615,0x1.6276276276276p-2,0.7474675367521819,-0.09384585883124354,18.286712037696713,-0.03290514768821297,true,5.564421850464315e-14,4.441434166503682e-16,1000,20,24,2.4869057705936192e-14,0.0,0.0,1.9146786672293307e-13,0.004,,,,,
-2,4,-3,0,schwarzschild-overtone-continuation,ell4-uniform-40,19,19,52,0.36538461538461536,0x1.7627627627627p-2,0.7445647183336986,-0.09379679892747485,18.300177014088963,-0.03438321234525754,true,1.7296690385882172e-14,4.545902364027965e-16,1000,20,24,6.750156881334521e-14,0.0,0.0,2.8440750316029494e-13,0.004,,,,,
-2,4,-3,0,schwarzschild-overtone-continuation,ell4-uniform-40,20,5,13,0.38461538461538464,0x1.89d89d89d89d9p-2,0.7417077332062342,-0.09374506830618802,18.313421915203726,-0.03582603310592651,true,4.8045855428985605e-14,2.636779683484747e-16,1000,20,24,6.394884960654072e-14,0.0,0.0,1.3129728619356446e-13,0.004,,,,,
-2,4,-3,0,schwarzschild-overtone-continuation,ell4-uniform-40,21,21,52,0.40384615384615385,0x1.9d89d89d89d8ap-2,0.7388954506987753,-0.0936907315078726,18.326451518252092,-0.03723384526057417,true,1.256113218645189e-13,4.613190423717512e-16,1000,20,24,1.6342483452798577e-13,0.0,5.144973423413956e-15,1.7913977458849575e-13,0.004,,,,,
-2,4,-3,0,schwarzschild-overtone-continuation,ell4-uniform-40,22,11,26,0.4230769230769231,0x1.b13b13b13b13bp-2,0.7361267834089603,-0.09363384859966949,18.33927043322849,-0.03860688201402741,true,1.8823568639908127e-13,1.1631705747361534e-16,1000,20,24,2.4869553335041473e-14,0.0,0.0,3.2187860420988967e-13,0.004,,,,,
-2,4,-3,0,schwarzschild-overtone-continuation,ell4-uniform-40,23,23,52,0.4423076923076923,0x1.c4ec4ec4ec4ecp-2,0.7334006850503153,-0.09357447539005243,18.351883110577546,-0.03994537431951063,true,9.016760895373711e-14,5.200468367758596e-16,1000,20,24,4.85722573273506e-17,0.0,7.973196722539313e-15,4.2930473950670115e-13,0.004,,,,,
-2,4,-3,0,schwarzschild-overtone-continuation,ell4-uniform-40,24,6,13,0.46153846153846156,0x1.d89d89d89d89ep-2,0.7307161484316631,-0.09351266362703198,18.36429384840552,-0.04124955073303105,true,1.6633912529813326e-13,5.881301029635769e-16,1000,20,24,1.0658222351254248e-14,3.1056802402188343e-15,5.164625771320267e-15,2.8424484852453534e-13,0.004,,,,,
-2,4,-3,0,schwarzschild-overtone-continuation,ell4-uniform-40,25,25,52,0.4807692307692308,0x1.ec4ec4ec4ec4fp-2,0.7280722035590098,-0.09344846118120073,18.376506799270423,-0.04251963728629306,true,3.2685086521157554e-14,2.42861286636753e-16,1000,20,24,1.2079232965300564e-13,0.0,0.0,3.267917286364508e-13,0.004,,,,,
-2,4,-3,0,schwarzschild-overtone-continuation,ell4-uniform-40,26,1,2,0.5,0x1.0000000000000p-1,0.7254679158508264,-0.09338191221478107,18.388525976578826,-0.04375585737642763,true,2.527581636074864e-13,5.551115123125783e-17,1000,20,24,4.618628695540403e-14,4.775249788392737e-15,6.3966215187781514e-15,6.01080938469374e-14,0.004,,KerrQNMEFs-2/l4/s-2l4m-3n0.dat,501,2.8007356302398076e-15,2.131729848810706e-14
-2,4,-3,0,schwarzschild-overtone-continuation,ell4-uniform-40,27,27,52,0.5192307692307693,0x1.09d89d89d89d9p-1,0.72290238445864,-0.09331305733777637,18.40035526061784,-0.04495843167101805,true,3.3282997553655016e-14,2.3479724158959924e-16,1000,20,24,2.4869422652544834e-14,0.0,2.369650047128357e-15,7.799804677723951e-14,0.004,,,,,
-2,4,-3,0,schwarzschild-overtone-continuation,ell4-uniform-40,28,7,13,0.5384615384615384,0x1.13b13b13b13b1p-1,0.7203747406852167,-0.09324193375202838,18.41199840424487,-0.04612757802698568,true,7.488139498106957e-14,3.447170978769293e-16,1000,20,24,3.907993917415531e-14,0.0,1.5634946341010144e-14,8.129865370591475e-13,0.004,,,,,
-2,4,-3,0,schwarzschild-overtone-continuation,ell4-uniform-40,29,29,52,0.5576923076923077,0x1.1d89d89d89d8ap-1,0.7178841464935817,-0.09316857538429776,18.423459038259764,-0.047263511422231175,true,3.996371111929565e-13,3.5388358909926865e-16,1000,20,24,5.329071647577895e-14,7.4517388679806e-15,9.473559806558736e-15,7.122925131982822e-13,0.004,,,,,
-2,4,-3,0,schwarzschild-overtone-continuation,ell4-uniform-40,30,15,26,0.5769230769230769,0x1.2762762762762p-1,0.7154297931003735,-0.09309301300897299,18.43474067647949,-0.04836644389884751,true,5.17892563931115e-14,6.938893903907228e-18,1000,20,24,8.171269774189051e-14,0.0,5.8717476176549836e-15,1.2716779685529957e-13,0.004,,,,,
-2,4,-3,0,schwarzschild-overtone-continuation,ell4-uniform-40,31,31,52,0.5961538461538461,0x1.313b13b13b13bp-1,0.7130108996477492,-0.0930152743612155,18.445846720535464,-0.04943658451699402,true,2.748108569828613e-13,2.2215299868541707e-16,1000,20,24,1.0302874925965991e-13,5.445347557023364e-15,7.306955103411759e-15,2.1431618279190542e-14,0.004,,,,,
-2,4,-3,0,schwarzschild-overtone-continuation,ell4-uniform-40,32,8,13,0.6153846153846154,0x1.3b13b13b13b14p-1,0.7106267119483795,-0.09293538424126004,18.456780464409906,-0.05047413931857727,true,4.586441905689138e-13,3.433175098891678e-16,1000,20,24,9.237087491452601e-14,0.0,5.410290774049894e-15,5.916936708447562e-13,0.004,,,,,
-2,4,-3,0,schwarzschild-overtone-continuation,ell4-uniform-40,33,33,52,0.6346153846153846,0x1.44ec4ec4ec4ecp-1,0.7082765012985767,-0.0928533646104037,18.46754509872991,-0.05147931129996374,true,5.958081967793455e-14,3.0436364816617974e-16,1000,20,24,4.973839856137483e-14,0.0,0.0,2.52461884080475e-13,0.004,,,,,
-2,4,-3,0,schwarzschild-overtone-continuation,ell4-uniform-40,34,17,26,0.6538461538461539,0x1.4ec4ec4ec4ec5p-1,0.7059595633549506,-0.09276923467937152,18.478143714832427,-0.052452300393123576,true,1.0997015455233487e-13,3.314002943249781e-16,1000,20,24,3.1975345420667126e-14,1.9884017659498688e-15,6.547977961700913e-15,4.4461824906852923e-13,0.004,,,,,
-2,4,-3,0,schwarzschild-overtone-continuation,ell4-uniform-40,35,35,52,0.6730769230769231,0x1.589d89d89d89ep-1,0.7036752170702978,-0.09268301098942526,18.488579308615268,-0.05339330345451635,true,4.863983241956201e-13,6.245004513516506e-17,1000,20,24,7.105915231829363e-15,0.0,0.0,7.190155400931452e-13,0.004,,,,,
-2,4,-3,0,schwarzschild-overtone-continuation,ell4-uniform-40,36,9,13,0.6923076923076923,0x1.6276276276276p-1,0.7014228036848453,-0.092594707486901,18.49885478418791,-0.05430251426135086,true,5.71586978751213e-13,1.1188630228279524e-16,1000,20,24,6.394898211999526e-14,1.0802598751379495e-14,1.2162715239343383e-14,2.8834524650477605e-13,0.004,,,,,
-2,4,-3,0,schwarzschild-overtone-continuation,ell4-uniform-40,37,37,52,0.7115384615384616,0x1.6c4ec4ec4ec4fp-1,0.6992016857691303,-0.09250433559146246,18.50897295733243,-0.05518012351467789,true,1.2114766667846692e-13,3.3422138886441676e-16,1000,20,24,2.842187544837679e-14,0.0,1.1825308511919189e-14,1.0367687518896841e-12,0.004,,,,,
-2,4,-3,0,schwarzschild-overtone-continuation,ell4-uniform-40,38,19,26,0.7307692307692307,0x1.7627627627627p-1,0.6970112463151013,-0.09241190425847143,18.518936558787615,-0.056026318848920786,true,4.039688931120384e-13,4.4256872386577647e-16,1000,20,24,2.487032095984328e-14,0.0,0.0,1.528860550767299e-13,0.004,,,,,
-2,4,-3,0,schwarzschild-overtone-continuation,ell4-uniform-40,39,3,4,0.75,0x1.8000000000000p-1,0.694850887872503,-0.09231742003617222,18.528748237366152,-0.05684128484771638,true,7.020475961437554e-13,1.7694179454963432e-16,1000,20,24,2.13163227303457e-14,0.0,0.0,9.014464035471905e-14,0.004,,KerrQNMEFs-2/l4/s-2l4m-3n0.dat,751,2.7679142542305073e-15,2.493137144443874e-14
-2,4,-3,1,schwarzschild-overtone-continuation,ell4-uniform-40,0,0,1,0.0,0x0.0p+0,0.7966315320345079,-0.28433434940484453,18.0,0.0,true,1.2017106534520756e-13,4.903103153189179e-16,1000,20,24,0.0,0.0,0.0,2.3892205850199173e-13,0.004,0.1905838397194409,KerrQNMEFs-2/l4/s-2l4m-3n1.dat,1,6.562770492126068e-15,0.0
-2,4,-3,1,schwarzschild-overtone-continuation,ell4-uniform-40,1,1,52,0.019230769230769232,0x1.3b13b13b13b14p-6,0.792512675677612,-0.28440885171882874,18.018215967628162,-0.006503308603192962,true,5.0556001947504495e-14,9.2849038301769e-16,1000,20,24,3.1974423120968854e-14,0.0,2.288783399261119e-15,3.769268483808287e-14,0.004,0.19064980183429786,,,,
-2,4,-3,1,schwarzschild-overtone-continuation,ell4-uniform-40,2,1,26,0.038461538461538464,0x1.3b13b13b13b14p-5,0.7884735606568525,-0.2844679735968062,18.03610332022102,-0.012890509615890706,true,2.0883528232830687e-13,3.447170978769293e-16,1000,20,24,8.52651452495158e-14,0.0,9.484450173757227e-15,1.6783105998904896e-13,0.004,0.19070531348301095,,,,
-2,4,-3,1,schwarzschild-overtone-continuation,ell4-uniform-40,3,3,52,0.057692307692307696,0x1.d89d89d89d89ep-5,0.7845116269515221,-0.28451235866057417,18.053672278112806,-0.019162223699417318,true,3.988111494503215e-13,4.577566798522237e-16,1000,20,24,1.0658268090586294e-14,0.0,0.0,7.152042592629986e-14,0.004,0.1907508030345926,,,,
-2,4,-3,1,schwarzschild-overtone-continuation,ell4-uniform-40,4,1,13,0.07692307692307693,0x1.3b13b13b13b14p-4,0.7806244398674705,-0.2845426086204083,18.070932595033618,-0.025319097349414763,true,1.1679546219056647e-13,2.8449465006019636e-16,1000,20,24,1.7763797430234892e-14,0.0,1.7772239894833365e-15,5.4478362132756446e-14,0.004,0.19078667090654433,,,,
-2,4,-3,1,schwarzschild-overtone-continuation,ell4-uniform-40,5,5,52,0.09615384615384616,0x1.89d89d89d89d9p-4,0.776809681928712,-0.2845592862814073,18.08789358620228,-0.0313617987302001,true,3.7377039487664964e-13,5.35015268926554e-16,1000,20,24,1.0302871561201796e-13,0.0,1.2639609991879101e-14,2.6112596589498446e-13,0.004,0.19081329156810434,,,,
-2,4,-3,1,schwarzschild-overtone-continuation,ell4-uniform-40,6,3,26,0.11538461538461539,0x1.d89d89d89d89ep-4,0.7730651454154114,-0.284562918279031,18.1045641542553,-0.03729101396587021,true,1.0664060582004449e-13,1.1188630228279524e-16,1000,20,24,3.1975627755592336e-14,0.0,5.671925051606764e-15,2.2251705730646432e-13,0.004,0.19083101536323602,,,,
-2,4,-3,1,schwarzschild-overtone-continuation,ell4-uniform-40,7,7,52,0.1346153846153846,0x1.13b13b13b13b1p-3,0.7693887254864118,-0.28455399757160443,18.120952813211343,-0.043107443835905965,true,1.7595406304354025e-13,5.027227436193981e-16,1000,20,24,1.7764110486817194e-14,0.0,2.7822109252321576e-15,4.541232895892954e-14,0.004,0.19084017017186228,,,,
-2,4,-3,1,schwarzschild-overtone-continuation,ell4-uniform-40,8,2,13,0.15384615384615385,0x1.3b13b13b13b14p-3,0.7657784138314576,-0.28453298571455127,18.137067710648523,-0.04881180082962367,true,1.45498698456416e-13,2.5673907444456745e-16,1000,20,24,3.552716118254551e-14,0.0,0.0,1.6223363540591742e-13,0.004,0.1908410629257508,,,,
-2,4,-3,1,schwarzschild-overtone-continuation,ell4-uniform-40,9,9,52,0.17307692307692307,0x1.6276276276276p-3,0.7622322928037818,-0.284500314938006,18.152916648252862,-0.05440480651958032,true,3.317414764022927e-13,6.04002714990216e-16,1000,20,24,8.526515116109853e-14,0.0,1.1545919128359507e-14,5.624442000637873e-13,0.004,0.1908339809937391,,,,
-2,4,-3,1,schwarzschild-overtone-continuation,ell4-uniform-40,10,5,26,0.19230769230769232,0x1.89d89d89d89d9p-3,0.7587485299891723,-0.28445639004704554,18.168507100881435,-0.059887189218746,true,1.0587220882878262e-13,2.6945789820192466e-16,1000,20,24,1.101341555196483e-13,0.0,3.554447978966673e-15,2.6006040065206584e-13,0.004,0.1908191934488108,,,,
-2,4,-3,1,schwarzschild-overtone-continuation,ell4-uniform-40,11,11,52,0.21153846153846154,0x1.b13b13b13b13bp-3,0.755325373172512,-0.2844015901618437,18.183846234265044,-0.06525968189066385,true,1.1250191811072475e-13,3.3486903561235222e-16,1000,20,24,1.4211186748238394e-14,0.0,0.0,2.716156488812348e-13,0.004,0.19079695222891319,,,,
-2,4,-3,1,schwarzschild-overtone-continuation,ell4-uniform-40,12,3,13,0.23076923076923078,0x1.d89d89d89d89ep-3,0.7519611456660965,-0.28433627031274017,18.198940921469315,-0.07052302028547877,true,1.8949708604853734e-13,4.445768331151997e-16,1000,20,24,1.1368686821479804e-13,0.0,7.259237202788307e-15,1.0026979723247572e-13,0.004,0.1907674932012437,,,,
-2,4,-3,1,schwarzschild-overtone-continuation,ell4-uniform-40,13,1,4,0.25,0x1.0000000000000p-2,0.7486542419683996,-0.28426076290400876,18.21379775821305,-0.0756779412778613,true,1.0260286925897542e-13,4.355503409735122e-16,1000,20,24,3.552716118254551e-14,4.47545209131181e-15,1.401708781075867e-14,5.690418843518695e-13,0.004,0.19073103713940087,KerrQNMEFs-2/l4/s-2l4m-3n1.dat,251,1.1557523003086632e-14,1.776359007803272e-14
-2,4,-3,1,schwarzschild-overtone-continuation,ell4-uniform-40,14,7,26,0.2692307692307692,0x1.13b13b13b13b1p-2,0.7454031237245362,-0.28417537905832363,18.228423077141695,-0.08072518138578397,true,1.9739952703666008e-13,2.9504581591051765e-16,1000,20,24,7.460745320214631e-14,0.0,0.0,6.021463223853547e-13,0.004,0.19068779062143332,,,,
-2,4,-3,1,schwarzschild-overtone-continuation,ell4-uniform-40,15,15,52,0.28846153846153844,0x1.2762762762762p-2,0.7422063159627735,-0.28408040985286637,18.24282296113555,-0.08566547545146799,true,1.0042702162889546e-13,3.1401849173675503e-16,1000,20,24,9.237070576899184e-14,0.0,6.179715178005021e-15,4.901747183527683e-13,0.004,0.1906379468558596,,,,
-2,4,-3,1,schwarzschild-overtone-continuation,ell4-uniform-40,16,4,13,0.3076923076923077,0x1.3b13b13b13b14p-2,0.7390624035837825,-0.28397612745675915,18.257003255732997,-0.09049955546806357,true,8.515866545276975e-14,5.552849575635886e-16,1000,20,24,2.842366092731745e-14,1.4946834900704542e-15,5.759532738176401e-15,2.6874442976893645e-13,0.004,0.19058168644257578,,,,
-2,4,-3,1,schwarzschild-overtone-continuation,ell4-uniform-40,17,17,52,0.3269230769230769,0x1.4ec4ec4ec4ec5p-2,0.7359700280815519,-0.283862786178588,18.270969580735027,-0.09522814953745654,true,1.1497365867357834e-13,2.2215299868541707e-16,1000,20,24,1.5631975669662123e-13,0.0,0.0,5.3681550711323126e-14,0.004,0.19051917807409782,,,,
-2,4,-3,1,schwarzschild-overtone-continuation,ell4-uniform-40,18,9,26,0.34615384615384615,0x1.6276276276276p-2,0.7329278844769437,-0.28374062343192147,18.284727341055916,-0.09985198094634995,true,2.1222818437827452e-13,1.6199010924212654e-16,1000,20,24,1.776357381501254e-14,0.0,0.0,4.95970313396419e-13,0.004,0.19045057918271535,,,,
-2,4,-3,1,schwarzschild-overtone-continuation,ell4-uniform-40,19,19,52,0.36538461538461536,0x1.7627627627627p-2,0.7299347184464774,-0.28360986062588567,18.29828173687524,-0.1043717673491493,true,2.3699556209291356e-14,3.469446951953614e-17,1000,20,24,1.6342555104261012e-13,0.0,2.224778631027185e-14,5.59223117583207e-13,0.004,0.19037603653828075,,,,
-2,4,-3,1,schwarzschild-overtone-continuation,ell4-uniform-40,20,5,13,0.38461538461538464,0x1.89d89d89d89d9p-2,0.7269893236305617,-0.28347070398727103,18.31163777314353,-0.10878822004761952,true,6.307942934059235e-14,4.596460756922437e-16,1000,20,24,9.947679712274966e-14,0.0,1.336885555457667e-15,9.668098502789351e-14,0.004,0.19029568680090542,,,,
-2,4,-3,1,schwarzschild-overtone-continuation,ell4-uniform-40,21,21,52,0.40384615384615385,0x1.9d89d89d89d8ap-2,0.7240905391070179,-0.2833233453199642,18.32480026849149,-0.11310204335832875,true,1.3992686542471218e-13,6.403362282114315e-16,1000,20,24,5.3293596309376084e-14,0.0,3.942464333787022e-15,4.682755945028529e-13,0.004,0.190209657032564,,,,
-2,4,-3,1,schwarzschild-overtone-continuation,ell4-uniform-40,22,11,26,0.4230769230769231,0x1.b13b13b13b13bp-2,0.7212372470162792,-0.2831679627070006,18.33777386357986,-0.11731393406001334,true,4.3436192855716414e-13,3.0436364816617974e-16,1000,20,24,1.101347151062848e-13,7.355384643495589e-15,1.1244125910946668e-14,3.8895421044201334e-13,0.004,0.19011806517119773,,,,
-2,4,-3,1,schwarzschild-overtone-continuation,ell4-uniform-40,23,23,52,0.4423076923076923,0x1.c4ec4ec4ec4ecp-2,0.7184283703269921,-0.283004721160072,18.3505630289373,-0.12142458091389251,true,7.473903979761838e-14,8.891536662303994e-16,1000,20,24,4.6185811582391754e-14,1.3732700395566711e-15,5.875797014453728e-15,6.042224978733284e-14,0.004,0.19002102047053707,,,,
-2,4,-3,1,schwarzschild-overtone-continuation,ell4-uniform-40,24,6,13,0.46153846153846156,0x1.d89d89d89d89ep-2,0.7156628707303455,-0.28283377322087994,18.363172072314885,-0.12543466425081878,true,6.503898360999632e-13,1.1796119636642288e-16,1000,20,24,7.105689729682622e-14,1.1933735596856535e-14,1.2955403642396263e-14,2.1230994353616275e-13,0.004,0.1899186239087646,,,,
-2,4,-3,1,schwarzschild-overtone-continuation,ell4-uniform-40,25,25,52,0.4807692307692308,0x1.ec4ec4ec4ec4fp-2,0.7129397466535923,-0.2826552595183486,18.37560514559507,-0.12934485561981585,true,1.3194158728928982e-13,6.919785635576268e-16,1000,20,24,8.171394190902453e-14,0.0,0.0,5.998328591126894e-14,0.004,0.18981096856870114,,,,
-2,4,-3,1,schwarzschild-overtone-continuation,ell4-uniform-40,26,1,2,0.5,0x1.0000000000000p-1,0.7102580313834199,-0.2824693092854058,18.38786625128414,-0.13315581749336897,true,6.845891204158909e-14,8.179952389401392e-16,1000,20,24,1.1368724768482332e-13,0.0,4.456477261977354e-15,2.364957466428725e-13,0.004,0.1896981399920831,KerrQNMEFs-2/l4/s-2l4m-3n1.dat,501,4.3002335929607924e-15,7.105852352142588e-14
-2,4,-3,1,schwarzschild-overtone-continuation,ell4-uniform-40,27,27,52,0.5192307692307693,0x1.09d89d89d89d9p-1,0.7076167912903982,-0.28227604083878505,18.3999592486147,-0.13686820302533553,true,1.357141275442619e-13,6.632726042485506e-16,1000,20,24,3.5709896874363505e-15,0.0,3.0247210793422136e-15,4.444443392229688e-14,0.004,0.18958021651034024,,,,
-2,4,-3,1,schwarzschild-overtone-continuation,ell4-uniform-40,28,7,13,0.5384615384615384,0x1.13b13b13b13b1p-1,0.7050151241471441,-0.2820755620249324,18.411887859285166,-0.14048265585786385,true,1.1281264549655142e-13,4.847302891456678e-16,1000,20,24,1.0658177176412646e-14,0.0,4.976227170553342e-15,1.4872679577802101e-13,0.004,0.1894572695541291,,,,
-2,4,-3,1,schwarzschild-overtone-continuation,ell4-uniform-40,29,29,52,0.5576923076923077,0x1.1d89d89d89d8ap-1,0.7024521575327618,-0.28186797063496954,18.423655672860434,-0.1439998099743951,true,2.7592488775877086e-13,3.379462171739212e-16,1000,20,24,9.23722236370954e-14,0.0,0.0,1.8340400485982836e-13,0.004,0.18932936394351543,,,,
-2,4,-3,1,schwarzschild-overtone-continuation,ell4-uniform-40,30,15,26,0.5769230769230769,0x1.2762762762762p-1,0.6999270473169369,-0.2816533547915098,18.43526615185254,-0.14742028959600856,true,2.2676397003675795e-13,4.0939474033052647e-16,1000,20,24,2.842366092731745e-14,0.0,7.87573934058975e-15,3.900387773671506e-13,0.004,0.18919655816101139,,,,
-2,4,-3,1,schwarzschild-overtone-continuation,ell4-uniform-40,31,31,52,0.5961538461538461,0x1.313b13b13b13bp-1,0.6974389762177872,-0.2814317933097703,18.446722636505395,-0.1507447091190673,true,7.928702638960704e-14,3.927683650008203e-16,1000,20,24,9.592471893512043e-14,0.0,3.1441076983065966e-15,7.03849876379044e-14,0.004,0.18905890460911837,,,,
-2,4,-3,1,schwarzschild-overtone-continuation,ell4-uniform-40,32,8,13,0.6153846153846154,0x1.3b13b13b13b14p-1,0.6949871524274593,-0.28120335603546515,18.45802834929863,-0.15397367309229298,true,1.291742461454095e-13,1.8041124150158794e-16,1000,20,24,3.908379282130869e-14,0.0,0.0,1.507288760336424e-14,0.004,0.18891644985419354,,,,
-2,4,-3,1,schwarzschild-overtone-continuation,ell4-uniform-40,33,33,52,0.6346153846153846,0x1.44ec4ec4ec4ecp-1,0.6925708083006226,-0.28096810416175305,18.469186399189535,-0.15710777623186611,true,9.423485135592314e-14,4.819909745438293e-16,1000,20,24,8.326672684688674e-17,0.0,0.0,1.0636599444156939e-12,0.004,0.18876923485837938,,,,
-2,4,-3,1,schwarzschild-overtone-continuation,ell4-uniform-40,34,17,26,0.6538461538461539,0x1.4ec4ec4ec4ec5p-1,0.6901891991008053,-0.28072609052735115,18.480199785609308,-0.16014760347348017,true,6.74759030260629e-13,1.1102230246251565e-16,1000,20,24,3.580361673049448e-15,0.0,0.0,2.957300718500272e-13,0.004,0.1886172952010674,,,,
-2,4,-3,1,schwarzschild-overtone-continuation,ell4-uniform-40,35,35,52,0.6730769230769231,0x1.589d89d89d89ep-1,0.6878416018001987,-0.280477359897923,18.49107140222754,-0.16309373006048175,true,2.5414477042973124e-13,4.494775313252277e-16,1000,20,24,8.326672684688674e-16,0.0,7.450291386328165e-15,4.000551217660372e-13,0.004,0.18846066129165548,,,,
-2,4,-3,1,schwarzschild-overtone-continuation,ell4-uniform-40,36,9,13,0.6923076923076923,0x1.6276276276276p-1,0.6855273139288226,-0.2802219492326508,18.501804040499017,-0.1659467216675992,true,3.7265515240770807e-13,5.60334479738423e-16,1000,20,24,7.105492951529672e-14,0.0,0.0,1.29226144810652e-13,0.004,0.1882993585748551,,,,
-2,4,-3,1,schwarzschild-overtone-continuation,ell4-uniform-40,37,37,52,0.7115384615384616,0x1.6c4ec4ec4ec4fp-1,0.683245652469182,-0.2799598879379673,18.51240039300684,-0.16870713456003913,true,1.7601177650895855e-13,1.6243534171511178e-15,1000,20,24,1.3145441760244723e-13,0.0,3.493552747409642e-14,8.655525412638998e-14,0.004,0.18813340773026535,,,,
-2,4,-3,1,schwarzschild-overtone-continuation,ell4-uniform-40,38,19,26,0.7307692307692307,0x1.7627627627627p-1,0.6809959527928245,-0.27969119811039717,18.522863056612184,-0.17137551578793475,true,7.22724047542213e-13,3.6638411145107034e-16,1000,20,24,1.5987226974359048e-13,1.7877693534987966e-14,2.866940032456181e-14,1.0639847365011259e-12,0.004,0.187962824867793,,,,
-2,4,-3,1,schwarzschild-overtone-continuation,ell4-uniform-40,39,3,4,0.75,0x1.8000000000000p-1,0.6787775676360015,-0.27941589476976925,18.533194535424222,-0.17395240341605028,true,1.7153574486020031e-13,5.028663855320258e-16,1000,20,24,4.974245202070642e-14,4.3727145445222556e-15,3.273638069840121e-14,2.678723143585549e-13,0.004,0.18778762171949348,KerrQNMEFs-2/l4/s-2l4m-3n1.dat,751,1.2303455292759255e-14,8.049116928532385e-15
-2,4,-3,2,schwarzschild-overtone-continuation,ell4-uniform-40,0,0,1,0.0,0x0.0p+0,0.7727095326067077,-0.4799081751211636,18.0,0.0,true,1.4601826100290848e-13,5.836925621952896e-16,1000,20,24,0.0,1.878377932716794e-15,3.4755478145461824e-15,4.5436207906947824e-14,0.004,0.19703142734584456,KerrQNMEFs-2/l4/s-2l4m-3n2.dat,1,1.6504651808933464e-15,0.0
-2,4,-3,2,schwarzschild-overtone-continuation,ell4-uniform-40,1,1,52,0.019230769230769232,0x1.3b13b13b13b14p-6,0.7683429461802137,-0.4801116481747014,18.017683133782214,-0.010981350360796454,true,5.154075722461299e-13,6.938893903907228e-17,1000,20,24,5.68434195225525e-14,0.0,0.0,6.115861422151728e-13,0.004,0.19718965582561915,,,,
-2,4,-3,2,schwarzschild-overtone-continuation,ell4-uniform-40,2,1,26,0.038461538461538464,0x1.3b13b13b13b14p-5,0.7640608168334088,-0.4802882572450804,18.035076509416054,-0.021776506205641866,true,4.558631439195119e-13,2.3263411494723067e-16,1000,20,24,2.4868995993612918e-14,6.268828864248303e-15,1.659783421814609e-14,1.2935540398134828e-12,0.004,0.1973361739496326,,,,
-2,4,-3,2,schwarzschild-overtone-continuation,ell4-uniform-40,3,3,52,0.057692307692307696,0x1.d89d89d89d89ep-5,0.7598605134996821,-0.48043908457589307,18.052190963200893,-0.03238657147646169,true,8.239021840866066e-14,6.947562107041944e-16,1000,20,24,2.842176364046093e-14,1.0948510389028343e-15,5.253654653572345e-15,8.414176904333144e-13,0.004,0.19747141393708606,,,,
-2,4,-3,2,schwarzschild-overtone-continuation,ell4-uniform-40,4,1,13,0.07692307692307693,0x1.3b13b13b13b14p-4,0.7557395321253372,-0.48056514141903883,18.06903682325136,-0.04281269007439581,true,3.38363339854425e-13,3.337167946540778e-16,1000,20,24,4.9738022480402295e-14,2.5829094694466907e-15,2.897767167584095e-15,6.852991531352864e-13,0.004,0.1975957793024048,,,,
-2,4,-3,2,schwarzschild-overtone-continuation,ell4-uniform-40,5,5,52,0.09615384615384616,0x1.89d89d89d89d9p-4,0.7516954874353734,-0.48066737306113433,18.08562393960286,-0.05305603873594273,true,8.720446735305797e-14,9.024030855086507e-16,1000,20,24,3.19746407018168e-14,0.0,1.4528658640935888e-15,1.7593108445425902e-13,0.004,0.19770964686998505,,,,
-2,4,-3,2,schwarzschild-overtone-continuation,ell4-uniform-40,6,3,26,0.11538461538461539,0x1.d89d89d89d89ep-4,0.7477261053443609,-0.4807466633964957,18.101961711986227,-0.06311782068592814,true,1.0957400685136872e-13,1.5700924586837752e-16,1000,20,24,6.750252425962161e-14,0.0,0.0,5.777127838656601e-13,0.004,0.19781336860798018,,,,
-2,4,-3,2,schwarzschild-overtone-continuation,ell4-uniform-40,7,7,52,0.1346153846153846,0x1.13b13b13b13b1p-3,0.7438292159503594,-0.48080383909341945,18.1180591154856,-0.07299925997960434,true,1.1244843907225924e-13,4.518280359883027e-16,1000,20,24,4.2633295975791143e-14,0.0,2.7223112287176285e-15,3.188313113665043e-13,0.004,0.19790727330005095,,,,
-2,4,-3,2,schwarzschild-overtone-continuation,ell4-uniform-40,8,2,13,0.15384615384615385,0x1.3b13b13b13b14p-3,0.7400027470566114,-0.48083967339508205,18.13392472426747,-0.08270159645704313,true,3.176513962284983e-13,4.903103153189179e-16,1000,20,24,2.4870393558692745e-14,5.530259263078839e-15,5.792343254260848e-15,1.911152761362578e-13,0.004,0.1979916680716372,,,,
-2,4,-3,2,schwarzschild-overtone-continuation,ell4-uniform-40,9,9,52,0.17307692307692307,0x1.6276276276276p-3,0.7362447181716736,-0.4808548895915578,18.14956673354968,-0.09222608124279362,true,2.6628768099276823e-13,7.632783294297951e-17,1000,20,24,5.3290923828997085e-14,0.0,0.0,1.7621782166716258e-13,0.004,0.19806683978555484,,,,
-2,4,-3,2,schwarzschild-overtone-continuation,ell4-uniform-40,10,5,26,0.19230769230769232,0x1.89d89d89d89d9p-3,0.7325532349438575,-0.48085016419533544,18.164992979962086,-0.10157397273188443,true,7.213408716298969e-14,4.819909745438293e-16,1000,20,24,1.4213300735844977e-14,0.0,0.0,8.609633457681895e-13,0.004,0.19813305632004116,,,,
-2,4,-3,2,schwarzschild-overtone-continuation,ell4-uniform-40,11,11,52,0.21153846153846154,0x1.b13b13b13b13bp-3,0.728926483990219,-0.4808261298492161,18.18021096043457,-0.11074653301060441,true,1.7145524673529535e-13,9.020562075079397e-17,1000,20,24,3.558807090484802e-15,0.0,9.149915029905518e-15,8.287670838593273e-13,0.004,0.198190567740887,,,,
-2,4,-3,2,schwarzschild-overtone-continuation,ell4-uniform-40,12,3,13,0.23076923076923078,0x1.d89d89d89d89ep-3,0.7253627280846366,-0.48078337799220217,18.19522784973531,-0.11974502466677313,true,7.843555872945267e-13,5.594315114139762e-16,1000,20,24,7.81645907788587e-14,1.0501588967745769e-14,1.546720386688932e-14,6.991182903925205e-13,0.004,0.19823960737820243,,,,
-2,4,-3,2,schwarzschild-overtone-continuation,ell4-uniform-40,13,1,4,0.25,0x1.0000000000000p-2,0.7218603016728609,-0.48072246130626817,18.210050516767325,-0.12857070794956024,true,7.612471484185378e-13,5.200468367758596e-16,1000,20,24,5.3297209998044194e-14,1.0213599279967163e-14,1.4293986705609918e-14,3.705950399006686e-13,0.004,0.19828039281699347,KerrQNMEFs-2/l4/s-2l4m-3n2.dat,251,1.2725500096259511e-14,2.4914119578672784e-14
-2,4,-3,2,schwarzschild-overtone-continuation,ell4-uniform-40,14,7,26,0.2692307692307692,0x1.13b13b13b13b1p-2,0.7184176066853474,-0.48064389596485424,18.224685539725687,-0.13722483824407294,true,2.6626398042924013e-13,1.126603737611321e-15,1000,20,24,5.684515355781502e-14,0.0,0.0,5.071218782566731e-13,0.004,0.1983131268104158,,,,
-2,4,-3,2,schwarzschild-overtone-continuation,ell4-uniform-40,15,15,52,0.28846153846153844,0x1.2762762762762p-2,0.7150331086221452,-0.4805481637010287,18.239139220200627,-0.14570866382970674,true,2.20963725545267e-13,4.2914688736145975e-16,1000,20,24,2.4869987002406125e-14,0.0,0.0,4.3582689706205157e-13,0.004,0.1983379981226968,,,,
-2,4,-3,2,schwarzschild-overtone-continuation,ell4-uniform-40,16,4,13,0.3076923076923077,0x1.3b13b13b13b14p-2,0.7117053328856829,-0.4804357137124448,18.253417596313177,-0.15402342389550416,true,1.0869213824647059e-13,2.220446049250313e-16,1000,20,24,1.1368781688748635e-13,1.4432899320127035e-15,7.944885044437398e-15,1.1476667483822024e-12,0.004,0.19835518230925053,,,,
-2,4,-3,2,schwarzschild-overtone-continuation,ell4-uniform-40,17,17,52,0.3269230769230769,0x1.4ec4ec4ec4ec5p-2,0.7084328613401031,-0.4803069644177922,18.267526454950925,-0.16217034678864914,true,1.489520491948364e-13,2.2215299868541707e-16,1000,20,24,1.2079252337416432e-13,0.0,0.0,1.6609886344672696e-13,0.004,0.1983648424399409,,,,
-2,4,-3,2,schwarzschild-overtone-continuation,ell4-uniform-40,18,9,26,0.34615384615384615,0x1.6276276276276p-2,0.7052143290775978,-0.4801623050784419,18.281471343174708,-0.17015064847546496,true,4.754343668681441e-13,2.5447867175859907e-16,1000,20,24,1.0669843994764792e-14,6.8168055347189735e-15,9.453208419344606e-15,9.502367671473256e-13,0.004,0.19836712977133994,,,,
-2,4,-3,2,schwarzschild-overtone-continuation,ell4-uniform-40,19,19,52,0.36538461538461536,0x1.7627627627627p-2,0.7020484213738734,-0.4800020972975941,18.295257578856152,-0.1779655311967523,true,3.382887267697624e-13,3.510833468576701e-16,1000,20,24,4.263260028566311e-14,0.0,1.248396301611496e-14,1.124870166719032e-13,0.004,0.1983621843732768,,,,
-2,4,-3,2,schwarzschild-overtone-continuation,ell4-uniform-40,20,5,13,0.38461538461538464,0x1.89d89d89d89d9p-2,0.6989338708164148,-0.4798266764082253,18.30889026059891,-0.1856161823016666,true,7.630067811317975e-14,4.506008925723787e-16,1000,20,24,3.0531133177191805e-16,0.0,0.0,1.62895408986623e-13,0.004,0.19835013571456253,,,,
-2,4,-3,2,schwarzschild-overtone-continuation,ell4-uniform-40,21,21,52,0.40384615384615385,0x1.9d89d89d89d8ap-2,0.6958694545906989,-0.47963635276026445,18.322374276996616,-0.19310377324659322,true,3.1602306792682923e-13,4.561234287365988e-16,1000,20,24,1.7813458370713757e-14,0.0,6.380885500328436e-15,2.863201252644892e-13,0.004,0.1983311032126141,,,,
-2,4,-3,2,schwarzschild-overtone-continuation,ell4-uniform-40,22,11,26,0.4230769230769231,0x1.b13b13b13b13bp-2,0.6928539919108152,-0.4794314129162512,18.335714315272323,-0.20042945874707194,true,3.2486089447850166e-13,7.890837414497864e-16,1000,20,24,8.52655800409205e-14,5.040216893988333e-15,7.902105480750097e-15,5.353793348554315e-13,0.004,0.19830519675091932,,,,
-2,4,-3,2,schwarzschild-overtone-continuation,ell4-uniform-40,23,23,52,0.4423076923076923,0x1.c4ec4ec4ec4ecp-2,0.6898863415819413,-0.4792121207645522,18.348914869341332,-0.20759437607297074,true,5.648619234936377e-13,9.049605298586575e-16,1000,20,24,3.58766985720938e-15,8.970334097482335e-15,1.026701214863203e-14,3.738007327939202e-13,0.004,0.19827251716875813,,,,
-2,4,-3,2,schwarzschild-overtone-continuation,ell4-uniform-40,24,6,13,0.46153846153846156,0x1.d89d89d89d89ep-2,0.6869653996832629,-0.4789787185580174,18.361980247335982,-0.2145996444782155,true,4.851316385973633e-13,7.417804156968781e-16,1000,20,24,9.947970407355962e-14,7.373795100892108e-15,1.6058369604220794e-14,3.950357618390084e-13,0.004,0.19823315672663538,,,,
-2,4,-3,2,schwarzschild-overtone-continuation,ell4-uniform-40,25,25,52,0.4807692307692308,0x1.ec4ec4ec4ec4fp-2,0.6840900973608405,-0.47873142788596035,18.37491457862848,-0.2214463647582609,true,4.522494274385123e-13,3.8559277963506344e-16,1000,20,24,5.329637164410165e-14,4.07657507034135e-15,1.3378532947362396e-14,6.13674087171089e-13,0.004,0.19818719955143121,,,,
-2,4,-3,2,schwarzschild-overtone-continuation,ell4-uniform-40,26,1,2,0.5,0x1.0000000000000p-1,0.6812593987207892,-0.4784704505865637,18.38772182038381,-0.22813561892952755,true,1.7576285702434416e-13,4.518280359883027e-16,1000,20,24,4.973930027289622e-14,0.0,0.0,4.440892098500626e-15,0.004,0.1981347220647069,KerrQNMEFs-2/l4/s-2l4m-3n2.dat,501,5.749626275630272e-15,5.335727698208213e-14
-2,4,-3,2,schwarzschild-overtone-continuation,ell4-uniform-40,27,27,52,0.5192307692307693,0x1.09d89d89d89d9p-1,0.6784722988140013,-0.4781959696061679,18.400405763672502,-0.23466847002618318,true,2.1520326675892994e-13,2.306595211858756e-16,1000,20,24,5.32907340940576e-14,0.0,7.960384249658215e-15,5.321604589661858e-13,0.004,0.19807579339718198,,,,
-2,4,-3,2,schwarzschild-overtone-continuation,ell4-uniform-40,28,7,13,0.5384615384615384,0x1.13b13b13b13b1p-1,0.6757278217042334,-0.47790814981254875,18.412970039173242,-0.2410459620111804,true,5.17892563931115e-14,2.0014830212433605e-16,1000,20,24,7.195977572835447e-15,0.0,5.7659494510436194e-15,4.5407117337823786e-13,0.004,0.19801047579352207,,,,
-2,4,-3,2,schwarzschild-overtone-continuation,ell4-uniform-40,29,29,52,0.5576923076923077,0x1.1d89d89d89d8ap-1,0.6730250186122422,-0.47760713876765026,18.425418122488843,-0.24726911979896504,true,9.811698600627283e-13,5.551115123125783e-16,1000,20,24,1.4211505492655058e-13,0.0,1.3556091363721459e-14,2.6287830674718267e-13,0.004,0.19793882500995455,,,,
-2,4,-3,2,schwarzschild-overtone-continuation,ell4-uniform-40,30,15,26,0.5769230769230769,0x1.2762762762762p-1,0.670362966129192,-0.4772930674662737,18.437753339101896,-0.253338949388594,true,3.7495964427257347e-13,7.919159918457851e-16,1000,20,24,2.1316932584180632e-14,0.0,1.635083762869837e-14,4.0594417906647424e-13,0.004,0.1978608907084463,,,,
-2,4,-3,2,schwarzschild-overtone-continuation,ell4-uniform-40,31,31,52,0.5961538461538461,0x1.313b13b13b13bp-1,0.667740764493262,-0.47696605104620354,18.449978868991966,-0.25925643810686977,true,2.978153759575117e-13,7.782704976483342e-16,1000,20,24,3.198386632033393e-14,0.0,0.0,1.9310069204429794e-13,0.004,0.1977767168505247,,,,
-2,4,-3,2,schwarzschild-overtone-continuation,ell4-uniform-40,32,8,13,0.6153846153846154,0x1.3b13b13b13b14p-1,0.6651575359240178,-0.47662618947547414,18.46209775093836,-0.2650225549616209,true,1.6406316755154443e-13,2.3263411494723067e-16,1000,20,24,1.7783073324607986e-14,0.0,0.0,5.224422199693188e-14,0.004,0.1976863420938935,,,,
-2,4,-3,2,schwarzschild-overtone-continuation,ell4-uniform-40,33,33,52,0.6346153846153846,0x1.44ec4ec4ec4ecp-1,0.6626124230094339,-0.47627356822221323,18.47411288652514,-0.2706382511063421,true,4.8362925717746854e-14,1.5265566588595902e-16,1000,20,24,2.488689413525838e-14,0.0,2.861383123522437e-15,2.2232864035285376e-13,0.004,0.1975898001950683,,,,
-2,4,-3,2,schwarzschild-overtone-continuation,ell4-uniform-40,34,17,26,0.6538461538461539,0x1.4ec4ec4ec4ec5p-1,0.6601045871416661,-0.47590825891273036,18.48602704387387,-0.276104460418034,true,6.664582169670356e-13,1.2738115944464653e-16,1000,20,24,7.141979374872701e-15,0.0,0.0,8.406790551978857e-13,0.004,0.19748712042143535,,,,
-2,4,-3,2,schwarzschild-overtone-continuation,ell4-uniform-40,35,35,52,0.6730769230769231,0x1.589d89d89d89ep-1,0.6576332069973417,-0.4755303199826364,18.497842861117388,-0.2814221001902155,true,7.306551063551724e-13,2.2591401799415137e-16,1000,20,24,4.2633467637842766e-14,0.0,3.162425999187163e-14,8.16305549990146e-13,0.004,0.19737832797542407,,,,
-2,4,-3,2,schwarzschild-overtone-continuation,ell4-uniform-40,36,9,13,0.6923076923076923,0x1.6276276276276p-1,0.655197477059684,-0.47513979732686584,18.509562849640158,-0.2865920719443989,true,5.113077387820277e-13,8.407523046883221e-16,1000,20,24,1.1368750179350716e-13,0.0,1.698142279672475e-14,7.64001246920224e-13,0.004,0.1972634444345633,,,,
-2,4,-3,2,schwarzschild-overtone-continuation,ell4-uniform-40,37,37,52,0.7115384615384616,0x1.6c4ec4ec4ec4fp-1,0.6527966061797201,-0.4747367249535435,18.52118939709727,-0.2916152623630877,true,2.9110716711095796e-13,2.7755575615628914e-16,1000,20,24,1.5276927008061417e-13,0.0,0.0,2.3011192798734967e-13,0.004,0.197142488210254,,,,
-2,4,-3,2,schwarzschild-overtone-continuation,ell4-uniform-40,38,19,26,0.7307692307692307,0x1.7627627627627p-1,0.6504298161745368,-0.4743211256463898,18.532724770236683,-0.29649254434763117,true,1.3308318556225164e-12,1.1443916996305594e-16,1000,20,24,1.065834920118578e-13,4.0290733909481826e-14,5.467792039489751e-14,9.702307551300533e-14,0.004,0.19701547502780986,,,,
-2,4,-3,2,schwarzschild-overtone-continuation,ell4-uniform-40,39,3,4,0.75,0x1.8000000000000p-1,0.6480963404612299,-0.4738930116413893,18.544171117538248,-0.3012247782051983,true,6.631077268672845e-13,3.888257972851056e-16,1000,20,24,2.1361409395255035e-14,0.0,0.0,9.0184405139193e-13,0.004,0.19688241843203702,KerrQNMEFs-2/l4/s-2l4m-3n2.dat,751,1.415262216750919e-14,2.894814726303255e-14
-2,4,-2,0,schwarzschild-overtone-continuation,ell4-uniform-40,0,0,1,0.0,0x0.0p+0,0.8091783775322383,-0.0941639609889252,18.0,0.0,true,7.499488734293678e-14,2.237726045655905e-16,1000,20,24,0.0,1.4988010832439613e-15,4.289673373771929e-15,2.020270370000919e-13,0.004,,KerrQNMEFs-2/l4/s-2l4m-2n0.dat,1,2.092556886098636e-15,0.0
-2,4,-2,0,schwarzschild-overtone-continuation,ell4-uniform-40,1,1,52,0.019230769230769232,0x1.3b13b13b13b14p-6,0.8065228988720577,-0.09417452816039852,18.012322462857213,-0.0014285687271951078,true,4.420918678839991e-14,2.7755575615628914e-16,1000,20,24,8.881784201474645e-14,9.305364597889227e-16,1.071020016095422e-15,6.365984358562816e-14,0.004,,,,,
-2,4,-2,0,schwarzschild-overtone-continuation,ell4-uniform-40,2,1,26,0.038461538461538464,0x1.3b13b13b13b14p-5,0.8039256881064847,-0.0941801681318272,18.024395837189154,-0.002816938254801867,true,7.96595658123015e-14,1.3183898417423734e-16,1000,20,24,7.460698725985239e-14,0.0,0.0,2.557993361577024e-13,0.004,,,,,
-2,4,-2,0,schwarzschild-overtone-continuation,ell4-uniform-40,3,3,52,0.057692307692307696,0x1.d89d89d89d89ep-5,0.8013851649925793,-0.09418103083844377,18.03622560773999,-0.004165138668870193,true,1.8989786349605968e-13,1.5265566588595902e-16,1000,20,24,6.394884622429119e-14,0.0,0.0,1.8546892868192613e-13,0.004,,,,,
-2,4,-2,0,schwarzschild-overtone-continuation,ell4-uniform-40,4,1,13,0.07692307692307693,0x1.3b13b13b13b14p-4,0.7988998283309229,-0.09417725351658439,18.04781701933274,-0.005473207271772435,true,3.137986018041075e-14,7.114312260401321e-16,1000,20,24,3.90798506208115e-14,0.0,3.0012300406507768e-15,2.527429482228989e-13,0.004,,,,,
-2,4,-2,0,schwarzschild-overtone-continuation,ell4-uniform-40,5,5,52,0.09615384615384616,0x1.89d89d89d89d9p-4,0.7964682513206612,-0.0941689614475355,18.059175089847166,-0.00674118753767291,true,3.4684476073050936e-14,4.441434166503682e-16,1000,20,24,2.1316284208031785e-14,0.0,0.0,8.058598008962647e-14,0.004,,,,,
-2,4,-2,0,schwarzschild-overtone-continuation,ell4-uniform-40,6,3,26,0.11538461538461539,0x1.d89d89d89d89ep-4,0.7940890772788073,-0.09415626862436301,18.070304622241093,-0.007969128175504788,true,2.2748467065386707e-14,1.5265566588595902e-16,1000,20,24,8.526514636124632e-14,0.0,2.368877810052914e-15,2.5962170784759917e-13,0.004,,,,,
-2,4,-2,0,schwarzschild-overtone-continuation,ell4-uniform-40,7,7,52,0.1346153846153846,0x1.13b13b13b13b1p-3,0.7917610156909555,-0.09413927834875874,18.08121021569671,-0.009157082287767286,true,7.268968525981067e-14,4.441434166503682e-16,1000,20,24,3.1974426920852544e-14,0.0,1.4911358492086037e-15,1.6979778668762895e-13,0.004,,,,,
-2,4,-2,0,schwarzschild-overtone-continuation,ell4-uniform-40,8,2,13,0.15384615384615385,0x1.3b13b13b13b14p-3,0.7894828385640297,-0.09411808376405184,18.091896275966832,-0.010305106615066133,true,1.5808827387983864e-13,2.3263411494723067e-16,1000,20,24,5.329070529494524e-14,0.0,3.254984763414886e-15,6.541390345442683e-14,0.004,,,,,
-2,4,-2,0,schwarzschild-overtone-continuation,ell4-uniform-40,9,9,52,0.17307692307692307,0x1.6276276276276p-3,0.7872533770547775,-0.09409276832959114,18.1023670249865,-0.011413260857382352,true,1.4823419102314164e-13,2.2591401799415137e-16,1000,20,24,8.171241490703168e-14,2.9303171598054862e-15,3.869713567771402e-15,7.785632405731891e-14,0.004,,,,,
-2,4,-2,0,schwarzschild-overtone-continuation,ell4-uniform-40,10,5,26,0.19230769230769232,0x1.89d89d89d89d9p-3,0.7850715183504289,-0.09406340624137405,18.112626509808944,-0.01248160706427097,true,1.0962281652781441e-13,1.3877787807814457e-16,1000,20,24,6.039618525493011e-14,0.0,2.1762920114812466e-15,2.214043042811956e-13,0.004,,,,,
-2,4,-2,0,schwarzschild-overtone-continuation,ell4-uniform-40,11,11,52,0.21153846153846154,0x1.b13b13b13b13bp-3,0.7829362027803447,-0.09403006280273458,18.12267861092164,-0.013510209087076843,true,2.0563596297163998e-13,1.6653345369377348e-16,1000,20,24,5.684341896668713e-14,0.0,0.0,1.211867297706295e-13,0.004,,,,,
-2,4,-2,0,schwarzschild-overtone-continuation,ell4-uniform-40,12,3,13,0.23076923076923078,0x1.d89d89d89d89ep-3,0.780846421139569,-0.09399279474871954,18.132527049988447,-0.014499132087094227,true,3.2251548913819326e-14,2.3714374201337736e-16,1000,20,24,8.171243716926406e-14,6.753223014464259e-16,1.2549234699874901e-15,8.320749388413754e-14,0.004,,,,,
-2,4,-2,0,schwarzschild-overtone-continuation,ell4-uniform-40,13,1,4,0.25,0x1.0000000000000p-2,0.7788012122071367,-0.09395165052719326,18.142175397062967,-0.015448442094378447,true,2.827648901911395e-14,5.635475559608569e-16,1000,20,24,7.105428681089858e-14,0.0,0.0,2.40510389237971e-13,0.004,,KerrQNMEFs-2/l4/s-2l4m-2n0.dat,251,3.3186488797368137e-15,3.598263524902841e-15
-2,4,-2,0,schwarzschild-overtone-continuation,ell4-uniform-40,14,7,26,0.2692307692307692,0x1.13b13b13b13b1p-2,0.7767996604435734,-0.09390667053918095,18.151627077312252,-0.01635820561247552,true,1.1584367308132896e-13,4.454424009010536e-16,1000,20,24,2.4868995751603507e-14,2.2867629927476573e-15,3.881416545151359e-15,1.637720085286689e-14,0.004,,,,,
-2,4,-2,0,schwarzschild-overtone-continuation,ell4-uniform-40,15,15,52,0.28846153846153844,0x1.2762762762762p-2,0.7748408938536375,-0.09385788734075635,18.16088537728727,-0.017228489265035743,true,2.6009566125439193e-14,2.5476231888929306e-16,1000,20,24,1.4211186748238394e-14,0.0,1.676629758422416e-15,1.279501088942548e-13,0.004,,,,,
-2,4,-2,0,schwarzschild-overtone-continuation,ell4-uniform-40,16,4,13,0.3076923076923077,0x1.3b13b13b13b14p-2,0.7729240820015238,-0.09380532580814166,18.16995345077183,-0.018059359480664162,true,8.14125870223207e-14,6.722137407118775e-16,1000,20,24,6.039613891726801e-14,0.0,0.0,6.771159118751029e-14,0.004,,,,,
-2,4,-2,0,schwarzschild-overtone-continuation,ell4-uniform-40,17,17,52,0.3269230769230769,0x1.4ec4ec4ec4ec5p-2,0.7710484341670693,-0.09374900326774048,18.178834324238956,-0.01885088221292903,true,6.516016119628458e-14,4.454424009010536e-16,1000,20,24,2.84217306062198e-14,0.0,1.4115149759986946e-15,2.390612073798269e-13,0.004,,,,,
-2,4,-2,0,schwarzschild-overtone-continuation,ell4-uniform-40,18,9,26,0.34615384615384615,0x1.6276276276276p-2,0.7692131976324472,-0.09368892959212348,18.18753090194319,-0.01960312269282253,true,9.446086492702383e-14,1.1295700899707568e-16,1000,20,24,8.526515652563892e-14,0.0,0.0,1.6058369604220795e-13,0.004,,,,,
-2,4,-2,0,schwarzschild-overtone-continuation,ell4-uniform-40,19,19,52,0.36538461538461536,0x1.7627627627627p-2,0.7674176560898548,-0.09362510726294299,18.196045970671264,-0.020316145211320812,true,3.2910576155218694e-14,6.938893903907228e-18,1000,20,24,5.329083573785919e-14,0.0,6.2874956066358085e-15,3.197803113046844e-13,0.004,,,,,
-2,4,-2,0,schwarzschild-overtone-continuation,ell4-uniform-40,20,5,13,0.38461538461538464,0x1.89d89d89d89d9p-2,0.7656611281614782,-0.0935575314014082,18.20438220417285,-0.020990012930110092,true,3.5883397449893125e-14,2.0816681711721685e-17,1000,20,24,6.039613612704206e-14,0.0,0.0,3.1102100974488297e-14,0.004,,,,,
-2,4,-2,0,schwarzschild-overtone-continuation,ell4-uniform-40,21,21,52,0.40384615384615385,0x1.9d89d89d89d8ap-2,0.763942966023821,-0.09348618976672661,18.21254216729417,-0.021624787718827903,true,2.651789017857684e-13,8.881784197001252e-16,1000,20,24,9.237055623522045e-14,0.0,0.0,2.1990668117882361e-13,0.004,,,,,
-2,4,-2,0,schwarzschild-overtone-continuation,ell4-uniform-40,22,11,26,0.4230769230769231,0x1.b13b13b13b13bp-2,0.7622625541290564,-0.0934110627224838,18.220528319828254,-0.022220530017451008,true,1.7076659344739015e-13,3.394388883480595e-16,1000,20,24,7.105427772647134e-14,3.3205054342106544e-15,7.829237352769517e-15,4.24130072973213e-13,0.004,,,,,
-2,4,-2,0,schwarzschild-overtone-continuation,ell4-uniform-40,23,23,52,0.4423076923076923,0x1.c4ec4ec4ec4ecp-2,0.7606193080168131,-0.0933321231710509,18.2283430201018,-0.022777298722828035,true,1.2452327962373347e-13,2.306595211858756e-16,1000,20,24,3.197491269049987e-14,0.0,3.0226828573591784e-15,4.9037182365425004e-14,0.004,,,,,
-2,4,-2,0,schwarzschild-overtone-continuation,ell4-uniform-40,24,6,13,0.46153846153846156,0x1.d89d89d89d89ep-2,0.7590126732101171,-0.09324933645540802,18.235988528311054,-0.02329515109854874,true,1.0269508966790821e-13,4.47545209131181e-16,1000,20,24,2.842198386775395e-14,0.0,0.0,5.818755025955795e-14,0.004,,,,,
-2,4,-2,0,schwarzschild-overtone-continuation,ell4-uniform-40,25,25,52,0.4807692307692308,0x1.ec4ec4ec4ec4fp-2,0.7574421241898737,-0.09316266022790677,18.243467009622048,-0.023774142707680274,true,7.373084641521687e-14,2.2887833992611187e-16,1000,20,24,4.2632575580549266e-14,0.0,0.0,8.432083573326927e-14,0.004,,,,,
-2,4,-2,0,schwarzschild-overtone-continuation,ell4-uniform-40,26,1,2,0.5,0x1.0000000000000p-1,0.7559071634425436,-0.09307204428501077,18.25078053704506,-0.02421432736811255,true,4.93592521119895e-13,2.2301825219878386e-16,1000,20,24,5.3291167772926676e-14,0.0,1.1689678413633249e-14,1.966071757872939e-13,0.004,,KerrQNMEFs-2/l4/s-2l4m-2n0.dat,501,4.055188384052018e-15,6.751676634889175e-14
-2,4,-2,0,schwarzschild-overtone-continuation,ell4-uniform-40,27,27,52,0.5192307692307693,0x1.09d89d89d89d9p-1,0.7544073205760184,-0.09297743036693225,18.25793109409579,-0.02461575713064533,true,6.674942990534282e-14,7.711855592701269e-16,1000,20,24,1.4215702728362114e-14,0.0,0.0,1.6364913342681693e-13,0.004,,,,,
-2,4,-2,0,schwarzschild-overtone-continuation,ell4-uniform-40,28,7,13,0.5384615384615384,0x1.13b13b13b13b1p-1,0.7529421514990798,-0.09287875192063498,18.264920577252582,-0.024978482280014803,true,6.233089088255905e-14,6.938893903907228e-17,1000,20,24,1.0658163448869722e-13,2.3001988486260516e-15,5.423144013830778e-15,2.565867366563112e-13,0.004,,,,,
-2,4,-2,0,schwarzschild-overtone-continuation,ell4-uniform-40,29,29,52,0.5576923076923077,0x1.1d89d89d89d8ap-1,0.7515112376599663,-0.09277593382471967,18.27175079821716,-0.025302551359636823,true,8.826657076826435e-14,9.020562075079397e-17,1000,20,24,4.973806713109124e-14,0.0,0.0,9.823209153779493e-14,0.004,,,,,
-2,4,-2,0,schwarzschild-overtone-continuation,ell4-uniform-40,30,15,26,0.5769230769230769,0x1.2762762762762p-1,0.7501141853397527,-0.0926688920740035,18.278423485987553,-0.025588011220875742,true,1.3830580770533608e-13,8.244153548874836e-16,1000,20,24,2.842268858362468e-14,0.0,7.785871855968019e-15,2.9485951790885854e-13,0.004,,,,,
-2,4,-2,0,schwarzschild-overtone-continuation,ell4-uniform-40,31,31,52,0.5961538461538461,0x1.313b13b13b13bp-1,0.7487506249965113,-0.09255753342168857,18.284940288750327,-0.025834907098203245,true,2.69949261605957e-13,2.2473876566261383e-16,1000,20,24,4.2632575580549266e-14,0.0,6.3908380627763706e-15,2.9746453104875673e-13,0.004,,,,,
-2,4,-2,0,schwarzschild-overtone-continuation,ell4-uniform-40,32,8,13,0.6153846153846154,0x1.3b13b13b13b14p-1,0.7474202106560642,-0.09244175497645188,18.291302775595927,-0.026043282711794985,true,1.4432557708999753e-13,5.428769931944591e-16,1000,20,24,1.5276682532890368e-13,2.3135566778103808e-15,6.630330075537948e-15,9.218248028253926e-13,0.004,,,,,
-2,4,-2,0,schwarzschild-overtone-continuation,ell4-uniform-40,33,33,52,0.6346153846153846,0x1.44ec4ec4ec4ecp-1,0.7461226193453916,-0.09232144375153885,18.29751243806372,-0.0262131803996408,true,1.2854445820798972e-13,4.561234287365988e-16,1000,20,24,5.684365274729941e-14,0.0,4.21027930203384e-15,9.117141744161819e-14,0.004,,,,,
-2,4,-2,0,schwarzschild-overtone-continuation,ell4-uniform-40,34,17,26,0.6538461538461539,0x1.4ec4ec4ec4ec5p-1,0.7448575505645112,-0.09219647616254287,18.303570691520978,-0.02634464128158589,true,7.604935334599435e-13,3.469446951953614e-17,1000,20,24,6.039725220713525e-14,9.373015146481018e-15,1.1104597891336042e-14,1.7840893661687076e-13,0.004,,,,,
-2,4,-2,0,schwarzschild-overtone-continuation,ell4-uniform-40,35,35,52,0.6730769230769231,0x1.589d89d89d89ep-1,0.7436247257926885,-0.09206671747033646,18.309478876376357,-0.026437705458273623,true,7.636149797761643e-13,8.123249024840225e-16,1000,20,24,1.24346217840041e-13,0.0,0.0,2.7540406372308644e-13,0.004,,,,,
-2,4,-2,0,schwarzschild-overtone-continuation,ell4-uniform-40,36,9,13,0.6923076923076923,0x1.6276276276276p-1,0.7424238880245766,-0.09193202116502962,18.31523825913525,-0.026492412248474255,true,1.584172717155426e-13,1.3877787807814457e-17,1000,20,24,6.0396210665891e-14,0.0,0.0,3.4684476073050936e-14,0.004,,,,,
-2,4,-2,0,schwarzschild-overtone-continuation,ell4-uniform-40,37,37,52,0.7115384615384616,0x1.6c4ec4ec4ec4fp-1,0.7412548013314748,-0.09179222828632919,18.3208500332938,-0.026508800468806965,true,1.27836769858225e-13,2.2215299868541707e-16,1000,20,24,8.882097424261971e-14,0.0,5.250501045039311e-15,1.467733314161728e-13,0.004,,,,,
-2,4,-2,0,schwarzschild-overtone-continuation,ell4-uniform-40,38,19,26,0.7307692307692307,0x1.7627627627627p-1,0.7401172504428376,-0.09164716667569746,18.326315320075544,-0.02648690876077032,true,3.766923734130208e-13,4.081579843510303e-16,1000,20,24,6.39488838643067e-14,0.0,0.0,3.697983407981966e-13,0.004,,,,,
-2,4,-2,0,schwarzschild-overtone-continuation,ell4-uniform-40,39,3,4,0.75,0x1.8000000000000p-1,0.73901104034246,-0.09149665015477963,18.331635169011673,-0.026426775970577226,true,1.6813630367867162e-13,3.554447978966673e-16,1000,20,24,4.618528108222543e-14,0.0,1.0210468616943695e-14,5.251921488677617e-13,0.004,,KerrQNMEFs-2/l4/s-2l4m-2n0.dat,751,4.7230375375244645e-15,1.7798881334109304e-14
-2,4,-2,1,schwarzschild-overtone-continuation,ell4-uniform-40,0,0,1,0.0,0x0.0p+0,0.7966315320345015,-0.28433434940484187,18.0,0.0,true,2.513215369983957e-13,6.059128614320849e-16,1000,20,24,0.0,4.308824046522781e-15,7.199349044417092e-15,4.5775667985222375e-14,0.004,0.19058383971943865,KerrQNMEFs-2/l4/s-2l4m-2n1.dat,1,1.535362579956271e-15,0.0
-2,4,-2,1,schwarzschild-overtone-continuation,ell4-uniform-40,1,1,52,0.019230769230769232,0x1.3b13b13b13b14p-6,0.7938896285671998,-0.28438149314238176,18.012140421090702,-0.0043148518438778085,true,2.7494107776540678e-14,1.1796119636642288e-16,1000,20,24,2.486899581210586e-14,0.0,0.0,2.8480802070075567e-13,0.004,0.1906260450364876,,,,
-2,4,-2,1,schwarzschild-overtone-continuation,ell4-uniform-40,2,1,26,0.038461538461538464,0x1.3b13b13b13b14p-5,0.7912089533101138,-0.2844133560094537,18.02405395756617,-0.00851072556845437,true,6.152358765934184e-14,3.8163916471489756e-16,1000,20,24,3.552774664649262e-15,0.0,0.0,2.7616243736283776e-13,0.004,0.19065775912342403,,,,
-2,4,-2,1,schwarzschild-overtone-continuation,ell4-uniform-40,3,3,52,0.057692307692307696,0x1.d89d89d89d89ep-5,0.788587895049707,-0.28443039127401415,18.03574642327713,-0.012587739179914655,true,1.1196685896180316e-13,1.5265566588595902e-16,1000,20,24,8.171242197791508e-14,0.0,3.3472809927562375e-15,1.2623387138745462e-13,0.004,0.19067928378335786,,,,
-2,4,-2,1,schwarzschild-overtone-continuation,ell4-uniform-40,4,1,13,0.07692307692307693,0x1.3b13b13b13b14p-4,0.7860249224563711,-0.2844330133398812,18.047223370254738,-0.01654603039485761,true,8.683392048807157e-14,6.938893903907228e-18,1000,20,24,3.469446951953614e-18,0.0,7.6926519382603e-15,3.5577283477595897e-13,0.004,0.19069089476747064,,,,
-2,4,-2,1,schwarzschild-overtone-continuation,ell4-uniform-40,5,5,52,0.09615384615384616,0x1.89d89d89d89d9p-4,0.7835185793596984,-0.28442159998184624,18.058490102384678,-0.0203857534170641,true,9.961862369898678e-14,3.885780586188048e-16,1000,20,24,2.8421726582816014e-14,0.0,0.0,1.367910109321603e-13,0.004,0.1906928432667667,,,,
-2,4,-2,1,schwarzschild-overtone-continuation,ell4-uniform-40,6,3,26,0.11538461538461539,0x1.d89d89d89d89ep-4,0.7810674803798866,-0.2843964943469124,18.069551688045856,-0.024107076043110416,true,2.7684430159004346e-13,4.163336342344337e-17,1000,20,24,5.684343410739902e-14,4.742874840267547e-15,8.524351378829515e-15,4.2716119067775917e-13,0.004,0.19068535724791383,,,,
-2,4,-2,1,schwarzschild-overtone-continuation,ell4-uniform-40,7,7,52,0.1346153846153846,0x1.13b13b13b13b1p-3,0.778670306882049,-0.28435800674271344,18.080412971802442,-0.02771017706146662,true,9.920698497970619e-14,3.608224830031759e-16,1000,20,24,9.23705609264797e-14,0.0,0.0,2.470034405125146e-13,0.004,0.19066864264721844,,,,
-2,4,-2,1,schwarzschild-overtone-continuation,ell4-uniform-40,8,2,13,0.15384615384615385,0x1.3b13b13b13b14p-3,0.7763258032237202,-0.28430641623163155,18.091078585224004,-0.03119524391438323,true,7.132161195662496e-14,2.0014830212433605e-16,1000,20,24,7.105956733472982e-15,0.0,1.5100665727558131e-15,3.3203888267355746e-13,0.004,0.19064288443512595,,,,
-2,4,-2,1,schwarzschild-overtone-continuation,ell4-uniform-40,9,9,52,0.17307692307692307,0x1.6276276276276p-3,0.7740327732687682,-0.28424197204679674,18.101552956904808,-0.034562470595633256,true,2.0819970672647302e-13,6.183017822721088e-16,1000,20,24,4.618531118446131e-14,0.0,4.396609337412844e-15,3.5394105044868354e-13,0.004,0.1906082475622553,,,,
-2,4,-2,1,schwarzschild-overtone-continuation,ell4-uniform-40,10,5,26,0.19230769230769232,0x1.89d89d89d89d9p-3,0.7717900771432769,-0.28416489484403235,18.111840321743095,-0.03781205576051221,true,8.609491437177304e-14,6.955527313080394e-16,1000,20,24,7.105766162702353e-15,0.0,8.88265151639173e-15,3.891075597215822e-13,0.004,0.19056487779621317,,,,
-2,4,-2,1,schwarzschild-overtone-continuation,ell4-uniform-40,11,11,52,0.21153846153846154,0x1.b13b13b13b13bp-3,0.769596628211312,-0.2840753778019859,18.121944729535212,-0.040944201027554576,true,2.1955125590132936e-13,5.061588988174682e-16,1000,20,24,4.26326454606914e-14,0.0,3.953391794989626e-15,1.381681363641722e-13,0.004,0.1905129024576746,,,,
-2,4,-2,1,schwarzschild-overtone-continuation,ell4-uniform-40,12,3,13,0.23076923076923078,0x1.d89d89d89d89ep-3,0.7674513902505493,-0.2839735875812243,18.131870052936943,-0.04395910945389043,true,1.567030933738896e-13,2.482534153247273e-16,1000,20,24,3.552723436606653e-14,0.0,0.0,3.8022984537655793e-13,0.004,0.19045243106294257,,,,
-2,4,-2,1,schwarzschild-overtone-continuation,ell4-uniform-40,13,1,4,0.25,0x1.0000000000000p-2,0.765353374809071,-0.2838596651513919,18.14161999483374,-0.04685698416872186,true,2.352583284610902e-13,9.71445146547012e-17,1000,20,24,1.2434505620100575e-13,4.051933808678556e-15,1.0320895024566656e-14,1.611358589813909e-13,0.004,0.1903835558791506,KerrQNMEFs-2/l4/s-2l4m-2n1.dat,251,4.951395542680039e-15,2.842242177618573e-14
-2,4,-2,1,schwarzschild-overtone-continuation,ell4-uniform-40,14,7,26,0.2692307692307692,0x1.13b13b13b13b1p-2,0.7633016387265327,-0.28373372649449413,18.151198095164265,-0.049638027151283896,true,2.593849766268586e-13,4.47545209131181e-16,1000,20,24,3.555423151044058e-15,0.0,0.0,1.3920620724936858e-13,0.004,0.19030635239774657,,,,
-2,4,-2,1,schwarzschild-overtone-continuation,ell4-uniform-40,15,15,52,0.28846153846153844,0x1.2762762762762p-2,0.7612952818037627,-0.28359586319104785,18.160607737228467,-0.05230243814158853,true,2.6141167148943766e-13,3.091508911360544e-16,1000,20,24,6.039654070845892e-14,4.591346077054629e-15,4.6790994441018345e-15,1.1916163935586911e-14,0.004,0.19022087973083165,,,,
-2,4,-2,1,schwarzschild-overtone-continuation,ell4-uniform-40,16,4,13,0.3076923076923077,0x1.3b13b13b13b14p-2,0.7593334446063249,-0.28344614289488695,18.169852153518903,-0.05485041367398332,true,1.490976200652717e-13,1.7772239894833365e-16,1000,20,24,1.3183898417423734e-16,0.0,0.0,2.8305592705112547e-13,0.004,0.19012718093459485,,,,
-2,4,-2,1,schwarzschild-overtone-continuation,ell4-uniform-40,17,17,52,0.3269230769230769,0x1.4ec4ec4ec4ec5p-2,0.757415306387979,-0.2832846097014255,18.178934431097765,-0.05728214622516246,true,8.97554721414983e-14,5.164700352369266e-16,1000,20,24,1.2079321395169293e-13,0.0,3.0967063759893227e-15,4.264181500047145e-14,0.004,0.19002528326311144,,,,
-2,4,-2,1,schwarzschild-overtone-continuation,ell4-uniform-40,18,9,26,0.34615384615384615,0x1.6276276276276p-2,0.7555400831214305,-0.2831112844134016,18.187857516551617,-0.059597823469607174,true,4.7796874181478123e-14,8.326672684688674e-17,1000,20,24,4.263281317256519e-14,0.0,2.7755575615628914e-15,1.5401382586992183e-13,0.004,0.18991519835565968,,,,
-2,4,-2,1,schwarzschild-overtone-continuation,ell4-uniform-40,19,19,52,0.36538461538461536,0x1.7627627627627p-2,0.7537070256233697,-0.28292616470720167,18.196624220544162,-0.06179762763679837,true,1.6330169289078514e-13,3.290674871864012e-16,1000,20,24,3.197461585567644e-14,0.0,0.0,4.4231374475516475e-13,0.004,0.1897969223599346,,,,
-2,4,-2,1,schwarzschild-overtone-continuation,ell4-uniform-40,20,5,13,0.38461538461538464,0x1.89d89d89d89d9p-2,0.7519154177623828,-0.28272922520233923,18.205237221987847,-0.06388173496605927,true,2.928380282309345e-13,9.485749680535094e-16,1000,20,24,5.967448757360216e-16,5.241910691967345e-15,1.3780300886286245e-14,6.673317784429959e-13,0.004,0.1896704359933013,,,,
-2,4,-2,1,schwarzschild-overtone-continuation,ell4-uniform-40,21,21,52,0.40384615384615385,0x1.9d89d89d89d8ap-2,0.7501645747376965,-0.28252041743586026,18.2136990718545,-0.06585031525579567,true,1.8243798758231503e-13,4.561234287365988e-16,1000,20,24,2.1316444702508496e-14,0.0,0.0,2.1949510715403854e-13,0.004,0.1895357045437598,,,,
-2,4,-2,1,schwarzschild-overtone-continuation,ell4-uniform-40,22,11,26,0.4230769230769231,0x1.b13b13b13b13bp-2,0.7484538414172626,-0.2822996697428998,18.222012196639408,-0.06770353150546599,true,1.176568246216284e-13,5.914364092185496e-16,1000,20,24,3.580361673049448e-15,0.0,4.560368615744908e-15,5.177785007651313e-13,0.004,0.18939267781218472,,,,
-2,4,-2,1,schwarzschild-overtone-continuation,ell4-uniform-40,23,23,52,0.4423076923076923,0x1.c4ec4ec4ec4ecp-2,0.7467825907238386,-0.2820668870441414,18.230178901494398,-0.06944153964966059,true,3.927837890696149e-13,2.7755575615628914e-16,1000,20,24,7.106782481094284e-15,5.950836838078908e-15,6.033119856671443e-15,3.1541340386885505e-13,0.004,0.18924128999686335,,,,
-2,4,-2,1,schwarzschild-overtone-continuation,ell4-uniform-40,24,6,13,0.46153846153846156,0x1.d89d89d89d89ep-2,0.7451502220574202,-0.28182195054031056,18.238201373042433,-0.0710644883849071,true,3.5012259171285187e-13,8.658060305889084e-16,1000,20,24,4.618535288449592e-14,0.0,0.0,1.923987993140705e-13,0.004,0.18908145952148375,,,,
-2,4,-2,1,schwarzschild-overtone-continuation,ell4-uniform-40,25,25,52,0.4807692307692308,0x1.ec4ec4ec4ec4fp-2,0.7435561597420329,-0.28156471731354565,18.24608168188338,-0.07257251909133262,true,6.89640659878569e-14,3.7089020784843903e-16,1000,20,24,7.105766162702353e-15,0.0,0.0,4.300627410685594e-13,0.004,0.18891308880738528,,,,
-2,4,-2,1,schwarzschild-overtone-continuation,ell4-uniform-40,26,1,2,0.5,0x1.0000000000000p-1,0.7419998514847305,-0.28129501983502153,18.25382178480095,-0.0739657658524248,true,5.333694441429199e-13,7.114312260401321e-16,1000,20,24,1.0658271501264424e-13,0.0,0.0,1.4696602187223856e-13,0.004,0.18873606399093917,KerrQNMEFs-2/l4/s-2l4m-2n1.dat,501,7.217303627247154e-15,6.061874267445729e-14
-2,4,-2,1,schwarzschild-overtone-continuation,ell4-uniform-40,27,27,52,0.5192307692307693,0x1.09d89d89d89d9p-1,0.7404807668338874,-0.28101266537800296,18.261423526680073,-0.07524435557775054,true,6.644738133682924e-14,2.306595211858756e-16,1000,20,24,1.2789861475825722e-13,0.0,2.809215289030219e-15,1.8122322479793027e-13,0.004,0.1885502545869431,,,,
-2,4,-2,1,schwarzschild-overtone-continuation,ell4-uniform-40,28,7,13,0.5384615384615384,0x1.13b13b13b13b1p-1,0.7389983956232281,-0.2807174353351358,18.268888642137536,-0.07640840823496783,true,2.481819080425819e-13,2.2473876566261383e-16,1000,20,24,9.947601785576347e-14,0.0,0.0,6.486044155267425e-13,0.004,0.1883555130990819,,,,
-2,4,-2,1,schwarzschild-overtone-continuation,ell4-uniform-40,29,29,52,0.5576923076923077,0x1.1d89d89d89d8ap-1,0.7375522463867735,-0.2804090844389248,18.276218756873455,-0.0774580371993655,true,1.7785758994027377e-13,1.7235854893846466e-16,1000,20,24,2.4869011240201147e-14,0.0,0.0,4.967609771019025e-13,0.004,0.18815167457872403,,,,
-2,4,-2,1,schwarzschild-overtone-continuation,ell4-uniform-40,30,15,26,0.5769230769230769,0x1.2762762762762p-1,0.7361418447294003,-0.2800873398840864,18.28341538875007,-0.07839334973072881,true,6.699126577250452e-14,8.326672684688674e-17,1000,20,24,1.0303034540705046e-13,0.0,3.070725159912542e-15,2.4363464206338766e-13,0.004,0.18793855613383986,,,,
-2,4,-2,1,schwarzschild-overtone-continuation,ell4-uniform-40,31,31,52,0.5961538461538461,0x1.313b13b13b13bp-1,0.7347667316354024,-0.2797519003507973,18.290479948594346,-0.07921444758972197,true,3.5259676496365e-14,1.8735013540549517e-16,1000,20,24,3.9092979428220136e-14,0.0,1.5463617361248926e-15,6.355287432313019e-14,0.004,0.18771595639029906,,,,
-2,4,-2,1,schwarzschild-overtone-continuation,ell4-uniform-40,32,8,13,0.6153846153846154,0x1.3b13b13b13b14p-1,0.7334264616968948,-0.2794024349281859,18.297413740735017,-0.079921427808178,true,6.34535574168785e-13,1.1796119636642288e-16,1000,20,24,3.19867565419136e-14,0.0,0.0,1.1225679281438422e-12,0.004,0.1874836549087599,,,,
-2,4,-2,1,schwarzschild-overtone-continuation,ell4-uniform-40,33,33,52,0.6346153846153846,0x1.44ec4ec4ec4ecp-1,0.7321206012410033,-0.2790385819379209,18.304217963269217,-0.08051438363024743,true,4.155317843386716e-13,1.2412670766236366e-16,1000,20,24,1.1014044108801769e-13,0.0,1.0353238961060253e-14,5.342590686878544e-13,0.004,0.18724141156140678,,,,
-2,4,-2,1,schwarzschild-overtone-continuation,ell4-uniform-40,34,17,26,0.6538461538461539,0x1.4ec4ec4ec4ec5p-1,0.7308487263335524,-0.2786599476587057,18.310893708064505,-0.08099340564438941,true,4.581804202655325e-13,3.945418707248932e-16,1000,20,24,7.10547126765331e-14,0.0,0.0,4.4550802883181196e-14,0.004,0.18698896587428424,,,,
-2,4,-2,1,schwarzschild-overtone-continuation,ell4-uniform-40,35,35,52,0.6730769230769231,0x1.589d89d89d89ep-1,0.729610420634015,-0.2782661049535452,18.317441960496126,-0.08135858312929274,true,3.828213844461199e-13,2.0816681711721685e-17,1000,20,24,4.619998727149582e-14,0.0,0.0,8.327154655562193e-13,0.004,0.18672603634255866,,,,
-2,4,-2,1,schwarzschild-overtone-continuation,ell4-uniform-40,36,9,13,0.6923076923076923,0x1.6276276276276p-1,0.72840527307376,-0.27785659180362693,18.32386359892215,-0.08161000564070568,true,4.014920140835451e-13,6.919785635576268e-16,1000,20,24,5.684350186997624e-14,0.0,0.0,7.468334210063113e-13,0.004,0.1864523197288948,,,,
-2,4,-2,1,schwarzschild-overtone-continuation,ell4-uniform-40,37,37,52,0.7115384615384616,0x1.6c4ec4ec4ec4fp-1,0.727232875327366,-0.2774309097543598,18.330159393899233,-0.08174776486999522,true,8.429487031090921e-13,4.454424009010536e-16,1000,20,24,5.32917460059289e-14,0.0,0.0,3.6272928288187887e-13,0.004,0.1861674903576176,,,,
-2,4,-2,1,schwarzschild-overtone-continuation,ell4-uniform-40,38,19,26,0.7307692307692307,0x1.7627627627627p-1,0.7260928190425113,-0.2769885222824083,18.336330007142653,-0.0817719568100366,true,3.2670481465693733e-13,4.440892098500626e-16,1000,20,24,4.263262061443176e-14,0.0,0.0,3.404771471685554e-13,0.004,0.18587119942109293,,,,
-2,4,-2,1,schwarzschild-overtone-continuation,ell4-uniform-40,39,3,4,0.75,0x1.8000000000000p-1,0.7249846927913931,-0.27652885309591163,18.34237599023892,-0.08168268426891626,true,4.505096253757151e-13,0.0,1000,20,24,6.750159556174524e-14,1.1389935954777103e-14,1.82178938260262e-14,1.7638785134446394e-13,0.004,0.18556307431941188,KerrQNMEFs-2/l4/s-2l4m-2n1.dat,751,1.318328485884361e-14,2.912374707745829e-14
-2,4,-2,2,schwarzschild-overtone-continuation,ell4-uniform-40,0,0,1,0.0,0x0.0p+0,0.7727095326067109,-0.4799081751211623,18.0,0.0,true,1.4383281002407287e-13,1.7772239894833365e-16,1000,20,24,0.0,0.0,0.0,2.0756978600089177e-13,0.004,0.19703142734584472,KerrQNMEFs-2/l4/s-2l4m-2n2.dat,1,1.837746106097754e-15,0.0
-2,4,-2,2,schwarzschild-overtone-continuation,ell4-uniform-40,1,1,52,0.019230769230769232,0x1.3b13b13b13b14p-6,0.7698037023719836,-0.4800392107609004,18.011794870927123,-0.007286616898355963,true,3.297044627229899e-13,1.6199010924212654e-16,1000,20,24,7.105427493126272e-14,0.0,4.591346077054629e-15,4.692272733876466e-13,0.004,0.1971346603323966,,,,
-2,4,-2,2,schwarzschild-overtone-continuation,ell4-uniform-40,2,1,26,0.038461538461538464,0x1.3b13b13b13b14p-5,0.7669646913519957,-0.4801431486808537,18.023408281254827,-0.014380238989511946,true,2.877972195914779e-13,2.2247786310271853e-16,1000,20,24,3.552714394543269e-14,0.0,0.0,5.251080277532923e-13,0.004,0.1972255966579467,,,,
-2,4,-2,2,schwarzschild-overtone-continuation,ell4-uniform-40,3,3,52,0.057692307692307696,0x1.d89d89d89d89ep-5,0.7641908319116707,-0.4802207517668426,18.034846704350688,-0.021281155005770897,true,1.3004157498747402e-13,2.423651445728339e-16,1000,20,24,6.394886466490165e-14,0.0,3.416980786433131e-15,3.5082485435410965e-13,0.004,0.19730454113292234,,,,
-2,4,-2,2,schwarzschild-overtone-continuation,ell4-uniform-40,4,1,13,0.07692307692307693,0x1.3b13b13b13b14p-4,0.761480537386126,-0.4802727156842311,18.04611630668201,-0.027989680134523322,true,8.662358183810148e-14,4.809409384954737e-16,1000,20,24,1.421126170870509e-14,0.0,0.0,3.2165795635296667e-13,0.004,0.1973717706583189,,,,
-2,4,-2,2,schwarzschild-overtone-continuation,ell4-uniform-40,5,5,52,0.09615384615384616,0x1.89d89d89d89d9p-4,0.7588322971826387,-0.48029967261360246,18.057222962857065,-0.03450615035100454,true,5.958081967793455e-14,2.6558837364083264e-16,1000,20,24,1.0658177176412646e-14,0.0,0.0,4.861898729176347e-13,0.004,0.19742753573313165,,,,
-2,4,-2,2,schwarzschild-overtone-continuation,ell4-uniform-40,6,3,26,0.11538461538461539,0x1.d89d89d89d89ep-4,0.7562446722189616,-0.4803021945871024,18.068172269470445,-0.04083091732124955,true,1.1447858410391293e-13,4.484587321511725e-16,1000,20,24,2.84217306062198e-14,0.0,0.0,3.345073784540024e-13,0.004,0.19747206180012722,,,,
-2,4,-2,2,schwarzschild-overtone-continuation,ell4-uniform-40,7,7,52,0.1346153846153846,0x1.13b13b13b13b1p-3,0.7537162906639785,-0.4802807964614133,18.07896955784383,-0.046964343815524265,true,6.466036496704425e-14,4.613190423717512e-16,1000,20,24,1.4213431155872053e-14,2.5121479338940403e-15,3.979805003092567e-15,6.988107431687175e-13,0.004,0.1975055504449675,,,,
-2,4,-2,2,schwarzschild-overtone-continuation,ell4-uniform-40,8,2,13,0.15384615384615385,0x1.3b13b13b13b14p-3,0.7512458439500801,-0.48023593855861935,18.089619905747583,-0.05290679958038761,true,4.562886428014074e-13,2.45228796256662e-16,1000,20,24,5.684347010627823e-14,5.9009163182103526e-15,1.0197294227262231e-14,2.9686558195347566e-13,0.004,0.19752818046154594,,,,
-2,4,-2,2,schwarzschild-overtone-continuation,ell4-uniform-40,9,9,52,0.17307692307692307,0x1.6276276276276p-3,0.7488320830284607,-0.48016802900265804,18.100128148174335,-0.058658657624123624,true,1.4035748425390193e-13,6.804363002006077e-16,1000,20,24,1.0302889319667088e-13,0.0,1.0532500405730103e-15,1.9274085645930881e-13,0.004,0.19754010879530093,,,,
-2,4,-2,2,schwarzschild-overtone-continuation,ell4-uniform-40,10,5,26,0.19230769230769232,0x1.89d89d89d89d9p-3,0.7464738148415658,-0.48007742577513995,18.1104988872339,-0.06422029087657836,true,4.874287238681658e-13,5.389157964038493e-16,1000,20,24,1.0660173721641426e-14,0.0,0.0,3.929735355809224e-13,0.004,0.1975414713743958,,,,
-2,4,-2,2,schwarzschild-overtone-continuation,ell4-uniform-40,11,11,52,0.21153846153846154,0x1.b13b13b13b13bp-3,0.744169898987797,-0.4799644385118603,18.12073650122463,-0.06959206918971055,true,8.609376902805817e-14,5.558049685633556e-16,1000,20,24,2.4869185486259915e-14,0.0,0.0,1.2095216197870818e-13,0.004,0.19753238383820215,,,,
-2,4,-2,2,schwarzschild-overtone-continuation,ell4-uniform-40,12,3,13,0.23076923076923078,0x1.d89d89d89d89ep-3,0.7419192445558166,-0.4798293300582864,18.13084515293615,-0.07477435664992241,true,1.0812819926494945e-13,5.23691153334427e-16,1000,20,24,2.4869057705936192e-14,0.0,2.8435583831733384e-15,2.3801193105752346e-13,0.004,0.19751294217093296,,,,
-2,4,-2,2,schwarzschild-overtone-continuation,ell4-uniform-40,13,1,4,0.25,0x1.0000000000000p-2,0.739720807106807,-0.4796723178000717,18.140828797228664,-0.07976750917769812,true,2.398081733190338e-14,4.90457592513324e-16,1000,20,24,1.7053271634836277e-13,0.0,5.207703438645801e-15,1.0691026917816286e-13,0.004,0.19748322324775763,KerrQNMEFs-2/l4/s-2l4m-2n2.dat,251,1.527313441518086e-15,7.460699887126146e-14
-2,4,-2,2,schwarzschild-overtone-continuation,ell4-uniform-40,14,7,26,0.2692307692307692,0x1.13b13b13b13b1p-2,0.7375735857837551,-0.47949357478286286,18.150691187930647,-0.08457187239406443,true,2.348891902816253e-13,3.8214347833393957e-16,1000,20,24,2.842228201890862e-14,2.094764613337708e-15,5.8178228930278586e-15,1.1965381970023416e-13,0.004,0.19744328530013755,,,,
-2,4,-2,2,schwarzschild-overtone-continuation,ell4-uniform-40,15,15,52,0.28846153846153844,0x1.2762762762762p-2,0.7354766205279284,-0.4792932306335841,18.16043588408985,-0.0891877797369513,true,1.0299806528965564e-13,4.996485455209446e-16,1000,20,24,3.197973525857619e-14,0.0,0.0,4.686292286949173e-13,0.004,0.1973931683063406,,,,
-2,4,-2,2,schwarzschild-overtone-continuation,ell4-uniform-40,16,4,13,0.3076923076923077,0x1.3b13b13b13b14p-2,0.7334289893830439,-0.4790713722940109,18.17006625561142,-0.09361555081416874,true,8.792517768629141e-14,2.423651445728339e-16,1000,20,24,7.106782481094284e-15,0.0,9.110765053448275e-15,9.13964940403447e-13,0.004,0.19733289431282067,,,,
-2,4,-2,2,schwarzschild-overtone-continuation,ell4-uniform-40,17,17,52,0.3269230769230769,0x1.4ec4ec4ec4ec5p-2,0.7314298058677629,-0.4788280445761368,18.179585488309563,-0.0978554899829218,true,2.807388540614321e-13,6.245004513516506e-17,1000,20,24,3.5658083926151344e-15,0.0,5.315464481692875e-15,1.772978548974772e-13,0.004,0.19726246769187145,,,,
-2,4,-2,2,schwarzschild-overtone-continuation,ell4-uniform-40,18,9,26,0.34615384615384615,0x1.6276276276276p-2,0.7294782163973426,-0.4785632505477198,18.18899658839687,-0.10190788514901573,true,1.559657490393167e-13,2.8609792490763985e-16,1000,20,24,3.580361673049448e-15,0.0,0.0,4.576972214760223e-13,0.004,0.1971818753408,,,,
-2,4,-2,2,schwarzschild-overtone-continuation,ell4-uniform-40,19,19,52,0.36538461538461536,0x1.7627627627627p-2,0.7275733977350362,-0.4782769517553692,18.198302386433607,-0.10577300678209803,true,4.202923722857876e-13,3.3335590258932494e-16,1000,20,24,7.460926404463221e-14,0.0,6.346990740560359e-15,1.9361678407877687e-13,0.004,0.19709108682775178,,,,
-2,4,-2,2,schwarzschild-overtone-continuation,ell4-uniform-40,20,5,13,0.38461538461538464,0x1.89d89d89d89d9p-2,0.7257145544533168,-0.4779690682919778,18.20750554075249,-0.10945110714633581,true,3.7155699794002424e-13,8.326672684688674e-17,1000,20,24,4.974802710516532e-14,0.0,4.9517067065793366e-15,3.0587013057259503e-13,0.004,0.19699005448957838,,,,
-2,4,-2,2,schwarzschild-overtone-continuation,ell4-uniform-40,21,21,52,0.40384615384615385,0x1.9d89d89d89d8ap-2,0.7239009163842564,-0.47763947871493234,18.216608540375926,-0.11294241974944004,true,3.8105649069687973e-13,4.649058915617843e-16,1000,20,24,9.23722236370954e-14,0.0,0.0,5.694636820928791e-13,0.004,0.19687871348760005,,,,
-2,4,-2,2,schwarzschild-overtone-continuation,ell4-uniform-40,22,11,26,0.4230769230769231,0x1.b13b13b13b13bp-2,0.7221317360377794,-0.4772880198207864,18.22561370743641,-0.11624715901596121,true,3.760982053324296e-13,4.449557262054371e-16,1000,20,24,1.0676421271454406e-14,0.0,9.968077933625232e-15,3.295716449863002e-13,0.004,0.19675698182708812,,,,
-2,4,-2,2,schwarzschild-overtone-continuation,ell4-uniform-40,23,23,52,0.4423076923076923,0x1.c4ec4ec4ec4ecp-2,0.7204062859648347,-0.4769144862828554,18.234523199110857,-0.11936552019465314,true,3.5407029677413384e-13,4.847302891456678e-16,1000,20,24,8.881917010774366e-14,0.0,1.1035974274849401e-14,4.34045805629869e-13,0.004,0.1966247603478014,,,,
-2,4,-2,2,schwarzschild-overtone-continuation,ell4-uniform-40,24,6,13,0.46153846153846156,0x1.d89d89d89d89ep-2,0.7187238560416024,-0.47651863015763957,18.24333900907697,-0.12229767951333348,true,1.401972122208096e-13,4.545902364027965e-16,1000,20,24,7.460856836622484e-14,0.0,0.0,5.253851258695653e-13,0.004,0.19648193269309733,,,,
-2,4,-2,2,schwarzschild-overtone-continuation,ell4-uniform-40,25,25,52,0.4807692307692308,0x1.ec4ec4ec4ec4fp-2,0.7170837506486081,-0.4761001602674635,18.252062968497892,-0.12504379459889003,true,7.230885201553725e-14,2.2301825219878386e-16,1000,20,24,7.106169455235374e-14,0.0,0.0,4.754244113089382e-13,0.004,0.1963283652671887,,,,
-2,4,-2,2,schwarzschild-overtone-continuation,ell4-uniform-40,26,1,2,0.5,0x1.0000000000000p-1,0.7154852857169961,-0.475658741467046,18.2606967465388,-0.1276040051844476,true,6.918676154352869e-14,1.8041124150158794e-16,1000,20,24,4.618568648341741e-14,0.0,2.3314683517128287e-15,3.636328710844854e-13,0.004,0.19616390719116147,KerrQNMEFs-2/l4/s-2l4m-2n2.dat,501,2.083702585933651e-15,1.076300957162814e-14
-2,4,-2,2,schwarzschild-overtone-continuation,ell4-uniform-40,27,27,52,0.5192307692307693,0x1.09d89d89d89d9p-1,0.7139277856116841,-0.4751939938037392,18.269241850421608,-0.12997843413089827,true,5.058696581837861e-13,4.443059973708341e-16,1000,20,24,1.776463088035647e-14,8.89443866354733e-15,1.4795257913774186e-14,8.219370287505451e-14,0.004,0.1959883902708789,,,,
-2,4,-2,2,schwarzschild-overtone-continuation,ell4-uniform-40,28,7,13,0.5384615384615384,0x1.13b13b13b13b1p-1,0.7124105798186201,-0.47470549158283204,18.277699625019334,-0.13216718879517364,true,8.240936556634622e-14,3.331391796911832e-16,1000,20,24,1.0303842039825764e-13,1.6653345369377348e-15,2.5121479338940403e-15,5.740381711047622e-13,0.004,0.195801628992251,,,,
-2,4,-2,2,schwarzschild-overtone-continuation,ell4-uniform-40,29,29,52,0.5576923076923077,0x1.1d89d89d89d8ap-1,0.7109329994003534,-0.4741927623527183,18.28607125199494,-0.13417036278407435,true,1.999664232433732e-13,3.775166431889533e-16,1000,20,24,2.8427685466609937e-14,0.0,0.0,2.666015145501112e-13,0.004,0.1956034205629362,,,,
-2,4,-2,2,schwarzschild-overtone-continuation,ell4-uniform-40,30,15,26,0.5769230769230769,0x1.2762762762762p-1,0.7094943731812363,-0.4736552858273194,18.29435774848744,-0.13598803813894347,true,3.819538982232712e-13,5.810469165661947e-16,1000,20,24,2.487401355258266e-14,0.0,0.0,2.531557797109523e-13,0.004,0.19539354502283995,,,,
-2,4,-2,2,schwarzschild-overtone-continuation,ell4-uniform-40,31,31,52,0.5961538461538461,0x1.313b13b13b13bp-1,0.7080940236199605,-0.4730924927687331,18.30255996535364,-0.13762028800414625,true,1.1364519673210305e-13,7.021666937153402e-16,1000,20,24,1.4210963135005665e-14,0.0,0.0,1.0212120821367996e-13,0.004,0.19517176545134649,,,,
-2,4,-2,2,schwarzschild-overtone-continuation,ell4-uniform-40,32,8,13,0.6153846153846154,0x1.3b13b13b13b14p-1,0.706731262323959,-0.47250376385807563,18.310678584973136,-0.1390671798406724,true,3.351623381340333e-14,6.296066476805203e-16,1000,20,24,2.842172298292793e-14,0.0,0.0,4.857775737802369e-13,0.004,0.19493782830443726,,,,
-2,4,-2,2,schwarzschild-overtone-continuation,ell4-uniform-40,33,33,52,0.6346153846153846,0x1.44ec4ec4ec4ecp-1,0.7054053851565607,-0.4718884285899717,18.318714118629927,-0.14032877925521062,true,4.810492721562498e-13,1.1551122306821434e-15,1000,20,24,1.1013491096093587e-13,0.0,0.0,2.5346719902603656e-13,0.004,0.19469146392217088,,,,
-2,4,-2,2,schwarzschild-overtone-continuation,ell4-uniform-40,34,17,26,0.6538461538461539,0x1.4ec4ec4ec4ec5p-1,0.7041156668846446,-0.4712457642344178,18.326666903490537,-0.14140515452522967,true,6.204547701064548e-14,1.1443916996305594e-16,1000,20,24,5.684911741283726e-14,0.0,0.0,3.323888330839626e-13,0.004,0.19443238725488263,,,,
-2,4,-2,2,schwarzschild-overtone-continuation,ell4-uniform-40,35,35,52,0.6730769230769231,0x1.589d89d89d89ep-1,0.7028613553116678,-0.47057499492092636,18.334537099206514,-0.14229638191128494,true,1.0555973428098944e-12,1.2118257228641695e-16,1000,20,24,1.0695084443661336e-14,1.7530013745756942e-14,1.9128082721559434e-14,5.499309297655196e-13,0.004,0.19416029886695557,,,,
-2,4,-2,2,schwarzschild-overtone-continuation,ell4-uniform-40,36,9,13,0.6923076923076923,0x1.6276276276276p-1,0.7016416648390026,-0.4698752909121943,18.342324684179847,-0.14300255185955005,true,3.0282065165128897e-13,2.8177377798042847e-16,1000,20,24,5.684358826714503e-14,0.0,0.0,6.450309782763865e-13,0.004,0.19387488628775548,,,,
-2,4,-2,2,schwarzschild-overtone-continuation,ell4-uniform-40,37,37,52,0.7115384615384616,0x1.6c4ec4ec4ec4fp-1,0.7004557693976033,-0.46914576814964776,18.350029451543787,-0.14352377620903978,true,6.68632606962967e-13,1.0026641665932502e-15,1000,20,24,6.039950622743692e-14,0.0,0.0,8.832017802321093e-13,0.004,0.19357582579314764,,,,
-2,4,-2,2,schwarzschild-overtone-continuation,ell4-uniform-40,38,19,26,0.7307692307692307,0x1.7627627627627p-1,0.6993027946933025,-0.46838548817171827,18.357651004930386,-0.14386019653073592,true,9.580806590862636e-14,1.457167719820518e-16,1000,20,24,8.88179503901636e-14,0.0,3.931898377321726e-15,3.6499810757677865e-13,0.004,0.19326278471621197,,,,
-2,4,-2,2,schwarzschild-overtone-continuation,ell4-uniform-40,39,3,4,0.75,0x1.8000000000000p-1,0.6981818097127457,-0.4675934585259874,18.365188754119654,-0.1440119937366895,true,6.740946542807867e-13,4.002966042486721e-16,1000,20,24,1.5631946346960606e-13,0.0,0.0,1.0174974457029638e-13,0.004,0.19293542440277311,KerrQNMEFs-2/l4/s-2l4m-2n2.dat,751,2.9567179783608954e-15,5.684700339122105e-14
-2,4,-1,0,schwarzschild-overtone-continuation,ell4-uniform-40,0,0,1,0.0,0x0.0p+0,0.8091783775322386,-0.09416396098892647,18.0,0.0,true,3.4638958368304884e-14,2.8609792490763985e-16,1000,20,24,0.0,0.0,1.2677493989709276e-15,3.12199768130461e-14,0.004,,KerrQNMEFs-2/l4/s-2l4m-1n0.dat,1,3.2501293141927617e-15,0.0
-2,4,-1,0,schwarzschild-overtone-continuation,ell4-uniform-40,1,1,52,0.019230769230769232,0x1.3b13b13b13b14p-6,0.8078596455664512,-0.09416801151865813,18.006128339415632,-0.0007040462953993361,true,1.8944504242195477e-13,1.1796119636642288e-16,1000,20,24,9.237055565040376e-14,2.482534153247273e-15,5.42664093290251e-15,3.8295453080129984e-13,0.004,,,,,
-2,4,-1,0,schwarzschild-overtone-continuation,ell4-uniform-40,2,1,26,0.038461538461538464,0x1.3b13b13b13b14p-5,0.8065880899799565,-0.09416713201661475,18.012066098422043,-0.001367495230325753,true,1.2283402381879484e-13,3.554447978966673e-16,1000,20,24,2.4868995911367533e-14,0.0,0.0,9.095078205246014e-14,0.004,,,,,
-2,4,-1,0,schwarzschild-overtone-continuation,ell4-uniform-40,3,3,52,0.057692307692307696,0x1.d89d89d89d89ep-5,0.8053629714754766,-0.09416139254807282,18.01781562894241,-0.001990328655318778,true,1.7650535006975677e-13,3.677613769070831e-16,1000,20,24,2.8421712610086105e-14,0.0,4.289673373771929e-15,2.1223387602129198e-13,0.004,,,,,
-2,4,-1,0,schwarzschild-overtone-continuation,ell4-uniform-40,4,1,13,0.07692307692307693,0x1.3b13b13b13b14p-4,0.8041836028965075,-0.0941508509228425,18.02337914529008,-0.0025725310338950893,true,6.439293542825908e-14,2.8177377798042847e-16,1000,20,24,3.9079851082829465e-14,0.0,1.6476622377199301e-15,1.0686252742559453e-13,0.004,,,,,
-2,4,-1,0,schwarzschild-overtone-continuation,ell4-uniform-40,5,5,52,0.09615384615384616,0x1.89d89d89d89d9p-4,0.8030493472427024,-0.09413555302991136,18.02875872908419,-0.0031140889464544375,true,3.224543342688806e-14,3.510833468576701e-16,1000,20,24,2.842171221303945e-14,0.0,0.0,3.959087061925015e-13,0.004,,,,,
-2,4,-1,0,schwarzschild-overtone-continuation,ell4-uniform-40,6,3,26,0.11538461538461539,0x1.d89d89d89d89ep-4,0.8019596158857848,-0.09411553310198398,18.033956333722465,-0.003614990660778283,true,8.183300204942483e-14,1.944128986425528e-16,1000,20,24,1.4210854961437127e-13,0.0,0.0,3.379749385324339e-14,0.004,,,,,
-2,4,-1,0,schwarzschild-overtone-continuation,ell4-uniform-40,7,7,52,0.1346153846153846,0x1.13b13b13b13b1p-3,0.8009138669733137,-0.09409081391296359,18.03897378843942,-0.004075225764314861,true,2.483030610437167e-14,6.753223014464259e-16,1000,20,24,1.776359007803272e-14,0.0,5.134781488891349e-15,1.1404103690645707e-13,0.004,,,,,
-2,4,-1,0,schwarzschild-overtone-continuation,ell4-uniform-40,8,2,13,0.15384615384615385,0x1.3b13b13b13b14p-3,0.7999116040092052,-0.09406140691047912,18.04381280197217,-0.004494784854235172,true,6.761868906203048e-14,6.938893903907228e-18,1000,20,24,9.237055696822971e-14,0.0,1.1116099371267112e-15,5.751641078727783e-14,0.004,,,,,
-2,4,-1,0,schwarzschild-overtone-continuation,ell4-uniform-40,9,9,52,0.17307692307692307,0x1.6276276276276p-3,0.7989523746014653,-0.09402731228481315,18.04847496585847,-0.004873659282058693,true,7.132334015681171e-14,3.189627710442956e-16,1000,20,24,3.552713746563136e-14,0.0,0.0,5.729439276099307e-14,0.004,,,,,
-2,4,-1,0,schwarzschild-overtone-continuation,ell4-uniform-40,10,5,26,0.19230769230769232,0x1.89d89d89d89d9p-3,0.7980357693688225,-0.09398851897496405,18.052961757380185,-0.005211840950407373,true,2.347103903293548e-13,1.8735013540549517e-16,1000,20,24,1.634248309027769e-13,0.0,0.0,1.6965428436417437e-13,0.004,,,,,
-2,4,-1,0,schwarzschild-overtone-continuation,ell4-uniform-40,11,11,52,0.21153846153846154,0x1.b13b13b13b13bp-3,0.7971614209994166,-0.09394500461186085,18.057274542174014,-0.005509322160079241,true,2.4666277453395266e-13,3.091508911360544e-16,1000,20,24,3.552724266696564e-15,0.0,0.0,2.2072842042333655e-13,0.004,,,,,
-2,4,-1,0,schwarzschild-overtone-continuation,ell4-uniform-40,12,3,13,0.23076923076923078,0x1.d89d89d89d89ep-3,0.7963290034555744,-0.09389673539811387,18.061414576515727,-0.00576609550636897,true,4.2421562206446773e-14,2.8609792490763985e-16,1000,20,24,2.842172214913026e-14,0.0,9.694605782913356e-16,1.893903812222104e-13,0.004,,,,,
-2,4,-1,0,schwarzschild-overtone-continuation,ell4-uniform-40,13,1,4,0.25,0x1.0000000000000p-2,0.795538231320118,-0.09384366592282392,18.06538300929602,-0.005982153824162021,true,1.1353603359978064e-13,1.1857187100668868e-16,1000,20,24,6.750157800253634e-14,0.0,0.0,2.065975601795608e-13,0.004,,KerrQNMEFs-2/l4/s-2l4m-1n0.dat,251,1.224080674111502e-15,2.8433153982407454e-14
-2,4,-1,0,schwarzschild-overtone-continuation,ell4-uniform-40,14,7,26,0.2692307692307692,0x1.13b13b13b13b1p-2,0.7947888592804396,-0.09378573890956782,18.069180883691057,-0.006157490182023668,true,8.09123350066957e-14,3.337167946540778e-16,1000,20,24,7.815970586180256e-14,1.7440244153023665e-15,1.0695120458836565e-14,6.714894655036351e-13,0.004,,,,,
-2,4,-1,0,schwarzschild-overtone-continuation,ell4-uniform-40,15,15,52,0.28846153846153844,0x1.2762762762762p-2,0.7940806817476854,-0.0937228848944708,18.07280913853812,-0.006292097926130846,true,2.863256355534615e-14,3.7470027081099033e-16,1000,20,24,1.7763588743957405e-14,0.0,2.8251099593706336e-15,3.894776935614198e-13,0.004,,,,,
-2,4,-1,0,schwarzschild-overtone-continuation,ell4-uniform-40,16,4,13,0.3076923076923077,0x1.3b13b13b13b14p-2,0.7934135326093419,-0.09365502183101801,18.076268609420477,-0.006385970775677038,true,2.0471501066083614e-14,1.1123893155135927e-16,1000,20,24,8.526513683212714e-14,0.0,2.0658801409477063e-15,1.1150818307146864e-13,0.004,,,,,
-2,4,-1,0,schwarzschild-overtone-continuation,ell4-uniform-40,17,17,52,0.3269230769230769,0x1.4ec4ec4ec4ec5p-2,0.7927872851143841,-0.09358205461679647,18.07956002946175,-0.006439102971998445,true,2.2012326702372192e-13,3.189627710442956e-16,1000,20,24,7.815974078746356e-14,0.0,0.0,8.363775093134617e-14,0.004,,,,,
-2,4,-1,0,schwarzschild-overtone-continuation,ell4-uniform-40,18,9,26,0.34615384615384615,0x1.6276276276276p-2,0.7922018518911929,-0.09350387453685738,18.082684029836205,-0.006451489484580246,true,3.072173879325018e-13,7.632783294297951e-17,1000,20,24,1.4210854953430017e-14,3.955826839503363e-15,7.745160925172088e-15,4.435748787480602e-13,0.004,,,,,
-2,4,-1,0,schwarzschild-overtone-continuation,ell4-uniform-40,19,19,52,0.36538461538461536,0x1.7627627627627p-2,0.7916571850991752,-0.09342035861712623,18.085641139986894,-0.006423126277882314,true,5.8078991302579e-14,1.0408340855860843e-16,1000,20,24,5.329075035707889e-14,1.1295700899707568e-15,7.153457808806093e-15,6.735861340753108e-14,0.004,,,,,
-2,4,-1,0,schwarzschild-overtone-continuation,ell4-uniform-40,20,5,13,0.38461538461538464,0x1.89d89d89d89d9p-2,0.7911532767161404,-0.09333136888006148,18.088431787554878,-0.006354010643969364,true,8.504772156723561e-14,4.454424009010536e-16,1000,20,24,3.552714631712439e-14,0.0,3.554691797066268e-15,1.1291486689275375e-13,0.004,,,,,
-2,4,-1,0,schwarzschild-overtone-continuation,ell4-uniform-40,21,21,52,0.40384615384615385,0x1.9d89d89d89d8ap-2,0.7906901589642372,-0.09323675149348074,18.091056298009804,-0.0062441416069284345,true,5.507422428482121e-14,7.663002283985489e-16,1000,20,24,9.947605090515693e-14,1.4326421541101871e-15,6.738162618544976e-15,3.0927107187246344e-13,0.004,,,,,
-2,4,-1,0,schwarzschild-overtone-continuation,ell4-uniform-40,22,11,26,0.4230769230769231,0x1.b13b13b13b13bp-2,0.7902679048783383,-0.09313633580196315,18.09351489397775,-0.00609352040635384,true,7.755684626330686e-14,4.518280359883027e-16,1000,20,24,4.618529151538895e-14,1.5886885132459014e-15,2.7084450456260954e-15,1.4668142906586522e-13,0.004,,,,,
-2,4,-1,0,schwarzschild-overtone-continuation,ell4-uniform-40,23,23,52,0.4423076923076923,0x1.c4ec4ec4ec4ecp-2,0.7898866290216058,-0.09302993322835486,18.095807694253715,-0.005902151068554183,true,2.2721793067080038e-13,1.1102230246251565e-16,1000,20,24,2.84217100789136e-14,0.0,0.0,1.732677949701058e-13,0.004,,,,,
-2,4,-1,0,schwarzschild-overtone-continuation,ell4-uniform-40,24,6,13,0.46153846153846156,0x1.d89d89d89d89ep-2,0.7895464883540649,-0.09291733603111259,18.09793471249007,-0.005670041075747891,true,5.684341886080802e-14,7.216449660063518e-16,1000,20,24,1.2079226889397931e-13,0.0,0.0,3.7898402484764596e-13,0.004,,,,,
-2,4,-1,0,schwarzschild-overtone-continuation,ell4-uniform-40,25,25,52,0.4807692307692308,0x1.ec4ec4ec4ec4fp-2,0.7892476832609717,-0.09279831590057326,18.099895855542524,-0.005397202145402256,true,4.636427468134552e-14,6.849851696944542e-16,1000,20,24,3.552978366736491e-15,0.0,3.744869033229939e-15,1.0986160316453369e-14,0.004,,,,,
-2,4,-1,0,schwarzschild-overtone-continuation,ell4-uniform-40,26,1,2,0.5,0x1.0000000000000p-1,0.7889904587488034,-0.09267262237481783,18.10169092145873,-0.005083651134103388,true,3.7481787020636607e-13,2.2591401799415137e-16,1000,20,24,5.3290707221945156e-14,7.381104677948019e-15,7.7469386569804e-15,3.7277923300144995e-13,0.004,,KerrQNMEFs-2/l4/s-2l4m-1n0.dat,501,5.5316695083328e-15,4.975150868285568e-14
-2,4,-1,0,schwarzschild-overtone-continuation,ell4-uniform-40,27,27,52,0.5192307692307693,0x1.09d89d89d89d9p-1,0.7887751058178697,-0.09253998105246869,18.103319597089154,-0.004729411082805788,true,1.2395499613253171e-13,4.545902364027965e-16,1000,20,24,4.263263882561212e-14,0.0,0.0,8.892879497013688e-14,0.004,,,,,
-2,4,-1,0,schwarzschild-overtone-continuation,ell4-uniform-40,28,7,13,0.5384615384615384,0x1.13b13b13b13b1p-1,0.7886019630214642,-0.09240009157607301,18.10478145529325,-0.004334512423538503,true,1.744654637111676e-13,5.551115123125783e-17,1000,20,24,4.263270645572689e-14,0.0,0.0,2.9314193853410886e-13,0.004,,,,,
-2,4,-1,0,schwarzschild-overtone-continuation,ell4-uniform-40,29,29,52,0.5576923076923077,0x1.1d89d89d89d8ap-1,0.7884714182227452,-0.09225262535547644,18.10607595171693,-0.0038989943710356517,true,2.540252389962044e-14,3.433175098891678e-16,1000,20,24,5.329074076443803e-14,0.0,4.990623070700709e-15,1.0252595555306949e-13,0.004,,,,,
-2,4,-1,0,schwarzschild-overtone-continuation,ell4-uniform-40,30,15,26,0.5769230769230769,0x1.2762762762762p-1,0.7883839105614319,-0.09209722299527434,18.107202421106653,-0.0034229065272494744,true,2.4501211068176784e-13,3.888257972851056e-16,1000,20,24,1.421168396273256e-14,0.0,0.0,1.34470330071269e-13,0.004,,,,,
-2,4,-1,0,schwarzschild-overtone-continuation,ell4-uniform-40,31,31,52,0.5961538461538461,0x1.313b13b13b13bp-1,0.7883399326435313,-0.09193349138460907,18.108160073124754,-0.0029063107316996575,true,2.7008985857252937e-13,2.7344877050525285e-16,1000,20,24,1.2789773099519312e-13,5.277666323357361e-15,7.82934804839786e-15,3.2272180126512075e-14,0.004,,,,,
-2,4,-1,0,schwarzschild-overtone-continuation,ell4-uniform-40,32,8,13,0.6153846153846154,0x1.3b13b13b13b14p-1,0.7883400329680045,-0.09176100040011852,18.108947987625545,-0.002349283196815019,true,1.8448686607929723e-13,4.1191555942998253e-16,1000,20,24,3.552717881140225e-14,0.0,0.0,4.8166792733739245e-14,0.004,,,,,
-2,4,-1,0,schwarzschild-overtone-continuation,ell4-uniform-40,33,33,52,0.6346153846153846,0x1.44ec4ec4ec4ecp-1,0.788384818605163,-0.09157927916470497,18.109565109342352,-0.0017519169748913537,true,8.415344057966572e-14,4.441434166503682e-16,1000,20,24,3.908058368244756e-14,2.0380985511143445e-15,3.1553890462982047e-15,4.145484169237688e-13,0.004,,,,,
-2,4,-1,0,schwarzschild-overtone-continuation,ell4-uniform-40,34,17,26,0.6538461538461539,0x1.4ec4ec4ec4ec5p-1,0.7884749581415397,-0.09138781179396822,18.110010241934706,-0.0011143248121801908,true,4.628425916410938e-13,4.819909745438293e-16,1000,20,24,7.81599445755208e-14,4.672509159924002e-15,8.471693265492792e-15,1.2968621553315515e-13,0.004,,,,,
-2,4,-1,0,schwarzschild-overtone-continuation,ell4-uniform-40,35,35,52,0.6730769230769231,0x1.589d89d89d89ep-1,0.788611184906157,-0.09118603255083788,18.110282041334482,-0.0004366424565639444,true,1.8725404768967948e-13,5.095246377785861e-16,1000,20,24,1.8474140521885096e-13,0.0,0.0,4.64099358951108e-13,0.004,,,,,
-2,4,-1,0,schwarzschild-overtone-continuation,ell4-uniform-40,36,9,13,0.6923076923076923,0x1.6276276276276p-1,0.788794300491835,-0.09097332031371025,18.110379008321903,0.00028096750145511937,true,7.463685156378154e-13,2.514331927660129e-16,1000,20,24,2.486961140175078e-14,0.0,0.0,8.468141970754448e-14,0.004,,,,,
-2,4,-1,0,schwarzschild-overtone-continuation,ell4-uniform-40,37,37,52,0.7115384615384616,0x1.6c4ec4ec4ec4fp-1,0.7890251785831258,-0.09074899224605082,18.110299480257215,0.0010383111585289238,true,2.8094285224260366e-13,1.5218182408308987e-16,1000,20,24,2.248635305734936e-16,0.0,6.508075855194382e-15,6.527869699119401e-13,0.004,,,,,
-2,4,-1,0,schwarzschild-overtone-continuation,ell4-uniform-40,38,19,26,0.7307692307692307,0x1.7627627627627p-1,0.7893047690988966,-0.09051229653496447,18.11004162187943,0.001835158083192377,true,4.456709034255739e-13,3.0436364816617974e-16,1000,20,24,6.039725484939302e-14,1.0938523057980617e-14,2.4263898168426203e-14,1.0467725291259046e-12,0.004,,,,,
-2,4,-1,0,schwarzschild-overtone-continuation,ell4-uniform-40,39,3,4,0.75,0x1.8000000000000p-1,0.7896341026515434,-0.09026240404054506,18.109603415082173,0.0026712352152169047,true,1.0926038659417955e-13,4.445768331151997e-16,1000,20,24,1.2789769635508063e-13,0.0,0.0,2.518988149785219e-13,0.004,,KerrQNMEFs-2/l4/s-2l4m-1n0.dat,751,9.653285853334189e-15,3.9114546099962276e-14
-2,4,-1,1,schwarzschild-overtone-continuation,ell4-uniform-40,0,0,1,0.0,0x0.0p+0,0.7966315320345079,-0.28433434940484453,18.0,0.0,true,1.2017106534520756e-13,4.903103153189179e-16,1000,20,24,0.0,0.0,0.0,2.3892205850199173e-13,0.004,0.19058383971943965,KerrQNMEFs-2/l4/s-2l4m-1n1.dat,1,6.562770492126068e-15,0.0
-2,4,-1,1,schwarzschild-overtone-continuation,ell4-uniform-40,1,1,52,0.019230769230769232,0x1.3b13b13b13b14p-6,0.7952704631571564,-0.2843540676200013,18.00604381892724,-0.0021269296139461748,true,1.8215454574207304e-13,4.454424009010536e-16,1000,20,24,6.394884622429119e-14,1.9984014443252818e-15,9.537584764147468e-15,3.6888071801639076e-13,0.004,0.19060226506817216,,,,
-2,4,-1,1,schwarzschild-overtone-continuation,ell4-uniform-40,2,1,26,0.038461538461538464,0x1.3b13b13b13b14p-5,0.793959800780827,-0.28435843709153213,18.011921182812927,-0.004133315046879988,true,2.475043473340595e-13,6.04002714990216e-16,1000,20,24,3.19744245326904e-14,4.255211271505921e-15,4.577566798522238e-15,3.8577245198041375e-13,0.004,0.19061008948688196,,,,
-2,4,-1,1,schwarzschild-overtone-continuation,ell4-uniform-40,3,3,52,0.057692307692307696,0x1.d89d89d89d89ep-5,0.7926987888165623,-0.28434766914516646,18.01763463415776,-0.006019117887809809,true,2.419666834068677e-13,6.087272963323595e-16,1000,20,24,3.9079853248538615e-14,0.0,8.511146680221662e-15,1.8404002021787453e-13,0.004,0.19060745349614364,,,,
-2,4,-1,1,schwarzschild-overtone-continuation,ell4-uniform-40,4,1,13,0.07692307692307693,0x1.3b13b13b13b14p-4,0.7914867240111493,-0.2843219372353235,18.02318655632256,-0.0077843047351796625,true,9.114221056790075e-14,4.484587321511725e-16,1000,20,24,1.1013412897473306e-13,0.0,4.444013503773866e-15,4.026025681954497e-13,0.004,0.1905944721199924,,,,
-2,4,-1,1,schwarzschild-overtone-continuation,ell4-uniform-40,5,5,52,0.09615384615384616,0x1.89d89d89d89d9p-4,0.7903229538815179,-0.2842813779427965,18.028579178715336,-0.009428845654389926,true,3.52959019712095e-13,6.004849988450171e-16,1000,20,24,3.552724266696564e-15,0.0,0.0,3.7725005904574427e-13,0.004,0.19057123555191946,,,,
-2,4,-1,1,schwarzschild-overtone-continuation,ell4-uniform-40,6,3,26,0.11538461538461539,0x1.d89d89d89d89ep-4,0.7892068748310346,-0.28422609175651437,18.03381458145612,-0.010952712841543923,true,1.75855402025927e-13,6.938893903907228e-18,1000,20,24,9.947598306691638e-14,3.0226828573591784e-15,3.972442522218699e-15,1.6758116906701664e-14,0.004,0.19053780967657613,,,,
-2,4,-1,1,schwarzschild-overtone-continuation,ell4-uniform-40,7,7,52,0.1346153846153846,0x1.13b13b13b13b1p-3,0.7881379304340741,-0.28415614364814146,18.038894699549857,-0.012355879478945246,true,1.7618200503637247e-13,1.5265566588595902e-16,1000,20,24,3.5527185746475626e-14,0.0,0.0,1.225822978161045e-13,0.004,0.19049423645296087,,,,
-2,4,-1,1,schwarzschild-overtone-continuation,ell4-uniform-40,8,2,13,0.15384615384615385,0x1.3b13b13b13b14p-3,0.78711560987618,-0.2840715634458753,18.043821326590557,-0.013638318770560027,true,3.2863351671035345e-13,6.736447455048117e-16,1000,20,24,1.776357864309821e-14,0.0,0.0,1.6687357476335705e-14,0.004,0.19044053416344478,,,,
-2,4,-1,1,schwarzschild-overtone-continuation,ell4-uniform-40,9,9,52,0.17307692307692307,0x1.6276276276276p-3,0.7861394465383588,-0.28397234601160243,18.048596118017333,-0.014800003148124512,true,1.4254156828833715e-13,2.0816681711721685e-17,1000,20,24,1.2789769244858239e-13,0.0,7.978943554234763e-15,5.803743080234821e-13,0.004,0.19037669753155573,,,,
-2,4,-1,1,schwarzschild-overtone-continuation,ell4-uniform-40,10,5,26,0.19230769230769232,0x1.89d89d89d89d9p-3,0.7852090167147492,-0.2838584512234838,18.05322059394151,-0.015840903641227602,true,3.4824410051333507e-13,8.355534721610419e-16,1000,20,24,2.131628235514732e-14,0.0,8.251579053847122e-15,1.7041051862553024e-13,0.004,0.19030269771000688,,,,
-2,4,-1,1,schwarzschild-overtone-continuation,ell4-uniform-40,11,11,52,0.21153846153846154,0x1.b13b13b13b13bp-3,0.7843239384536909,-0.28372980376390605,18.057696141559084,-0.016760989406619093,true,4.726480077636573e-13,2.2247786310271853e-16,1000,20,24,1.4921397454995594e-13,6.597425008528064e-15,7.844965045102687e-15,3.835779257915937e-13,0.004,0.19021848213907594,,,,
-2,4,-1,1,schwarzschild-overtone-continuation,ell4-uniform-40,12,3,13,0.23076923076923078,0x1.d89d89d89d89ep-3,0.7834838705127253,-0.2835862927107194,18.062024017158993,-0.017560227414593385,true,3.1442300103417045e-13,5.061588988174682e-16,1000,20,24,7.460699701585623e-14,5.4449054346167804e-15,1.140129317395399e-14,8.428883395898456e-13,0.004,0.1901239742740818,,,,
-2,4,-1,1,schwarzschild-overtone-continuation,ell4-uniform-40,13,1,4,0.25,0x1.0000000000000p-2,0.7826885114183103,-0.28342777092751154,18.066205347739732,-0.018238582292246546,true,1.653062060445882e-13,4.695944831791985e-16,1000,20,24,3.907988511813799e-14,0.0,1.2287540973531938e-14,4.015983460696168e-13,0.004,0.1900190731794662,KerrQNMEFs-2/l4/s-2l4m-1n1.dat,251,9.50197851991224e-16,2.8421712818535595e-14
-2,4,-1,1,schwarzschild-overtone-continuation,ell4-uniform-40,14,7,26,0.2692307692307692,0x1.13b13b13b13b1p-2,0.7819375986215584,-0.2832540542466604,18.070241132236415,-0.0187960163258751,true,2.1221517433530135e-13,7.35686388769986e-16,1000,20,24,7.105428204633899e-14,0.0,4.723343357811471e-15,3.4070528810449457e-13,0.004,0.189903652985398,,,,
-2,4,-1,1,schwarzschild-overtone-continuation,ell4-uniform-40,15,15,52,0.28846153846153844,0x1.2762762762762p-2,0.7812309077408011,-0.28306492043640624,18.0741322423668,-0.01923248962703315,true,4.750934777309551e-13,5.551115123125783e-16,1000,20,24,1.0658493960952971e-14,0.0,0.0,3.3881067330449606e-13,0.004,0.18977756220162476,,,,
-2,4,-1,1,schwarzschild-overtone-continuation,ell4-uniform-40,16,4,13,0.3076923076923077,0x1.3b13b13b13b14p-2,0.7805682518821709,-0.28286010794107447,18.077879423093698,-0.0195479604692625,true,6.892544948324413e-14,6.938893903907228e-18,1000,20,24,3.554908510227194e-15,0.0,1.0920469936974721e-14,4.222204874478398e-13,0.004,0.1896406228814747,,,,
-2,4,-1,1,schwarzschild-overtone-continuation,ell4-uniform-40,17,17,52,0.3269230769230769,0x1.4ec4ec4ec4ec5p-2,0.7799494810285508,-0.2826393143808019,18.081483292707446,-0.019742385805203575,true,3.9360335912622657e-13,2.482534153247273e-16,1000,20,24,3.9080018178969195e-14,0.0,0.0,1.261588586811847e-13,0.004,0.1894926296277005,,,,
-2,4,-1,1,schwarzschild-overtone-continuation,ell4-uniform-40,18,9,26,0.34615384615384615,0x1.6276276276276p-2,0.7793744814867652,-0.2824021947944431,18.08494434252036,-0.019815721976673247,true,1.548006063227747e-13,3.189627710442956e-16,1000,20,24,9.237069957914554e-14,0.0,6.4593611383174014e-15,7.496357404127321e-13,0.004,0.18933334842977295,,,,
-2,4,-1,1,schwarzschild-overtone-continuation,ell4-uniform-40,19,19,52,0.36538461538461536,0x1.7627627627627p-2,0.778843175381987,-0.2821483596062675,18.088262936171073,-0.01976792563361031,true,1.652011860642233e-13,2.582350176184633e-16,1000,20,24,1.1013516474083066e-13,0.0,0.0,2.650345834877022e-13,0.004,0.18916251532052936,,,,
-2,4,-1,1,schwarzschild-overtone-continuation,ell4-uniform-40,20,5,13,0.38461538461538464,0x1.89d89d89d89d9p-2,0.7783555201867012,-0.28187737229368565,18.091439308528972,-0.019598954881362804,true,2.3287218397334024e-13,4.449557262054371e-16,1000,20,24,7.460699241767783e-14,0.0,1.4513804242764827e-14,3.8629354611311247e-13,0.004,0.1889798348381043,,,,
-2,4,-1,1,schwarzschild-overtone-continuation,ell4-uniform-40,21,21,52,0.40384615384615385,0x1.9d89d89d89d8ap-2,0.7779115082702512,-0.2815887467294957,18.094473564187886,-0.019308770679879895,true,5.765810497950525e-14,1.1857187100668868e-16,1000,20,24,7.105533608619493e-14,0.0,2.2596516254855392e-15,2.0205668636309602e-13,0.004,0.1887849782767334,,,,
-2,4,-1,1,schwarzschild-overtone-continuation,ell4-uniform-40,22,11,26,0.4230769230769231,0x1.b13b13b13b13bp-2,0.7775111664521894,-0.28128194416797886,18.097365675537834,-0.018897338523111575,true,7.158657454817906e-14,5.765966151911114e-16,1000,20,24,8.171242197791508e-14,0.0,0.0,4.0558767459202195e-13,0.004,0.1885775817076127,,,,
-2,4,-1,1,schwarzschild-overtone-continuation,ell4-uniform-40,23,23,52,0.4423076923076923,0x1.c4ec4ec4ec4ecp-2,0.7771545555402419,-0.28095636983950506,18.100115480396134,-0.01836463043241435,true,2.438049762076844e-13,3.5388358909926865e-16,1000,20,24,3.5527874715444983e-14,0.0,0.0,1.7474332009920988e-13,0.004,0.18835724374841417,,,,
-2,4,-1,1,schwarzschild-overtone-continuation,ell4-uniform-40,24,6,13,0.46153846153846156,0x1.d89d89d89d89ep-2,0.7768417698296196,-0.2806113691130241,18.102722679182783,-0.017710627303949407,true,7.111521256599086e-13,5.946838538569096e-16,1000,20,24,1.1013530490970791e-13,3.3879997739887654e-15,8.056578762583803e-15,1.390786446440258e-13,0.004,0.18812352305689758,,,,
-2,4,-1,1,schwarzschild-overtone-continuation,ell4-uniform-40,25,25,52,0.4807692307692308,0x1.ec4ec4ec4ec4fp-2,0.776572936535726,-0.280246223179824,18.105186831617626,-0.016935321657424965,true,2.348891902816253e-13,4.632458786145298e-16,1000,20,24,1.0755285551056204e-16,0.0,0.0,4.039271503606403e-13,0.004,0.18787593552107656,,,,
-2,4,-1,1,schwarzschild-overtone-continuation,ell4-uniform-40,26,1,2,0.5,0x1.0000000000000p-1,0.7763482151269031,-0.279860144205423,18.107507352917366,-0.016038720842209763,true,2.3515771187863037e-13,3.1835838817813215e-16,1000,20,24,9.947598518449872e-14,0.0,4.9164205652118054e-15,2.5383301698175055e-13,0.004,0.1876139511147259,KerrQNMEFs-2/l4/s-2l4m-1n1.dat,501,6.728537760070878e-15,6.404009362339001e-14
-2,4,-1,1,schwarzschild-overtone-continuation,ell4-uniform-40,27,27,52,0.5192307692307693,0x1.09d89d89d89d9p-1,0.7761677965155044,-0.2794522698886403,18.109683509466528,-0.01502085076701245,true,1.4870823029025874e-13,6.23767582529608e-16,1000,20,24,1.8474136072422698e-13,2.776112617575152e-15,3.353259516844832e-15,1.9953991197056324e-13,0.004,0.18733699038316473,,,,
-2,4,-1,1,schwarzschild-overtone-continuation,ell4-uniform-40,28,7,13,0.5384615384615384,0x1.13b13b13b13b1p-1,0.7760319020574906,-0.27902165735872075,18.111714413934347,-0.01388176023120856,true,7.759243796045309e-14,4.47545209131181e-16,1000,20,24,1.6342501487224312e-13,0.0,4.987361067513563e-15,1.8039426283054896e-13,0.004,0.187044420520381,,,,
-2,4,-1,1,schwarzschild-overtone-continuation,ell4-uniform-40,29,29,52,0.5576923076923077,0x1.1d89d89d89d8ap-1,0.775940782298238,-0.2785672763315961,18.113599019813186,-0.012621525950105131,true,2.7693511371002916e-13,6.938893903907228e-17,1000,20,24,2.486994108290782e-14,0.0,0.0,4.3818802394724833e-13,0.004,0.18673555099398143,,,,
-2,4,-1,1,schwarzschild-overtone-continuation,ell4-uniform-40,30,15,26,0.5769230769230769,0x1.2762762762762p-1,0.7758947153879295,-0.27808800143598633,18.11533611534142,-0.011240258383630856,true,3.776586443654626e-14,9.71445146547012e-17,1000,20,24,2.131770532298477e-14,0.0,1.5700924586837751e-15,3.2777634640828687e-13,0.004,0.1864096286704736,,,,
-2,4,-1,1,schwarzschild-overtone-continuation,ell4-uniform-40,31,31,52,0.5961538461538461,0x1.313b13b13b13bp-1,0.7758940050717117,-0.27758260360815185,18.11692431678805,-0.009738108497584167,true,2.9413728437296764e-13,3.945418707248932e-16,1000,20,24,5.684347487083406e-14,5.9993148609410945e-15,1.6720655390232024e-14,6.523953143763596e-13,0.004,0.18606583238873428,,,,
-2,4,-1,1,schwarzschild-overtone-continuation,ell4-uniform-40,32,8,13,0.6153846153846154,0x1.3b13b13b13b14p-1,0.7759389781368372,-0.2770497404414326,18.118362061067998,-0.008115275611145459,true,5.051416671057827e-13,3.4506610788621483e-16,1000,20,24,1.0660453750117863e-14,0.0,1.1166437517467072e-14,1.4260727238327532e-13,0.004,0.18570326692609174,,,,
-2,4,-1,1,schwarzschild-overtone-continuation,ell4-uniform-40,33,33,52,0.6346153846153846,0x1.44ec4ec4ec4ecp-1,0.776029981169636,-0.2764879453629329,18.11964759766481,-0.006372016512707723,true,2.1921279821772076e-13,1.8041124150158794e-16,1000,20,24,7.105660059681511e-14,0.0,5.561098153691632e-15,2.1331264818114557e-13,0.004,0.18532095629816392,,,,
-2,4,-1,1,schwarzschild-overtone-continuation,ell4-uniform-40,34,17,26,0.6538461538461539,0x1.4ec4ec4ec4ec5p-1,0.7761673764394842,-0.27589561549529323,18.12077897984242,-0.0045086560607634696,true,7.778029494762758e-14,2.2729511820139823e-16,1000,20,24,3.907999373061549e-14,0.0,1.0024182724314107e-14,2.2520008600298897e-13,0.004,0.18491783633289532,,,,
-2,4,-1,1,schwarzschild-overtone-continuation,ell4-uniform-40,35,35,52,0.6730769230769231,0x1.589d89d89d89ep-1,0.7763515366801771,-0.275270998047285,18.12175405514147,-0.0025255995275002587,true,2.0474390956373908e-13,0.0,1000,20,24,1.421094375926161e-14,0.0,1.165112814040535e-14,2.8738714340402264e-13,0.004,0.18449274646026845,,,,
-2,4,-1,1,schwarzschild-overtone-continuation,ell4-uniform-40,36,9,13,0.6923076923076923,0x1.6276276276276p-1,0.7765828384820695,-0.2746121750634003,18.122570455170337,-0.0004233469922263036,true,1.625269436472783e-13,3.3306690738754696e-16,1000,20,24,9.948119800861841e-14,0.0,3.306326370535087e-14,1.4226533517347433e-12,0.004,0.18404442066575585,,,,
-2,4,-1,1,schwarzschild-overtone-continuation,ell4-uniform-40,37,37,52,0.7115384615384616,0x1.6c4ec4ec4ec4fp-1,0.7768616539347133,-0.273917046351973,18.123225584728228,0.001797489849815193,true,3.7484917558661726e-13,6.530306561991892e-16,1000,20,24,5.329153198607039e-14,0.0,4.107825191113079e-15,1.4619103818034691e-13,0.004,0.1835714775688821,,,,
-2,4,-1,1,schwarzschild-overtone-continuation,ell4-uniform-40,38,19,26,0.7307692307692307,0x1.7627627627627p-1,0.7771883400684045,-0.2731833104057832,18.123716610333908,0.004136168028006346,true,2.643371777500402e-13,2.2982303784612184e-16,1000,20,24,4.620167445720078e-14,6.436661010466391e-15,8.056578762583803e-15,4.881491943231092e-13,0.004,0.1830724096117266,,,,
-2,4,-1,1,schwarzschild-overtone-continuation,ell4-uniform-40,39,3,4,0.75,0x1.8000000000000p-1,0.7775632255273673,-0.27240844313280954,18.124040448291773,0.006591790268591442,true,2.7574328341725245e-13,2.237726045655905e-16,1000,20,24,3.554657114326948e-14,0.0,0.0,5.68082277755238e-13,0.004,0.18254557138300478,KerrQNMEFs-2/l4/s-2l4m-1n1.dat,751,9.839263473477172e-15,2.5122461585832594e-14
-2,4,-1,2,schwarzschild-overtone-continuation,ell4-uniform-40,0,0,1,0.0,0x0.0p+0,0.7727095326067077,-0.4799081751211636,18.0,0.0,true,1.4601826100290848e-13,5.836925621952896e-16,1000,20,24,0.0,1.878377932716794e-15,3.4755478145461824e-15,4.5436207906947824e-14,0.004,0.19703142734584456,KerrQNMEFs-2/l4/s-2l4m-1n2.dat,1,1.6504651808933464e-15,0.0
-2,4,-1,2,schwarzschild-overtone-continuation,ell4-uniform-40,1,1,52,0.019230769230769232,0x1.3b13b13b13b14p-6,0.7712681700644045,-0.47996674081329677,18.005884193437428,-0.003593172253314574,true,6.236081518305529e-13,7.468261590855957e-16,1000,20,24,8.881784440946738e-14,7.07151934311331e-15,1.0728023675806751e-14,2.9639220513757963e-13,0.004,0.19707975032340938,,,,
-2,4,-1,2,schwarzschild-overtone-continuation,ell4-uniform-40,2,1,26,0.038461538461538464,0x1.3b13b13b13b14p-5,0.7698833471729317,-0.47999785131405787,18.01165098711045,-0.006989477943371258,true,1.1014844856964242e-13,3.7192730237993177e-16,1000,20,24,3.552891657140501e-15,0.0,2.6255072761184257e-15,4.4738191484857806e-13,0.004,0.1971153368352299,,,,
-2,4,-1,2,schwarzschild-overtone-continuation,ell4-uniform-40,3,3,52,0.057692307692307696,0x1.d89d89d89d89ep-5,0.7685542769769573,-0.4800018602404847,18.017303302994453,-0.010188905710906401,true,5.695433295429594e-14,2.607399605677454e-16,1000,20,24,1.7763630142597035e-14,0.0,6.2204697329601106e-15,7.2749349228208e-13,0.004,0.19713832693095507,,,,
-2,4,-1,2,schwarzschild-overtone-continuation,ell4-uniform-40,4,1,13,0.07692307692307693,0x1.3b13b13b13b14p-4,0.7672802258871598,-0.4799790545877724,18.02284385941866,-0.013191443342556716,true,2.79550542077313e-13,4.596460756922437e-16,1000,20,24,4.6185278117610226e-14,0.0,1.4217791915866692e-15,1.2898173370755225e-13,0.004,0.19714883241372916,,,,
-2,4,-1,2,schwarzschild-overtone-continuation,ell4-uniform-40,5,5,52,0.09615384615384616,0x1.89d89d89d89d9p-4,0.7660605114365016,-0.4799296563712965,18.02827517675963,-0.015997075022923423,true,1.6129672239133989e-13,4.460365043975677e-16,1000,20,24,7.105512060390863e-15,0.0,0.0,2.455825376260739e-13,0.004,0.1971469374995046,,,,
-2,4,-1,2,schwarzschild-overtone-continuation,ell4-uniform-40,6,3,26,0.11538461538461539,0x1.d89d89d89d89ep-4,0.7648945001753772,-0.4798538238903119,18.03359958244328,-0.01860577895367886,true,1.4385474662541658e-13,2.306595211858756e-16,1000,20,24,1.4210897066786258e-14,1.837746106097754e-15,3.616328897427208e-15,9.528378748868364e-13,0.004,0.19713269932005165,,,,
-2,4,-1,2,schwarzschild-overtone-continuation,ell4-uniform-40,7,7,52,0.1346153846153846,0x1.13b13b13b13b1p-3,0.7637816056894702,-0.47975165262799724,18.03881921528562,-0.021017525315783495,true,1.95496120514315e-13,1.1102230246251565e-16,1000,20,24,7.105427662532856e-14,0.0,5.36049202688126e-15,9.421392097533583e-14,0.004,0.19710614827588066,,,,
-2,4,-1,2,schwarzschild-overtone-continuation,ell4-uniform-40,8,2,13,0.15384615384615385,0x1.3b13b13b13b14p-3,0.7627212867241027,-0.4796231757986082,18.04393602919698,-0.02323227455605218,true,5.2432625861148955e-14,6.175615574477433e-16,1000,20,24,6.394886466490165e-14,0.0,2.0807427796300308e-15,1.6371660568401213e-13,0.004,0.1970672882438927,,,,
-2,4,-1,2,schwarzschild-overtone-continuation,ell4-uniform-40,9,9,52,0.17307692307692307,0x1.6276276276276p-3,0.7617130453990508,-0.4794683645485878,18.04895179626904,-0.025249975984072456,true,1.2081838514981735e-13,2.2215299868541707e-16,1000,20,24,6.750156069966178e-14,0.0,0.0,9.697021187062789e-14,0.004,0.19701609664296904,,,,
-2,4,-1,2,schwarzschild-overtone-continuation,ell4-uniform-40,10,5,26,0.19230769230769232,0x1.89d89d89d89d9p-3,0.760756425497339,-0.4792871278149954,18.05386810926249,-0.027070566670206048,true,1.6966997676144823e-13,4.965068306494546e-16,1000,20,24,2.8421712818535595e-14,0.0,0.0,7.372201904865793e-13,0.004,0.19695252435943894,,,,
-2,4,-1,2,schwarzschild-overtone-continuation,ell4-uniform-40,11,11,52,0.21153846153846154,0x1.b13b13b13b13bp-3,0.7598510108110063,-0.4790793118408965,18.05868638350429,-0.028693970640172133,true,1.6457924547666593e-13,5.594315114139762e-16,1000,20,24,2.1316444702508496e-14,4.213000162292041e-15,5.026748538604307e-15,2.8790683992743736e-13,0.004,0.19687649553292602,,,,
-2,4,-1,2,schwarzschild-overtone-continuation,ell4-uniform-40,12,3,13,0.23076923076923078,0x1.d89d89d89d89ep-3,0.7589964235258312,-0.47884469934414103,18.063407858206016,-0.030120098366001755,true,1.373435181056785e-13,3.8315011419927443e-16,1000,20,24,1.065815515360794e-14,0.0,3.675911382204534e-15,4.3561054446189465e-13,0.004,0.1967879072020397,,,,
-2,4,-1,2,schwarzschild-overtone-continuation,ell4-uniform-40,13,1,4,0.25,0x1.0000000000000p-2,0.7581923226257559,-0.47858300833224354,18.06803359720455,-0.03134884655820751,true,9.272854936269103e-14,1.734723475976807e-16,1000,20,24,7.460699887126146e-14,0.0,0.0,3.040386648679792e-13,0.004,0.19668662880800458,KerrQNMEFs-2/l4/s-2l4m-1n2.dat,251,1.4602703977091186e-15,5.3449326864526446e-14
-2,4,-1,2,schwarzschild-overtone-continuation,ell4-uniform-40,14,7,26,0.2692307692307692,0x1.13b13b13b13b1p-2,0.7574384022961258,-0.4782938905526228,18.072564489128133,-0.03238009826852452,true,6.618782816060789e-13,4.47545209131181e-16,1000,20,24,3.1974423862122677e-14,2.8807025088293517e-15,3.895680680159941e-15,3.469550512011761e-13,0.004,0.1965725015531132,,,,
-2,4,-1,2,schwarzschild-overtone-continuation,ell4-uniform-40,15,15,52,0.28846153846153844,0x1.2762762762762p-2,0.7567343903023899,-0.4779769295639429,18.07700124698252,-0.033213723318030706,true,2.268265793495542e-13,3.7553457920377367e-16,1000,20,24,6.394885977093473e-14,0.0,0.0,3.8591122369641487e-13,0.004,0.19644533761009272,,,,
-2,4,-1,2,schwarzschild-overtone-continuation,ell4-uniform-40,16,4,13,0.3076923076923077,0x1.3b13b13b13b14p-2,0.756080046318434,-0.4776316384103771,18.081344407152987,-0.033849579070981226,true,5.881458211527255e-14,6.138078244619834e-16,1000,20,24,7.106294666405892e-15,0.0,1.0291743485215512e-14,9.27035348020038e-13,0.004,0.19630491917699444,,,,
-2,4,-1,2,schwarzschild-overtone-continuation,ell4-uniform-40,17,17,52,0.3269230769230769,0x1.4ec4ec4ec4ec5p-2,0.7554751601748642,-0.4772574568768376,18.08559432781091,-0.034287511580812655,true,2.146104469762103e-13,4.910462595695867e-16,1000,20,24,2.8421712818535595e-14,0.0,0.0,3.6372505840275807e-13,0.004,0.19615099737155675,,,,
-2,4,-1,2,schwarzschild-overtone-continuation,ell4-uniform-40,18,9,26,0.34615384615384615,0x1.6276276276276p-2,0.7549195499938414,-0.47685374829883237,18.089751186712604,-0.034527357141667485,true,4.094300213216723e-14,4.934426949698985e-16,1000,20,24,1.776387332324631e-14,0.0,1.0705595727214397e-14,5.685285497331128e-13,0.004,0.19598329095765782,,,,
-2,4,-1,2,schwarzschild-overtone-continuation,ell4-uniform-40,19,19,52,0.36538461538461536,0x1.7627627627627p-2,0.7544130601708766,-0.47641979589666783,18.093814978373455,-0.03456894428659331,true,1.6162162960007354e-13,3.5005327124830286e-16,1000,20,24,1.598721229246205e-13,0.0,0.0,3.8328680843254154e-13,0.004,0.19580148489621627,,,,
-2,4,-1,2,schwarzschild-overtone-continuation,ell4-uniform-40,20,5,13,0.38461538461538464,0x1.89d89d89d89d9p-2,0.7539555591585361,-0.47595479859852396,18.097785510596346,-0.03441209628237546,true,1.672536892270012e-13,7.147060721024445e-16,1000,20,24,4.263279002046025e-14,0.0,0.0,6.58233095597576e-13,0.004,0.1956052287115197,,,,
-2,4,-1,2,schwarzschild-overtone-continuation,ell4-uniform-40,21,21,52,0.40384615384615385,0x1.9d89d89d89d8ap-2,0.7535469369985005,-0.47545786631240267,18.10166240033705,-0.03405663418088818,true,3.4121891445856983e-13,4.163336342344337e-17,1000,20,24,6.750238160332834e-14,3.697642743856397e-15,5.708749087754957e-15,4.1501888981932007e-13,0.004,0.1953941346640367,,,,
-2,4,-1,2,schwarzschild-overtone-continuation,ell4-uniform-40,22,11,26,0.4230769230769231,0x1.b13b13b13b13bp-2,0.7531871025387409,-0.47492801460176504,18.105445068872456,-0.033502380499092634,true,3.456657590929431e-13,6.679023307106313e-16,1000,20,24,7.10542739148232e-14,0.0,9.006502527045632e-15,2.458634447112374e-13,0.004,0.1951677757205641,,,,
-2,4,-1,2,schwarzschild-overtone-continuation,ell4-uniform-40,23,23,52,0.4423076923076923,0x1.c4ec4ec4ec4ecp-2,0.7528759802613408,-0.4743641587140521,18.109132736253258,-0.03274916361280053,true,6.212660437556692e-13,6.4796043696850615e-16,1000,20,24,5.684911741283726e-14,9.381877247670809e-15,1.3389699330120524e-14,4.1573676497419375e-13,0.004,0.19492568331267848,,,,
-2,4,-1,2,schwarzschild-overtone-continuation,ell4-uniform-40,24,6,13,0.46153846153846156,0x1.d89d89d89d89ep-2,0.7526135066317831,-0.4737651069059751,18.11272441500572,-0.03179682296586334,true,1.9565746090697706e-13,1.4304896245381993e-16,1000,20,24,1.8474114061799497e-13,0.0,0.0,5.386851539857433e-13,0.004,0.19466734487574366,,,,
-2,4,-1,2,schwarzschild-overtone-continuation,ell4-uniform-40,25,25,52,0.4807692307692308,0x1.ec4ec4ec4ec4fp-2,0.7523996258630382,-0.4731295530040246,18.116218903054726,-0.03064521521482744,true,1.0347183290953907e-13,5.129621610332541e-16,1000,20,24,7.460900106863133e-14,0.0,0.0,2.7804382516369455e-13,0.004,0.19439220116288006,,,,
-2,4,-1,2,schwarzschild-overtone-continuation,ell4-uniform-40,26,1,2,0.5,0x1.0000000000000p-1,0.7522342849669427,-0.472456068133045,18.11961477583708,-0.029294221451243385,true,2.509697394437554e-13,3.331391796911832e-16,1000,20,24,6.394893092164765e-14,0.0,0.0,1.4326953882054179e-13,0.004,0.19409964333118654,KerrQNMEFs-2/l4/s-2l4m-1n2.dat,501,3.547505691130594e-15,5.684961922733659e-14
-2,4,-1,2,schwarzschild-overtone-continuation,ell4-uniform-40,27,27,52,0.5192307692307693,0x1.09d89d89d89d9p-1,0.7521174279389364,-0.47174309154142546,18.12291037757956,-0.027743755669976233,true,1.180976748471683e-13,6.919785635576268e-16,1000,20,24,4.975518680881174e-14,0.0,0.0,3.056159864571351e-14,0.004,0.19378900980337352,,,,
-2,4,-1,2,schwarzschild-overtone-continuation,ell4-uniform-40,28,7,13,0.5384615384615384,0x1.13b13b13b13b1p-1,0.7520489888908501,-0.4709889204475858,18.12610381171691,-0.02599377468238183,true,4.908670530312776e-13,3.6638411145107034e-16,1000,20,24,3.553763861378709e-14,0.0,0.0,5.876661223791793e-13,0.004,0.19345958291536797,,,,
-2,4,-1,2,schwarzschild-overtone-continuation,ell4-uniform-40,29,29,52,0.5576923076923077,0x1.1d89d89d89d8ap-1,0.7520288839072943,-0.4701916988311393,18.129192930433337,-0.024044289709865264,true,1.4251873767203598e-13,3.908020529499657e-16,1000,20,24,1.314504590437207e-13,0.0,0.0,4.0068956421923597e-13,0.004,0.19311058537258452,,,,
-2,4,-1,2,schwarzschild-overtone-continuation,ell4-uniform-40,30,15,26,0.5769230769230769,0x1.2762762762762p-1,0.7520570013544708,-0.4693494050931658,18.132175323329463,-0.02189537993610586,true,7.791709393054201e-14,3.3486903561235222e-16,1000,20,24,5.685565716945047e-14,0.0,0.0,4.126398939601324e-13,0.004,0.19274117655357273,,,,
-2,4,-1,2,schwarzschild-overtone-continuation,ell4-uniform-40,31,31,52,0.5961538461538461,0x1.313b13b13b13bp-1,0.7521331903118893,-0.468459838516402,18.135048305226363,-0.01954720834750307,true,3.9571314065414967e-13,4.934426949698985e-16,1000,20,24,8.17146445619411e-14,0.0,0.0,1.4217791915866692e-13,0.004,0.19235044872385898,,,,
-2,4,-1,2,schwarzschild-overtone-continuation,ell4-uniform-40,32,8,13,0.6153846153846154,0x1.3b13b13b13b14p-1,0.7522572467273742,-0.467520604469576,18.13780890315499,-0.01700004025071222,true,7.292464083305294e-13,5.551115123125783e-16,1000,20,24,1.4211059695696898e-14,0.0,7.666168367507028e-15,2.105657312526114e-13,0.004,0.19193742325606394,,,,
-2,4,-1,2,schwarzschild-overtone-continuation,ell4-uniform-40,33,33,52,0.6346153846153846,0x1.44ec4ec4ec4ecp-1,0.7524288968102131,-0.46652909832360845,18.140453842615738,-0.014254264927288736,true,1.0888067635563882e-13,3.469446951953614e-17,1000,20,24,9.948021567613242e-14,0.0,0.0,2.092485022249551e-13,0.004,0.19150104699860904,,,,
-2,4,-1,2,schwarzschild-overtone-continuation,ell4-uniform-40,34,17,26,0.6538461538461539,0x1.4ec4ec4ec4ec5p-1,0.7526477770736064,-0.46548248808682113,18.14297953324976,-0.011310420966728234,true,1.2060835050369437e-12,3.469446951953614e-17,1000,20,24,8.883574278342327e-14,5.838179320968785e-15,3.077005695679646e-14,1.7953862750054344e-12,0.004,0.1910401890005546,,,,
-2,4,-1,2,schwarzschild-overtone-continuation,ell4-uniform-40,35,35,52,0.6730769230769231,0x1.589d89d89d89ep-1,0.7529134103130906,-0.4643776958275789,18.14538205414512,-0.008169225914529558,true,3.334929605292807e-13,5.403879419618045e-16,1000,20,24,1.0659712202005324e-13,0.0,2.967064542289689e-14,4.223136617444281e-13,0.004,0.19055363788961607,,,,
-2,4,-1,2,schwarzschild-overtone-continuation,ell4-uniform-40,36,9,13,0.6923076923076923,0x1.6276276276276p-1,0.7532251766593798,-0.46321137804565127,18.147657139112127,-0.00483161097927894,true,3.504648954501885e-14,5.572324966150414e-16,1000,20,24,3.197522449820895e-14,0.0,3.920989605400514e-14,1.054768995743305e-12,0.004,0.19004010032454582,,,,
-2,4,-1,2,schwarzschild-overtone-continuation,ell4-uniform-40,37,37,52,0.7115384615384616,0x1.6c4ec4ec4ec4fp-1,0.7535822786697917,-0.4619799052920646,18.149800162412202,-0.0012987616628462103,true,2.5626987353463865e-13,8.95090418262362e-16,1000,20,24,3.868600943332245e-15,0.0,1.458834744193653e-14,3.459155641880601e-13,0.004,0.18949820111401017,,,,
-2,4,-1,2,schwarzschild-overtone-continuation,ell4-uniform-40,38,19,26,0.7307692307692307,0x1.7627627627627p-1,0.7539836992224888,-0.46067934153690715,18.15180612563661,0.0024278346935858266,true,3.539365928370457e-14,6.731800026102354e-16,1000,20,24,7.460704826132523e-14,0.0,1.9020894146829627e-14,3.467537731211971e-13,0.004,0.18892648582639585,,,,
-2,4,-1,2,schwarzschild-overtone-continuation,ell4-uniform-40,39,3,4,0.75,0x1.8000000000000p-1,0.7544281507554672,-0.4593054240749647,18.153669646713176,0.006346333324370975,true,3.094903552178007e-13,6.231497613231321e-16,1000,20,24,3.1981989088770323e-14,0.0,1.6116599486109414e-14,4.810099135346455e-13,0.004,0.18832342703443383,KerrQNMEFs-2/l4/s-2l4m-1n2.dat,751,1.457101633618084e-14,3.553657080483794e-14
-2,4,0,0,schwarzschild-overtone-continuation,ell4-uniform-40,0,0,1,0.0,0x0.0p+0,0.8091783775322381,-0.09416396098892456,18.0,0.0,true,1.2547877952511632e-13,1.1102230246251565e-16,1000,20,24,0.0,2.5063530676279126e-15,4.924014343589973e-15,1.336524086495436e-13,0.004,,KerrQNMEFs-2/l4/s-2l4m0n0.dat,1,1.6432144662310227e-15,0.0
-2,4,0,0,schwarzschild-overtone-continuation,ell4-uniform-40,1,1,52,0.019230769230769232,0x1.3b13b13b13b14p-6,0.8092003688326278,-0.09416146759409744,17.999913754157454,2.0347232567933556e-05,true,1.5412151057174485e-13,5.635475559608569e-16,1000,20,24,3.5527136788007597e-14,0.0,4.380195669828649e-15,5.431748419554389e-14,0.004,,,,,
-2,4,0,0,schwarzschild-overtone-continuation,ell4-uniform-40,2,1,26,0.038461538461538464,0x1.3b13b13b13b14p-5,0.8092663655743982,-0.09415398107361587,17.99965496031676,8.138835386200949e-05,true,1.2584288607672024e-13,3.3306690738754696e-16,1000,20,24,8.526512829224707e-14,0.0,0.0,1.533876673602434e-14,0.004,,,,,
-2,4,0,0,schwarzschild-overtone-continuation,ell4-uniform-40,3,3,52,0.057692307692307696,0x1.d89d89d89d89ep-5,0.8093764363647754,-0.09414148238178978,17.999223449367907,0.0001831216042920993,true,1.4221692604176233e-13,4.545902364027965e-16,1000,20,24,6.750155994632337e-14,0.0,0.0,1.0688536309821377e-13,0.004,,,,,
-2,4,0,0,schwarzschild-overtone-continuation,ell4-uniform-40,4,1,13,0.07692307692307693,0x1.3b13b13b13b14p-4,0.8095306958345819,-0.09412393964967307,17.998618938889948,0.00032554394952856105,true,1.3247338190282958e-13,8.326672684688674e-17,1000,20,24,3.9079850486695445e-14,2.288152213865306e-15,7.065416064076988e-15,1.3265581007639392e-13,0.004,,,,,
-2,4,0,0,schwarzschild-overtone-continuation,ell4-uniform-40,5,5,52,0.09615384615384616,0x1.89d89d89d89d9p-4,0.8097293050688962,-0.09410130799437483,17.997841032290506,0.0005086509264997408,true,1.314325888291648e-13,4.875529749534861e-16,1000,20,24,3.1974423587314896e-14,0.0,0.0,9.084745459091593e-14,0.004,,,,,
-2,4,0,0,schwarzschild-overtone-continuation,ell4-uniform-40,6,3,26,0.11538461538461539,0x1.d89d89d89d89ep-4,0.8099724722149755,-0.09407352924883346,17.99688921759243,0.0007324364247450154,true,8.854207856203973e-14,1.4304896245381993e-16,1000,20,24,3.552713721830436e-14,0.0,0.0,3.6752239183003224e-14,0.004,,,,,
-2,4,0,0,schwarzschild-overtone-continuation,ell4-uniform-40,7,7,52,0.1346153846153846,0x1.13b13b13b13b1p-3,0.8102604532725243,-0.09404053160911849,17.99576286585751,0.0009968923999797324,true,2.359948726320202e-14,4.449557262054371e-16,1000,20,24,3.907985068397802e-14,0.0,1.8452761694870047e-15,1.3187056915748217e-13,0.004,,,,,
-2,4,0,0,schwarzschild-overtone-continuation,ell4-uniform-40,8,2,13,0.15384615384615385,0x1.3b13b13b13b14p-3,0.8105935530729886,-0.09400222919471378,17.99446122923608,0.0013020085157906347,true,3.202372833989377e-14,4.910462595695867e-16,1000,20,24,1.0658141918727453e-14,0.0,2.006528481916346e-15,6.918676154352869e-14,0.004,,,,,
-2,4,0,0,schwarzschild-overtone-continuation,ell4-uniform-40,9,9,52,0.17307692307692307,0x1.6276276276276p-3,0.8109721264562166,-0.0939585215166694,17.992983438627096,0.001647771708234445,true,3.019806626980426e-14,5.509761405760127e-16,1000,20,24,8.171241545138844e-14,0.0,0.0,3.494688643039927e-13,0.004,,,,,
-2,4,0,0,schwarzschild-overtone-continuation,ell4-uniform-40,10,5,26,0.19230769230769232,0x1.89d89d89d89d9p-3,0.811396579654665,-0.09390929284693368,17.991328500932003,0.002034165666926613,true,1.508465870051427e-13,1.1443916996305594e-16,1000,20,24,1.1013412776224643e-13,0.0,0.0,1.6401643046719712e-13,0.004,,,,,
-2,4,0,0,schwarzschild-overtone-continuation,ell4-uniform-40,11,11,52,0.21153846153846154,0x1.b13b13b13b13bp-3,0.811867371897209,-0.09385441148103382,17.989495295877717,0.002461170224831746,true,1.6537538729541122e-13,3.3306690738754696e-16,1000,20,24,9.947598459554614e-14,0.0,2.3395497220509172e-15,3.1917821024532026e-13,0.004,,,,,
-2,4,0,0,schwarzschild-overtone-continuation,ell4-uniform-40,12,3,13,0.23076923076923078,0x1.d89d89d89d89ep-3,0.8123850172469133,-0.0937937288844684,17.987482572386153,0.0029287606475365273,true,2.229420718697603e-14,2.2887833992611187e-16,1000,20,24,8.881784451217012e-14,0.0,0.0,6.716803421841035e-14,0.004,,,,,
-2,4,0,0,schwarzschild-overtone-continuation,ell4-uniform-40,13,1,4,0.25,0x1.0000000000000p-2,0.8129500866893227,-0.09372707871189624,17.985288944459835,0.003436906810911892,true,2.1320907500235726e-14,2.3714374201337736e-16,1000,20,24,2.1316304942680313e-14,4.002966042486721e-16,4.189184436886365e-15,1.768010559057343e-14,0.004,,KerrQNMEFs-2/l4/s-2l4m0n0.dat,251,2.8481940802468984e-15,7.117563498678944e-15
-2,4,0,0,schwarzschild-overtone-continuation,ell4-uniform-40,14,7,26,0.2692307692307692,0x1.13b13b13b13b1p-2,0.8135632104906042,-0.09365427568567194,17.982912886548014,0.003985572254211301,true,8.286548770931644e-14,4.742874840267547e-16,1000,20,24,3.907986826411872e-14,0.0,0.0,2.0942373253185178e-13,0.004,,,,,
-2,4,0,0,schwarzschild-overtone-continuation,ell4-uniform-40,15,15,52,0.28846153846153844,0x1.2762762762762p-2,0.8142250808477991,-0.09357511431836492,17.980352728356177,0.004574713093240061,true,5.928590951498336e-14,4.85722573273506e-17,1000,20,24,2.1316343500249693e-14,0.0,0.0,3.4090117050338113e-13,0.004,,,,,
-2,4,0,0,schwarzschild-overtone-continuation,ell4-uniform-40,16,4,13,0.3076923076923077,0x1.3b13b13b13b14p-2,0.8149364548567363,-0.09348936746115925,17.97760664905105,0.005204276775579189,true,1.2863437029530601e-13,4.85722573273506e-17,1000,20,24,2.4869014280442327e-14,2.5763768267337384e-15,3.3047788925480533e-15,8.78410253195682e-14,0.004,,,,,
-2,4,0,0,schwarzschild-overtone-continuation,ell4-uniform-40,17,17,52,0.3269230769230769,0x1.4ec4ec4ec4ec5p-2,0.815698157827047,-0.09339678465672012,17.974672670811753,0.005874200656663186,true,2.248013838561107e-13,1.5218182408308987e-16,1000,20,24,7.81597129653281e-14,0.0,0.0,1.3988175682733605e-13,0.004,,,,,
-2,4,0,0,schwarzschild-overtone-continuation,ell4-uniform-40,18,9,26,0.34615384615384615,0x1.6276276276276p-2,0.8165110869779291,-0.09329709027178344,17.971548651665863,0.006584410371788481,true,1.2704231182631976e-13,7.243420912108399e-16,1000,20,24,8.171243589871498e-14,3.0989755835899953e-15,3.5596458096434965e-15,5.1468866546085254e-14,0.004,,,,,
-2,4,0,0,schwarzschild-overtone-continuation,ell4-uniform-40,19,19,52,0.36538461538461536,0x1.7627627627627p-2,0.8173762155532835,-0.0931899813799809,17.968232277543333,0.007334817974690148,true,8.117484303225423e-14,2.514331927660129e-16,1000,20,24,7.105468862094198e-15,1.660760149256045e-15,2.3005755975778243e-15,2.400186121668069e-13,0.004,,,,,
-2,4,0,0,schwarzschild-overtone-continuation,ell4-uniform-40,20,5,13,0.38461538461538464,0x1.89d89d89d89d9p-2,0.8182945974005532,-0.09307512536069601,17.964721053471067,0.008125319808034685,true,8.530675149520015e-15,1.1188630228279524e-16,1000,20,24,6.750156972724906e-14,0.0,0.0,1.719183131875997e-13,0.004,,,,,
-2,4,0,0,schwarzschild-overtone-continuation,ell4-uniform-40,21,21,52,0.40384615384615385,0x1.9d89d89d89d8ap-2,0.8192673720639853,-0.09295215717333322,17.96101229381762,0.008955794064901532,true,7.971988878370802e-14,2.582350176184633e-16,1000,20,24,5.68434328633197e-14,0.0,4.363918867611476e-15,3.44489878447908e-13,0.004,,,,,
-2,4,0,0,schwarzschild-overtone-continuation,ell4-uniform-40,22,11,26,0.4230769230769231,0x1.b13b13b13b13bp-2,0.8202957704507517,-0.09282067625902919,17.957103111488266,0.009826097992725236,true,3.0031596433258933e-13,1.249000902703301e-16,1000,20,24,8.171245882383666e-14,0.0,0.0,6.750484666167127e-14,0.004,,,,,
-2,4,0,0,schwarzschild-overtone-continuation,ell4-uniform-40,23,23,52,0.4423076923076923,0x1.c4ec4ec4ec4ecp-2,0.8213811211369642,-0.09268024301326024,17.952990405951297,0.010736064681946576,true,5.1728291973635394e-14,3.3306690738754696e-16,1000,20,24,1.700029006457271e-16,0.0,0.0,2.332411321912398e-13,0.004,,,,,
-2,4,0,0,schwarzschild-overtone-continuation,ell4-uniform-40,24,6,13,0.46153846153846156,0x1.d89d89d89d89ep-2,0.8225248573909264,-0.0925303747617882,17.948670849963438,0.011685499370620165,true,9.552796582887778e-14,1.7235854893846466e-16,1000,20,24,3.9079864365843675e-14,1.9512485508153814e-15,1.2401028427486197e-14,3.3637463839840863e-13,0.004,,,,,
-2,4,0,0,schwarzschild-overtone-continuation,ell4-uniform-40,25,25,52,0.4807692307692308,0x1.ec4ec4ec4ec4fp-2,0.8237285250027189,-0.09237054115935313,17.944140874836013,0.01267417518250634,true,1.0047119666070655e-13,7.478891656513437e-16,1000,20,24,3.1975864209174017e-14,0.0,3.066991105526995e-15,1.1085164103714342e-13,0.004,,,,,
-2,4,0,0,schwarzschild-overtone-continuation,ell4-uniform-40,26,1,2,0.5,0x1.0000000000000p-1,0.8249937910233139,-0.09220015891511722,17.93939665406643,0.01370182819971419,true,1.5453171906183026e-13,6.059128614320849e-16,1000,20,24,1.6342502013857235e-13,0.0,3.4459695672057785e-15,3.676095801866662e-14,0.004,,KerrQNMEFs-2/l4/s-2l4m0n0.dat,501,4.2190529163544545e-15,9.237137296683482e-14
-2,4,0,0,schwarzschild-overtone-continuation,ell4-uniform-40,27,27,52,0.5192307692307693,0x1.09d89d89d89d9p-1,0.8263224535325714,-0.09201858572842592,17.934434085124593,0.014768151750322998,true,1.342635627393543e-13,2.2887833992611187e-16,1000,20,24,1.4211032696885492e-14,2.68885496284751e-15,4.19047150735326e-15,4.6352107779828e-13,0.004,,,,,
-2,4,0,0,schwarzschild-overtone-continuation,ell4-uniform-40,28,7,13,0.5384615384615384,0x1.13b13b13b13b1p-1,0.8277164525748323,-0.0918251132952509,17.929248769153894,0.015872789766213976,true,1.897149936107019e-15,2.7755575615628914e-17,1000,20,24,6.394932064921437e-14,0.0,0.0,6.951131093775511e-14,0.004,,,,,
-2,4,0,0,schwarzschild-overtone-continuation,ell4-uniform-40,29,29,52,0.5576923076923077,0x1.1d89d89d89d8ap-1,0.8291778824234185,-0.0916189592149524,17.923835988308284,0.017015329034646445,true,1.2580213346501923e-13,6.818853546041947e-16,1000,20,24,4.973807971556001e-14,0.0,3.26443801722187e-15,7.63475116325649e-14,0.004,,,,,
-2,4,0,0,schwarzschild-overtone-continuation,ell4-uniform-40,30,15,26,0.5769230769230769,0x1.2762762762762p-1,0.8307090053621514,-0.09139925759000704,17.918190680393888,0.018195290127613808,true,1.0366701175905548e-13,4.632458786145298e-16,1000,20,24,2.8422197317194093e-14,0.0,0.0,2.0979819605447416e-13,0.004,,,,,
-2,4,0,0,schwarzschild-overtone-continuation,ell4-uniform-40,31,31,52,0.5961538461538461,0x1.313b13b13b13bp-1,0.8323122672036678,-0.09116504806396006,17.912307410434238,0.019412116743153966,true,2.1317438523750434e-13,5.274015853390341e-16,1000,20,24,8.171248539487324e-14,0.0,0.0,7.996072558960619e-14,0.004,,,,,
-2,4,0,0,schwarzschild-overtone-continuation,ell4-uniform-40,32,8,13,0.6153846153846154,0x1.3b13b13b13b14p-1,0.8339903148019253,-0.09091526298357974,17.906180338705727,0.02066516312961283,true,1.6277247794998762e-13,3.469446951953614e-16,1000,20,24,3.908257458382563e-14,3.553689326789271e-15,8.984846806814783e-15,2.7513754775896863e-13,0.004,,,,,
-2,4,0,0,schwarzschild-overtone-continuation,ell4-uniform-40,33,33,52,0.6346153846153846,0x1.44ec4ec4ec4ecp-1,0.8357460158604816,-0.09064871229506014,17.899803184711224,0.02195367918298377,true,1.3787164170862623e-13,4.632458786145298e-16,1000,20,24,1.7764484521214368e-14,0.0,7.798588253577202e-15,4.776319324570697e-13,0.004,,,,,
-2,4,0,0,schwarzschild-overtone-continuation,ell4-uniform-40,34,17,26,0.6538461538461539,0x1.4ec4ec4ec4ec5p-1,0.8375824813909302,-0.09036406568713519,17.89316918646107,0.023276792703728004,true,5.3320302910022244e-14,6.509629298307251e-16,1000,20,24,3.908006130043766e-14,0.0,4.126162952233366e-15,1.1367642890426052e-13,0.004,,,,,
-2,4,0,0,schwarzschild-overtone-continuation,ell4-uniform-40,35,35,52,0.6730769230769231,0x1.589d89d89d89ep-1,0.8395030912375517,-0.09005983136838898,17.886271054313045,0.02463348816479579,true,2.5785067777507124e-13,3.0531133177191805e-16,1000,20,24,4.9738567603279456e-14,0.0,0.0,1.2183350938007517e-13,0.004,,,,,
-2,4,0,0,schwarzschild-overtone-continuation,ell4-uniform-40,36,9,13,0.6923076923076923,0x1.6276276276276p-1,0.8415115231570198,-0.08973433070241763,17.8791009184816,0.026022581166791302,true,2.955005775302719e-13,2.7755575615628914e-17,1000,20,24,1.0658215716211384e-13,5.8883700609584895e-15,6.319500243438062e-15,1.8118894184498107e-13,0.004,,,,,
-2,4,0,0,schwarzschild-overtone-continuation,ell4-uniform-40,37,37,52,0.7115384615384616,0x1.6c4ec4ec4ec4fp-1,0.843611786026171,-0.0893856677102711,17.871650269151118,0.027442687524523696,true,1.3909282404403656e-14,1.1443916996305594e-16,1000,20,24,3.9081421450337447e-14,0.0,4.957615109938664e-15,2.171668887582987e-13,0.004,,,,,
-2,4,0,0,schwarzschild-overtone-continuation,ell4-uniform-40,38,19,26,0.7307692307692307,0x1.7627627627627p-1,0.8458082578474024,-0.0890116921662221,17.86390988792279,0.028892185621673207,true,3.091575444277202e-13,9.992970910418892e-16,1000,20,24,8.881832010188363e-14,0.0,0.0,9.597362733890409e-14,0.004,,,,,
-2,4,0,0,schwarzschild-overtone-continuation,ell4-uniform-40,39,3,4,0.75,0x1.8000000000000p-1,0.84810572932847,-0.08860995463410043,17.855869769069326,0.03036917025729602,true,1.6606086433537226e-13,5.061588988174682e-16,1000,20,24,1.1723976829198572e-13,3.2953244754398602e-15,8.815312388796522e-15,3.694064207477406e-13,0.004,,KerrQNMEFs-2/l4/s-2l4m0n0.dat,751,7.016192840246923e-15,1.0773397042672367e-14
-2,4,0,1,schwarzschild-overtone-continuation,ell4-uniform-40,0,0,1,0.0,0x0.0p+0,0.796631532034508,-0.28433434940484453,18.0,0.0,true,5.551115123125783e-14,4.965068306494546e-16,1000,20,24,0.0,0.0,0.0,2.157597268697343e-13,0.004,0.19058383971944154,KerrQNMEFs-2/l4/s-2l4m0n1.dat,1,6.653237846477174e-15,0.0
-2,4,0,1,schwarzschild-overtone-continuation,ell4-uniform-40,1,1,52,0.019230769230769232,0x1.3b13b13b13b14p-6,0.7966551897486205,-0.2843265792156367,17.99992605408714,6.0487285675682104e-05,true,1.7856638822650697e-13,3.927683650008203e-16,1000,20,24,2.842170943113102e-14,3.0104245458587028e-15,3.5422900465195845e-15,1.111075348741192e-13,0.004,0.19057846467080772,,,,
-2,4,0,1,schwarzschild-overtone-continuation,ell4-uniform-40,2,1,26,0.038461538461538464,0x1.3b13b13b13b14p-5,0.7967261860946852,-0.28430324902427945,17.99970414922902,0.00024194895664467347,true,6.873060683341682e-14,5.551115123125783e-16,1000,20,24,1.4210854715434648e-14,0.0,1.8881953058541512e-15,1.8735512723066684e-13,0.004,0.19056232629656017,,,,
-2,4,0,1,schwarzschild-overtone-continuation,ell4-uniform-40,3,3,52,0.057692307692307696,0x1.d89d89d89d89ep-5,0.7968445907582407,-0.2842642998427269,17.999334083856297,0.0005443843601198881,true,1.6834730201638627e-13,1.457167719820518e-16,1000,20,24,1.065814160109012e-14,0.0,0.0,4.2953781302420436e-13,0.004,0.19053538483334492,,,,
-2,4,0,1,schwarzschild-overtone-continuation,ell4-uniform-40,4,1,13,0.07692307692307693,0x1.3b13b13b13b14p-4,0.7970105201302367,-0.2842096329667675,17.998815521311894,0.0009677920913369463,true,1.2121276483828486e-14,3.927683650008203e-16,1000,20,24,9.592326957858625e-14,0.0,4.342661167468608e-15,4.3224003772189913e-13,0.004,0.1904975737470379,,,,
-2,4,0,1,schwarzschild-overtone-continuation,ell4-uniform-40,5,5,52,0.09615384615384616,0x1.89d89d89d89d9p-4,0.7972241376811325,-0.28413910938502757,17.99814798878527,0.0015121695135208973,true,9.137884154312972e-14,4.577566798522237e-16,1000,20,24,2.3852447794681098e-18,1.5463617361248926e-15,2.558937633260452e-15,1.1259916726473647e-13,0.004,0.19044879933669617,,,,
-2,4,0,1,schwarzschild-overtone-continuation,ell4-uniform-40,6,3,26,0.11538461538461539,0x1.d89d89d89d89ep-4,0.7974856544875948,-0.28405254894186055,17.997330875807762,0.002177512075986512,true,2.7969618421455733e-13,2.396682302503803e-16,1000,20,24,6.039615070098868e-14,0.0,0.0,3.5126109047122527e-13,0.004,0.19038894017374122,,,,
-2,4,0,1,schwarzschild-overtone-continuation,ell4-uniform-40,7,7,52,0.1346153846153846,0x1.13b13b13b13b1p-3,0.7977953299149544,-0.2839497292442578,17.99636343230133,0.0029638124202904606,true,9.126330397563825e-14,4.819909745438293e-16,1000,20,24,6.039615571467464e-14,0.0,6.640256811206863e-15,5.954335473353231e-13,0.004,0.1903178463695453,,,,
-2,4,0,1,schwarzschild-overtone-continuation,ell4-uniform-40,8,2,13,0.15384615384615385,0x1.3b13b13b13b14p-3,0.7981534724591791,-0.28383038429963964,17.99524476616363,0.0038710592610770203,true,2.463954854817942e-13,2.0816681711721685e-17,1000,20,24,5.3290709593637267e-14,4.588660686518101e-15,8.685322334937215e-15,1.4072793974749117e-13,0.004,0.19023533866297782,,,,
-2,4,0,1,schwarzschild-overtone-continuation,ell4-uniform-40,9,9,52,0.17307692307692307,0x1.6276276276276p-3,0.7985604407533365,-0.2836942028680603,17.9939738403743,0.004899236024786773,true,2.870135885767504e-14,8.943370203139414e-16,1000,20,24,9.592329138576066e-14,0.0,0.0,4.830817039907708e-13,0.004,0.19014120731672982,,,,
-2,4,0,1,schwarzschild-overtone-continuation,ell4-uniform-40,10,5,26,0.19230769230769232,0x1.89d89d89d89d9p-3,0.7990166447441216,-0.28354082650851686,17.992549469598956,0.006048319225297303,true,2.1709786009668745e-13,4.236704743275018e-16,1000,20,24,1.9184653866306994e-13,0.0,1.0939077659868004e-14,3.0544331885326036e-13,0.004,0.19003521080903257,,,,
-2,4,0,1,schwarzschild-overtone-continuation,ell4-uniform-40,11,11,52,0.21153846153846154,0x1.b13b13b13b13bp-3,0.7995225470451389,-0.28336984729489256,17.99097031626712,0.007318276551466029,true,1.2765151026709996e-13,4.561234287365988e-16,1000,20,24,7.460703767342129e-14,1.336885555457667e-15,5.573551796744008e-15,5.53628760972077e-13,0.004,0.18991707430440555,,,,
-2,4,0,1,schwarzschild-overtone-continuation,ell4-uniform-40,12,3,13,0.23076923076923078,0x1.d89d89d89d89ep-3,0.800078664474655,-0.2831808051724717,17.989234886094845,0.008709064636277481,true,3.592459381734991e-14,9.71445146547012e-17,1000,20,24,4.2632571063041183e-14,0.0,2.8435583831733384e-15,3.633423281504277e-13,0.004,0.18978648788434133,,,,
-2,4,0,1,schwarzschild-overtone-continuation,ell4-uniform-40,13,1,4,0.25,0x1.0000000000000p-2,0.8006855697859789,-0.28297318492036055,17.987341523014422,0.01022062647185147,true,1.0770880041763767e-13,1.8041124150158794e-16,1000,20,24,2.131665822269887e-14,0.0,0.0,1.358078244406174e-13,0.004,0.18964310451460598,KerrQNMEFs-2/l4/s-2l4m0n1.dat,251,2.9893669801409083e-16,4.0984977885215416e-15
-2,4,0,1,schwarzschild-overtone-continuation,ell4-uniform-40,14,7,26,0.2692307692307692,0x1.13b13b13b13b1p-2,0.8013438936001375,-0.28274641267936373,17.985288403477185,0.011852888427878175,true,3.5052453918504516e-13,2.423651445728339e-16,1000,20,24,1.7763948623023127e-14,6.169484474161015e-15,1.2564296406628663e-14,4.357915999964117e-13,0.004,0.18948653772263283,,,,
-2,4,0,1,schwarzschild-overtone-continuation,ell4-uniform-40,15,15,52,0.28846153846153844,0x1.2762762762762p-2,0.8020543265508928,-0.2824998519975882,17.983073530079782,0.013605756823498688,true,1.943594364126416e-13,3.3422138886441676e-16,1000,20,24,2.4869402566100204e-14,0.0,0.0,4.1607746397925554e-13,0.004,0.18931635895325843,,,,
-2,4,0,1,schwarzschild-overtone-continuation,ell4-uniform-40,16,4,13,0.3076923076923077,0x1.3b13b13b13b14p-2,0.8028176216533177,-0.2822327993381479,17.98069472446536,0.015479113993819071,true,6.457643502257285e-14,5.946838538569096e-16,1000,20,24,4.618603050478151e-14,0.0,2.865687575934818e-15,1.7232091982564286e-13,0.004,0.18913209456598243,,,,
-2,4,0,1,schwarzschild-overtone-continuation,ell4-uniform-40,17,17,52,0.3269230769230769,0x1.4ec4ec4ec4ec5p-2,0.803634596907258,-0.2819444789834828,17.978149619441364,0.01747281378173571,true,2.9994700487564844e-13,6.731800026102354e-16,1000,20,24,2.4869159349428928e-14,5.34062281989631e-15,5.7302997460712835e-15,1.8669713200044185e-13,0.004,0.18893322243058205,,,,
-2,4,0,1,schwarzschild-overtone-continuation,ell4-uniform-40,18,9,26,0.34615384615384615,0x1.6276276276276p-2,0.8045061381481678,-0.2816340372601037,17.97543565024783,0.01958667637345377,true,6.800570522352301e-13,3.8559277963506344e-16,1000,20,24,8.526598237848955e-14,1.213055201608393e-14,1.5347202024039837e-14,7.467231642436341e-13,0.004,0.188719168070672,,,,
-2,4,0,1,schwarzschild-overtone-continuation,ell4-uniform-40,19,19,52,0.36538461538461536,0x1.7627627627627p-2,0.8054332021575877,-0.2813005359941942,17.972550044903734,0.021820482381541686,true,2.962910492025034e-13,1.04372128693154e-15,1000,20,24,6.039614250470119e-14,0.0,0.0,4.264960728831018e-13,0.004,0.18848930029642713,,,,
-2,4,0,1,schwarzschild-overtone-continuation,ell4-uniform-40,20,5,13,0.38461538461538464,0x1.89d89d89d89d9p-2,0.8064168200450728,-0.2809429450929271,17.969489813547465,0.024173966061786647,true,1.4383623783856612e-13,4.613190423717512e-16,1000,20,24,7.460699241767783e-14,2.575143099812927e-15,3.433175098891678e-15,2.5394487294535713e-13,0.004,0.1882429262571331,,,,
-2,4,0,1,schwarzschild-overtone-continuation,ell4-uniform-40,21,21,52,0.40384615384615385,0x1.9d89d89d89d8ap-2,0.8074581009134577,-0.2805601341282549,17.966251736678604,0.026646807529379646,true,2.303898697510967e-13,2.0014830212433605e-16,1000,20,24,4.973799259224936e-14,0.0,9.36757872889812e-15,7.868278327674042e-14,0.004,0.1879792858328415,,,,
-2,4,0,1,schwarzschild-overtone-continuation,ell4-uniform-40,22,11,26,0.4230769230769231,0x1.b13b13b13b13bp-2,0.8085582358167273,-0.2801508627775655,17.962832352195676,0.029238623814728228,true,5.701360069114874e-13,2.1510571102112408e-16,1000,20,24,6.750162489581175e-14,0.0,0.0,2.5638720468362454e-13,0.004,0.18769754526992233,,,,
-2,4,0,1,schwarzschild-overtone-continuation,ell4-uniform-40,23,23,52,0.4423076923076923,0x1.c4ec4ec4ec4ecp-2,0.8097185020176817,-0.27971376994943836,17.959227941114488,0.03194895856891203,true,2.065091226834161e-13,1.734723475976807e-16,1000,20,24,2.842170943040401e-14,0.0,3.898448201162683e-15,1.2260803654376782e-13,0.004,0.18739678994824732,,,,
-2,4,0,1,schwarzschild-overtone-continuation,ell4-uniform-40,24,6,13,0.46153846153846156,0x1.d89d89d89d89ep-2,0.810940267548057,-0.27924736139101924,17.955434511834984,0.034777270191938985,true,1.011831707507953e-13,6.58317845524286e-16,1000,20,24,1.1723961074404315e-13,0.0,2.3895600220792272e-15,1.2313369400106475e-13,0.004,0.18707601614778938,,,,
-2,4,0,1,schwarzschild-overtone-continuation,ell4-uniform-40,25,25,52,0.4807692307692308,0x1.ec4ec4ec4ec4fp-2,0.8122249960668885,-0.27874999553509977,17.951447782809087,0.03772291811196682,true,8.284495814863515e-14,7.929792726436376e-16,1000,20,24,2.8421778039989924e-14,0.0,0.0,7.21573224952602e-14,0.004,0.18673412165798334,,,,
-2,4,0,1,schwarzschild-overtone-continuation,ell4-uniform-40,26,1,2,0.5,0x1.0000000000000p-1,0.8135742520034419,-0.27821986729855397,17.947263163452547,0.040785146888719856,true,1.7917665098940632e-13,9.431026437067363e-16,1000,20,24,3.703998204654738e-15,0.0,0.0,3.37886231810658e-13,0.004,0.18636989504339274,KerrQNMEFs-2/l4/s-2l4m0n1.dat,501,1.3078149200140731e-14,4.6320127203146376e-14
-2,4,0,1,schwarzschild-overtone-continuation,ell4-uniform-40,27,27,52,0.5192307692307693,0x1.09d89d89d89d9p-1,0.8149897059568811,-0.2776549894872113,17.942875733116917,0.04396306774662116,true,1.0518072701222154e-13,4.445768331151997e-16,1000,20,24,7.460698854552738e-14,0.0,0.0,2.0029752633725908e-13,0.004,0.18598200334470294,,,,
-2,4,0,1,schwarzschild-overtone-continuation,ell4-uniform-40,28,7,13,0.5384615384615384,0x1.13b13b13b13b1p-1,0.8164731403044067,-0.277053171392931,17.938280217928003,0.04725563705937349,true,2.485380484707571e-13,8.720122076511833e-16,1000,20,24,3.1977506913340456e-14,0.0,1.1042673571869573e-14,2.853044207600543e-13,0.004,0.18556897795010852,,,,
-2,4,0,1,schwarzschild-overtone-continuation,ell4-uniform-40,29,29,52,0.5576923076923077,0x1.1d89d89d89d8ap-1,0.8180264549411598,-0.2764119940835739,17.933470965279096,0.05066163120376173,true,1.0474576213403642e-13,1.5218182408308987e-16,1000,20,24,7.105481567502832e-14,0.0,0.0,5.489661177669819e-13,0.004,0.18512919832065294,,,,
-2,4,0,1,schwarzschild-overtone-continuation,ell4-uniform-40,30,15,26,0.5769230769230769,0x1.2762762762762p-1,0.8196516730343776,-0.27572878178186105,17.928441915748603,0.05417961707052182,true,3.140938471332091e-13,2.8177377798042847e-16,1000,20,24,4.973997400481225e-14,0.0,0.0,4.324801935847793e-13,0.004,0.1846608731892117,,,,
-2,4,0,1,schwarzschild-overtone-continuation,ell4-uniform-40,31,31,52,0.5961538461538461,0x1.313b13b13b13bp-1,0.8213509466172729,-0.27500056859950783,17.923186572204646,0.05780791735721934,true,1.818164355422427e-13,3.95516952522712e-16,1000,20,24,3.555700755290447e-15,0.0,4.109325218620118e-15,2.1950094729295549e-13,0.004,0.18416201877578756,,,,
-2,4,0,1,schwarzschild-overtone-continuation,ell4-uniform-40,32,8,13,0.6153846153846154,0x1.3b13b13b13b14p-1,0.8231265617668271,-0.2742240597319312,17.917697965855005,0.06154456956214846,true,6.943919529082047e-13,2.2898349882893854e-16,1000,20,24,2.4889340421559825e-14,0.0,0.0,4.85807615256602e-13,0.004,0.18363043346715716,,,,
-2,4,0,1,schwarzschild-overtone-continuation,ell4-uniform-40,33,33,52,0.6346153846153846,0x1.44ec4ec4ec4ecp-1,0.8249809429954014,-0.2733955860186369,17.911968619009475,0.06538727733769137,true,5.756739235742288e-14,3.122502256758253e-16,1000,20,24,1.1368689193171173e-13,0.0,0.0,1.5899386059784612e-13,0.004,0.18306366829475312,,,,
-2,4,0,1,schwarzschild-overtone-continuation,ell4-uniform-40,34,17,26,0.6538461538461539,0x1.4ec4ec4ec4ec5p-1,0.8269166563240256,-0.27251105052427993,17.905990504354527,0.06933335252894378,true,1.3538822693910808e-13,5.551115123125783e-17,1000,20,24,7.460847930859488e-14,0.0,4.148135544450461e-15,6.808714591365289e-13,0.004,0.18245899240547409,,,,
-2,4,0,1,schwarzschild-overtone-continuation,ell4-uniform-40,35,35,52,0.6730769230769231,0x1.589d89d89d89ep-1,0.8289364102739047,-0.27156586548279266,17.89975500060676,0.07337964579734986,true,1.751964296475369e-13,2.498001805406602e-16,1000,20,24,4.974302698018717e-14,0.0,8.840749932845095e-15,1.4718057092350535e-13,0.004,0.18181335255290404,,,,
-2,4,0,1,schwarzschild-overtone-continuation,ell4-uniform-40,36,9,13,0.6923076923076923,0x1.6276276276276p-1,0.8310430536826157,-0.27055487755637025,17.893252844539077,0.07752246318102705,true,4.4070926313564147e-13,3.6638411145107034e-16,1000,20,24,7.105487123994402e-14,0.0,0.0,2.6302680735598556e-14,0.004,0.181123325437943,,,,
-2,4,0,1,schwarzschild-overtone-continuation,ell4-uniform-40,37,37,52,0.7115384615384616,0x1.6c4ec4ec4ec4fp-1,0.8332395687766222,-0.2694722788737486,17.88647407958382,0.08175746523458133,true,1.1170562465033978e-12,2.0816681711721685e-16,1000,20,24,2.4875825287524898e-14,1.8877791063085296e-14,2.7248060091848154e-14,1.1971725916208427e-12,0.004,0.1803850614962818,,,,
-2,4,0,1,schwarzschild-overtone-continuation,ell4-uniform-40,38,19,26,0.7307692307692307,0x1.7627627627627p-1,0.8355290572439729,-0.26831150070761045,17.87940800157863,0.0860795444723609,true,3.0004134132452794e-13,2.3479724158959924e-16,1000,20,24,3.90800081686215e-14,0.0,7.141763640950045e-15,2.1379102144034352e-13,0.004,0.17959421847048437,,,,
-2,4,0,1,schwarzschild-overtone-continuation,ell4-uniform-40,39,3,4,0.75,0x1.8000000000000p-1,0.8379147160512621,-0.26706508590902894,17.87204310280508,0.09048267564559152,true,4.999426859253222e-13,1.8875832159447664e-16,1000,20,24,7.460701952272535e-14,0.0,1.762328247131482e-14,9.101553914429032e-14,0.004,0.17874588283361437,KerrQNMEFs-2/l4/s-2l4m0n1.dat,751,2.0721056912470075e-14,3.911961060401928e-15
-2,4,0,2,schwarzschild-overtone-continuation,ell4-uniform-40,0,0,1,0.0,0x0.0p+0,0.7727095326067109,-0.4799081751211623,18.0,0.0,true,1.4383281002407287e-13,1.7772239894833365e-16,1000,20,24,0.0,0.0,0.0,2.0756978600089177e-13,0.004,0.19703142734584286,KerrQNMEFs-2/l4/s-2l4m0n2.dat,1,1.837746106097754e-15,0.0
-2,4,0,2,schwarzschild-overtone-continuation,ell4-uniform-40,1,1,52,0.019230769230769232,0x1.3b13b13b13b14p-6,0.7727363586633024,-0.4798942454819698,17.999951021543815,9.902697627278237e-05,true,7.965851362197286e-13,2.423651445728339e-16,1000,20,24,9.592326932782894e-14,0.0,0.0,2.9790409838967274e-14,0.004,0.1970249288017834,,,,
-2,4,0,2,schwarzschild-overtone-continuation,ell4-uniform-40,2,1,26,0.038461538461538464,0x1.3b13b13b13b14p-5,0.7728168602931137,-0.47985242190988536,17.999803996720303,0.00039611259172758203,true,3.593480320780164e-13,4.613190423717512e-16,1000,20,24,2.6020852139652106e-18,0.0,0.0,8.556067554929069e-14,0.004,0.19700541839383576,,,,
-2,4,0,2,schwarzschild-overtone-continuation,ell4-uniform-40,3,3,52,0.057692307692307696,0x1.d89d89d89d89ep-5,0.7729511079255875,-0.479782600234877,17.999558656864373,0.0008912707359900122,true,2.5713187093257936e-13,2.0816681711721685e-17,1000,20,24,1.421085662764345e-14,0.0,2.6668472207145996e-15,4.139635638108393e-13,0.004,0.19697285170832385,,,,
-2,4,0,2,schwarzschild-overtone-continuation,ell4-uniform-40,4,1,13,0.07692307692307693,0x1.3b13b13b13b14p-4,0.7731392191073343,-0.4796846061495758,17.999214553199124,0.0015845239880273093,true,3.360473257818064e-13,3.356589068483857e-16,1000,20,24,5.329070646843879e-14,0.0,0.0,7.145283604301783e-14,0.004,0.19692715443367798,,,,
-2,4,0,2,schwarzschild-overtone-continuation,ell4-uniform-40,5,5,52,0.09615384615384616,0x1.89d89d89d89d9p-4,0.7733813587477997,-0.47955819416484713,17.998771055325296,0.002475902751290495,true,1.7481553554607783e-13,3.469446951953614e-16,1000,20,24,1.0658141071694542e-14,2.2121037052315357e-15,4.456477261977354e-15,5.784380863878699e-13,0.004,0.1968682219238191,,,,
-2,4,0,2,schwarzschild-overtone-continuation,ell4-uniform-40,6,3,26,0.11538461538461539,0x1.d89d89d89d89ep-4,0.7736777394619485,-0.47940304613050716,17.998227349093384,0.003565444023947583,true,1.3657458073869685e-13,4.445768331151997e-16,1000,20,24,3.552843378353067e-15,0.0,5.390015586720745e-15,5.221862209591519e-13,0.004,0.1967959185799335,,,,
-2,4,0,2,schwarzschild-overtone-continuation,ell4-uniform-40,7,7,52,0.1346153846153846,0x1.13b13b13b13b1p-3,0.7740286220084512,-0.47921876930378265,17.997582433841277,0.004853189784880287,true,1.0845964142784046e-13,1.7772239894833365e-16,1000,20,24,2.4869006778154966e-14,0.0,2.3374084080959644e-15,2.324585382549742e-14,0.004,0.19671007704355503,,,,
-2,4,0,2,schwarzschild-overtone-continuation,ell4-uniform-40,8,2,13,0.15384615384615385,0x1.3b13b13b13b14p-3,0.7744343158212564,-0.4790048939424992,17.996835118981167,0.006339184969816446,true,3.4019088626894244e-13,4.85722573273506e-17,1000,20,24,5.684342206365126e-14,0.0,5.4449054346167804e-15,8.294507052317792e-13,0.004,0.1966104971916428,,,,
-2,4,0,2,schwarzschild-overtone-continuation,ell4-uniform-40,9,9,52,0.17307692307692307,0x1.6276276276276p-3,0.7748951796317667,-0.4787608703939476,17.995984019910995,0.008023475005005873,true,3.524591448260199e-13,4.460365043975677e-16,1000,20,24,8.881790094042674e-14,0.0,0.0,4.3087914352165467e-13,0.004,0.19649694492181588,,,,
-2,4,0,2,schwarzschild-overtone-continuation,ell4-uniform-40,10,5,26,0.19230769230769232,0x1.89d89d89d89d9p-3,0.7754116221776047,-0.4784860656438425,17.99502755322099,0.009906102858449705,true,4.654470174964283e-13,5.468975410105057e-16,1000,20,24,8.171241993398791e-14,5.875797014453728e-15,9.318601254079482e-15,1.8340400485982836e-13,0.004,0.19636915071338235,,,,
-2,4,0,2,schwarzschild-overtone-continuation,ell4-uniform-40,11,11,52,0.21153846153846154,0x1.b13b13b13b13bp-3,0.7759841029926822,-0.4781797592824755,17.993963931164473,0.011987105559912224,true,9.349106283409559e-14,1.5959455978986625e-16,1000,20,24,5.684344596585586e-14,0.0,1.336885555457667e-15,3.090044076836951e-13,0.004,0.19622680794687675,,,,
-2,4,0,2,schwarzschild-overtone-continuation,ell4-uniform-40,12,3,13,0.23076923076923078,0x1.d89d89d89d89ep-3,0.7766131332714197,-0.4778411388369922,17.992791155352066,0.014266510131484368,true,3.201498220434627e-13,5.79553433516819e-16,1000,20,24,4.618544205077173e-14,0.0,0.0,2.3914935841127267e-13,0.004,0.19606957096151476,,,,
-2,4,0,2,schwarzschild-overtone-continuation,ell4-uniform-40,13,1,4,0.25,0x1.0000000000000p-2,0.7772992767980365,-0.4774692944093081,17.991507009625774,0.016744328859280837,true,7.570386037997435e-14,2.2473876566261383e-16,1000,20,24,4.9737995859376266e-14,0.0,5.696861476186532e-15,6.487187323416589e-13,0.004,0.19589705282636222,KerrQNMEFs-2/l4/s-2l4m0n2.dat,251,3.510833468576701e-16,9.52417724686378e-15
-2,4,0,2,schwarzschild-overtone-continuation,ell4-uniform-40,14,7,26,0.2692307692307692,0x1.13b13b13b13b1p-2,0.7780431509283495,-0.4770632125489206,17.990109052062447,0.019420553823812574,true,5.339311736856121e-13,2.2729511820139823e-16,1000,20,24,1.776695620273571e-14,0.0,0.0,2.3452115293276674e-13,0.004,0.19570882279703766,,,,
-2,4,0,2,schwarzschild-overtone-continuation,ell4-uniform-40,15,15,52,0.28846153846153844,0x1.2762762762762p-2,0.7788454276082671,-0.4766217692774253,17.988594606050064,0.02229515059208834,true,2.0973050344459582e-13,3.635477168592509e-16,1000,20,24,7.460750353977296e-14,2.8543745438774784e-15,6.034396626384311e-15,2.8067702845066664e-13,0.004,0.19550440342490732,,,,
-2,4,0,2,schwarzschild-overtone-continuation,ell4-uniform-40,16,4,13,0.3076923076923077,0x1.3b13b13b13b14p-2,0.7797068344081078,-0.47614372216774814,17.98696075037238,0.025368050956347716,true,1.5388059589181187e-13,7.001065424966057e-16,1000,20,24,6.750171717767039e-14,0.0,0.0,1.165681306894467e-13,0.004,0.19528326728043174,,,,
-2,4,0,2,schwarzschild-overtone-continuation,ell4-uniform-40,17,17,52,0.3269230769230769,0x1.4ec4ec4ec4ec5p-2,0.7806281555456513,-0.4756277013648463,17.985204308232092,0.028639144584304384,true,2.208476670648905e-13,1.2412670766236366e-16,1000,20,24,1.1368689193171173e-13,3.128387061314213e-15,7.720840863447045e-15,3.469550512011761e-13,0.004,0.19504483324649682,,,,
-2,4,0,2,schwarzschild-overtone-continuation,ell4-uniform-40,18,9,26,0.34615384615384615,0x1.6276276276276p-2,0.7816102328629391,-0.4750721994156448,17.983321835132916,0.032108269420910475,true,7.663595396007303e-14,2.0014830212433605e-16,1000,20,24,4.973807330232151e-14,1.5393713663616246e-15,6.197640422843119e-15,2.293375746226521e-13,0.004,0.19478846233014824,,,,
-2,4,0,2,schwarzschild-overtone-continuation,ell4-uniform-40,19,19,52,0.36538461538461536,0x1.7627627627627p-2,0.7826539667117602,-0.4744755597538149,17.98130960553582,0.03577520065273333,true,1.3133333047119997e-13,3.6638411145107034e-16,1000,20,24,3.9083598176887705e-14,0.0,1.7208456881689926e-15,7.571870792618249e-13,0.004,0.19451345293327776,,,,
-2,4,0,2,schwarzschild-overtone-continuation,ell4-uniform-40,20,5,13,0.38461538461538464,0x1.89d89d89d89d9p-2,0.7837603166893595,-0.47383596365904873,17.979163598193203,0.03963963801138581,true,3.397825187701844e-13,5.578801654593729e-16,1000,20,24,4.9744616795672587e-14,4.9889054768862004e-15,1.980122526002194e-14,1.3584557545632996e-12,0.004,0.19421903551366324,,,,
-2,4,0,2,schwarzschild-overtone-continuation,ell4-uniform-40,21,21,52,0.40384615384615385,0x1.9d89d89d89d8ap-2,0.7849303021493235,-0.47315141547968487,17.97687948006219,0.04370119115056013,true,1.0209416800525498e-13,4.002966042486721e-16,1000,20,24,6.750361984990534e-14,0.0,0.0,7.687747330600701e-14,0.004,0.1939043665566688,,,,
-2,4,0,2,schwarzschild-overtone-continuation,ell4-uniform-40,22,11,26,0.4230769230769231,0x1.b13b13b13b13bp-2,0.7861650023905907,-0.4724197258713423,17.97445258868317,0.04795936278117512,true,3.0315391380987954e-14,1.5265566588595902e-16,1000,20,24,2.0605741965765678e-13,0.0,3.6905523389740094e-15,1.5938039405466972e-13,0.004,0.1935685217659393,,,,
-2,4,0,2,schwarzschild-overtone-continuation,ell4-uniform-40,23,23,52,0.4423076923076923,0x1.c4ec4ec4ec4ecp-2,0.7874655563996099,-0.4716384927610941,17.97187791291288,0.05241352918829625,true,1.0802236115744373e-13,2.1510571102112408e-16,1000,20,24,5.329071241002151e-14,0.0,0.0,1.2643368769200156e-13,0.004,0.1932104883669925,,,,
-2,4,0,2,schwarzschild-overtone-continuation,ell4-uniform-40,24,6,13,0.46153846153846156,0x1.d89d89d89d89ep-2,0.7888331619838487,-0.4708050796957508,17.96915007188878,0.057062917679646157,true,6.331858775922638e-13,3.888257972851056e-16,1000,20,24,2.1318274201207054e-14,0.0,0.0,6.649562335734172e-13,0.004,0.19282915640157205,,,,
-2,4,0,2,schwarzschild-overtone-continuation,ell4-uniform-40,25,25,52,0.4807692307692308,0x1.ec4ec4ec4ec4fp-2,0.7902690740875392,-0.4699165911718675,17.966263292103896,0.0619065804256542,true,4.2600725863713293e-13,2.1510571102112408e-16,1000,20,24,1.0303015497354892e-13,0.0,0.0,5.380748776802304e-13,0.004,0.19242330887217052,,,,
-2,4,0,2,schwarzschild-overtone-continuation,ell4-uniform-40,26,1,2,0.5,0x1.0000000000000p-1,0.7917746020182328,-0.4689698444725597,17.96321138247513,0.06694336404050964,true,1.4092959593623127e-13,3.927683650008203e-16,1000,20,24,2.844025678828977e-14,0.0,0.0,5.566470031365084e-13,0.004,0.19199161057546585,KerrQNMEFs-2/l4/s-2l4m0n2.dat,501,1.7244233337941968e-15,2.86003800036315e-14
-2,4,0,2,schwarzschild-overtone-continuation,ell4-uniform-40,27,27,52,0.5192307692307693,0x1.09d89d89d89d9p-1,0.7933511052312804,-0.46796133744991325,17.959987707298982,0.07217187411868696,true,5.320922653862027e-13,2.514331927660129e-16,1000,20,24,1.3145076067855351e-13,6.519429634307976e-15,1.722277638230098e-14,3.4664569431595515e-13,0.004,0.19153259544073162,,,,
-2,4,0,2,schwarzschild-overtone-continuation,ell4-uniform-40,28,7,13,0.5384615384615384,0x1.13b13b13b13b1p-1,0.794999987211791,-0.4668872115883769,17.956585157008995,0.07759043377366723,true,5.509570548863544e-14,3.469446951953614e-17,1000,20,24,3.912211396237992e-14,0.0,0.0,6.846933967957103e-13,0.004,0.19104465216452693,,,,
-2,4,0,2,schwarzschild-overtone-continuation,ell4-uniform-40,29,29,52,0.5576923076923077,0x1.1d89d89d89d8ap-1,0.7967226868511708,-0.4657432095621632,17.952996116692923,0.08319703501934918,true,7.803849170958016e-14,2.9052345828309734e-16,1000,20,24,8.88237788626878e-14,0.0,0.0,8.54914983309608e-14,0.004,0.19052600790819094,,,,
-2,4,0,2,schwarzschild-overtone-continuation,ell4-uniform-40,30,15,26,0.5769230769230769,0x1.2762762762762p-1,0.7985206665260729,-0.4645246263536133,17.949212432390564,0.08898928157693298,true,8.032983383966306e-14,6.894341957538586e-16,1000,20,24,1.2436081407129463e-13,0.0,0.0,3.9761536765831706e-13,0.004,0.18997470980005535,,,,
-2,4,0,2,schwarzschild-overtone-continuation,ell4-uniform-40,31,31,52,0.5961538461538461,0x1.313b13b13b13bp-1,0.8003953958334006,-0.463226252828252,17.94522537529522,0.09496432136985988,true,1.256733232767793e-13,4.454424009010536e-16,1000,20,24,1.1723978877474277e-13,0.0,0.0,4.314984300722186e-13,0.004,0.1893886039655881,,,,
-2,4,0,2,schwarzschild-overtone-continuation,ell4-uniform-40,32,8,13,0.6153846153846154,0x1.3b13b13b13b14p-1,0.8023483295938051,-0.4618423104614868,17.94102560414147,0.1011187665689229,true,4.1532575284858913e-13,3.5005327124830286e-16,1000,20,24,2.4872716609991134e-14,0.0,0.0,8.408756189637665e-13,0.004,0.1887653118002733,,,,
-2,4,0,2,schwarzschild-overtone-continuation,ell4-uniform-40,33,33,52,0.6346153846153846,0x1.44ec4ec4ec4ecp-1,0.8043808782735539,-0.46036637568163946,17.936603126303073,0.10744859854802274,true,1.8594137719729438e-13,1.5265566588595902e-16,1000,20,24,7.105428577328342e-14,0.0,2.641980915246192e-14,9.400469652713205e-13,0.004,0.18810220321344207,,,,
-2,4,0,2,schwarzschild-overtone-continuation,ell4-uniform-40,34,17,26,0.6538461538461539,0x1.4ec4ec4ec4ec5p-1,0.8064943683447973,-0.45879129203663854,17.931947258480562,0.11394905448336012,true,6.50495956605843e-14,6.581349743728024e-16,1000,20,24,3.559907936482152e-14,0.0,0.0,3.7472288578273427e-13,0.004,0.18739636662488732,,,,
-2,4,0,2,schwarzschild-overtone-continuation,ell4-uniform-40,35,35,52,0.6730769230769231,0x1.589d89d89d89ep-1,0.8086899892413214,-0.4571090681164779,17.92704658840466,0.12061449154276097,true,4.968340201460819e-13,6.280369834735101e-16,1000,20,24,1.5632395791404763e-13,1.1995547486170449e-14,1.897742702856715e-14,1.0332626613555887e-12,0.004,0.18664457561952721,,,,
-2,4,0,2,schwarzschild-overtone-continuation,ell4-uniform-40,36,9,13,0.6923076923076923,0x1.6276276276276p-1,0.8109687223781481,-0.4553107588953462,17.921888939785507,0.1274382236328006,true,3.8232960353267636e-14,3.189627710442956e-16,1000,20,24,6.750669539635712e-14,0.0,7.074351218512476e-15,1.8912987306700535e-13,0.004,0.18584325241090485,,,,
-2,4,0,2,schwarzschild-overtone-continuation,ell4-uniform-40,37,37,52,0.7115384615384616,0x1.6c4ec4ec4ec4fp-1,0.8133312460569898,-0.45338632794439726,17.916461343946317,0.13441232446088655,true,7.619230174083656e-13,1.3877787807814457e-16,1000,20,24,1.776463088035647e-14,0.0,7.273443782444743e-15,1.2218507532144688e-13,0.004,0.18498842871669027,,,,
-2,4,0,2,schwarzschild-overtone-continuation,ell4-uniform-40,38,19,26,0.7307692307692307,0x1.7627627627627p-1,0.8157778077903058,-0.4513244879060137,17.910750023387617,0.1415273891964009,true,1.425215052142512e-13,2.2729511820139823e-16,1000,20,24,1.4921423265277215e-13,0.0,0.0,3.003776870800467e-13,0.004,0.18407570545366353,,,,
-2,4,0,2,schwarzschild-overtone-continuation,ell4-uniform-40,39,3,4,0.75,0x1.8000000000000p-1,0.818308052384386,-0.44911251689693765,17.904740395239678,0.14877224527137015,true,2.936541369237363e-13,6.403362282114315e-16,1000,20,24,6.751698804289491e-14,8.840052795286715e-15,1.6001083324287597e-14,4.2638484923934065e-13,0.004,0.18310021406170826,KerrQNMEFs-2/l4/s-2l4m0n2.dat,751,7.99745978927824e-15,2.843926808181755e-14
-2,4,1,0,schwarzschild-overtone-continuation,ell4-uniform-40,0,0,1,0.0,0x0.0p+0,0.8091783775322379,-0.09416396098892425,18.0,0.0,true,1.0126792072454708e-14,1.6199010924212654e-16,1000,20,24,0.0,0.0,7.696856831808123e-16,1.8658737265400755e-13,0.004,,KerrQNMEFs-2/l4/s-2l4m1n0.dat,1,1.577923392343183e-15,0.0
-2,4,1,0,schwarzschild-overtone-continuation,ell4-uniform-40,1,1,52,0.019230769230769232,0x1.3b13b13b13b14p-6,0.8105450795150937,-0.09415489769841988,17.9936785852543,0.0007446223249816607,true,4.88624276255076e-14,1.8319205572553517e-16,1000,20,24,1.776356856903392e-14,0.0,2.7717038000418165e-15,3.8131213860775184e-13,0.004,,,,,
-2,4,1,0,schwarzschild-overtone-continuation,ell4-uniform-40,2,1,26,0.038461538461538464,0x1.3b13b13b13b14p-5,0.8119606019245532,-0.09414072576785994,17.987161451362233,0.0015297955195203718,true,2.6000285493955864e-13,4.996485455209446e-16,1000,20,24,1.4210854994789048e-14,0.0,0.0,1.7802951531508414e-13,0.004,,,,,
-2,4,1,0,schwarzschild-overtone-continuation,ell4-uniform-40,3,3,52,0.057692307692307696,0x1.d89d89d89d89ep-5,0.8134258546235504,-0.09412133559723972,17.980445799167725,0.0023554898595921883,true,1.3201350090785855e-13,5.900916318210353e-16,1000,20,24,3.552713691770693e-14,0.0,0.0,1.961170556330631e-14,0.004,,,,,
-2,4,1,0,schwarzschild-overtone-continuation,ell4-uniform-40,4,1,13,0.07692307692307693,0x1.3b13b13b13b14p-4,0.8149418098816714,-0.09409660320490532,17.973528667137522,0.0032216702257338112,true,2.1074279071251034e-13,3.8315011419927443e-16,1000,20,24,2.1316284208031785e-14,4.9177522810385025e-15,7.411102517575435e-15,2.2311682304967174e-13,0.004,,,,,
-2,4,1,0,schwarzschild-overtone-continuation,ell4-uniform-40,5,5,52,0.09615384615384616,0x1.89d89d89d89d9p-4,0.816509505624143,-0.09406638946827822,17.966406923681745,0.004128295164248664,true,6.804281485022587e-14,7.642869566678791e-16,1000,20,24,7.10543265155495e-15,1.3414875847488985e-15,3.0712268714034993e-15,4.8127879996476015e-14,0.004,,,,,
-2,4,1,0,schwarzschild-overtone-continuation,ell4-uniform-40,6,3,26,0.11538461538461539,0x1.d89d89d89d89ep-4,0.8181300490039048,-0.09403053925692903,17.959077258775544,0.0050753158283844526,true,1.3601387540822538e-13,5.05016111510791e-16,1000,20,24,7.460699120763083e-14,2.6945789820192467e-15,4.48802164916502e-15,1.7978977849793401e-13,0.004,,,,,
-2,4,1,0,schwarzschild-overtone-continuation,ell4-uniform-40,7,7,52,0.1346153846153846,0x1.13b13b13b13b1p-3,0.8198046203277121,-0.09398888044729918,17.951536174817523,0.006062674784961537,true,2.342722114608304e-13,1.4304896245381993e-16,1000,20,24,1.5276668874244017e-13,0.0,0.0,2.105399732604243e-13,0.004,,,,,
-2,4,1,0,schwarzschild-overtone-continuation,ell4-uniform-40,8,2,13,0.15384615384615385,0x1.3b13b13b13b14p-3,0.8215344773714557,-0.09394122280634094,17.94377997665526,0.007090304669440614,true,3.564974364729186e-14,2.2215299868541707e-16,1000,20,24,5.684341886080802e-14,6.713178136967714e-16,8.238311188599651e-16,2.7412393475024943e-14,0.004,,,,,
-2,4,1,0,schwarzschild-overtone-continuation,ell4-uniform-40,9,9,52,0.17307692307692307,0x1.6276276276276p-3,0.8233209601245307,-0.09388735672948986,17.935804760693458,0.008158126669798376,true,1.2231272190933556e-13,1.3092278833360675e-16,1000,20,24,2.842171202444229e-14,1.663541023566903e-15,3.3196643116110042e-15,1.4438910353072771e-13,0.004,,,,,
-2,4,1,0,schwarzschild-overtone-continuation,ell4-uniform-40,10,5,26,0.19230769230769232,0x1.89d89d89d89d9p-3,0.8251654960087148,-0.09382705181572047,17.927606402996542,0.009266048816385816,true,1.6390742571168972e-14,4.122076774437418e-16,1000,20,24,2.84217306062198e-14,0.0,3.061177018306935e-15,1.1080915708357151e-13,0.004,,,,,
-2,4,1,0,schwarzschild-overtone-continuation,ell4-uniform-40,11,11,52,0.21153846153846154,0x1.b13b13b13b13bp-3,0.8270696056231582,-0.09376005525985655,17.919180546279666,0.010413964051158568,true,4.179219242832202e-14,2.396682302503803e-16,1000,20,24,1.0658141058989048e-13,0.0,3.923660740106592e-15,7.07653752208632e-14,0.004,,,,,
-2,4,1,0,schwarzschild-overtone-continuation,ell4-uniform-40,12,3,13,0.23076923076923078,0x1.d89d89d89d89ep-3,0.8290349090744821,-0.09368609003872748,17.91052258567048,0.011601748045282453,true,2.0062808300161304e-14,4.652682298944613e-16,1000,20,24,3.552716766234252e-14,0.0,0.0,5.938229997351483e-14,0.004,,,,,
-2,4,1,0,schwarzschild-overtone-continuation,ell4-uniform-40,13,1,4,0.25,0x1.0000000000000p-2,0.8310631329593853,-0.09360485286405908,17.90162765310769,0.01282925672892118,true,7.081273648040964e-14,1.4752290795525882e-16,1000,20,24,9.592327691953816e-14,1.4306915617612184e-15,4.90457592513324e-15,9.118682840897939e-14,0.004,,KerrQNMEFs-2/l4/s-2l4m1n0.dat,251,6.804363002006077e-16,7.106993348953168e-15
-2,4,1,0,schwarzschild-overtone-continuation,ell4-uniform-40,14,7,26,0.2692307692307692,0x1.13b13b13b13b1p-2,0.8331561180770204,-0.09351601187017486,17.89249060022432,0.014096323490772947,true,8.174257814901776e-14,0.0,1000,20,24,3.907995060907247e-14,0.0,2.7489231945977972e-15,1.4588060167120854e-13,0.004,,,,,
-2,4,1,0,schwarzschild-overtone-continuation,ell4-uniform-40,15,15,52,0.28846153846153844,0x1.2762762762762p-2,0.8353158279598712,-0.09341920399914595,17.883105979539792,0.015402755997461236,true,3.1502174826002614e-14,5.35015268926554e-16,1000,20,24,3.9079903175320185e-14,0.0,0.0,1.1764110928817103e-13,0.004,,,,,
-2,4,1,0,schwarzschild-overtone-continuation,ell4-uniform-40,16,4,13,0.3076923076923077,0x1.3b13b13b13b14p-2,0.8375443583253387,-0.09331403203932793,17.873468023760577,0.01674833257407554,true,2.1578634694028867e-13,9.226380847435024e-16,1000,20,24,4.618528837973896e-14,0.0,0.0,1.2867422590805737e-13,0.004,,,,,
-2,4,1,0,schwarzschild-overtone-continuation,ell4-uniform-40,17,17,52,0.3269230769230769,0x1.4ec4ec4ec4ec5p-2,0.8398439475661057,-0.09320006126532501,17.863570622960843,0.018132798076343996,true,9.441283335623075e-14,0.0,1000,20,24,5.329071241002151e-14,0.0,3.603123806104908e-15,1.3184888231742975e-13,0.004,,,,,
-2,4,1,0,schwarzschild-overtone-continuation,ell4-uniform-40,18,9,26,0.34615384615384615,0x1.6276276276276p-2,0.8422169884160794,-0.09307681561783455,17.85340729937698,0.019555859172065433,true,2.4014193315241345e-13,2.306595211858756e-16,1000,20,24,1.4210861491463966e-14,0.0,0.0,6.21471076717338e-14,0.004,,,,,
-2,4,1,0,schwarzschild-overtone-continuation,ell4-uniform-40,19,19,52,0.36538461538461536,0x1.7627627627627p-2,0.8446660409508183,-0.09294377335004433,17.842971179509245,0.021017178933615228,true,1.010946920535267e-13,1.1102230246251565e-16,1000,20,24,3.552822097363439e-15,0.0,2.706168622523819e-15,4.4938668397781776e-14,0.004,,,,,
-2,4,1,0,schwarzschild-overtone-continuation,ell4-uniform-40,20,5,13,0.38461538461538464,0x1.89d89d89d89d9p-2,0.847193847107913,-0.09280036205329419,17.832254963176027,0.022516370624098007,true,1.7920086419919114e-13,1.1123893155135927e-16,1000,20,24,9.23705566913151e-14,3.600985104463058e-15,5.9334643660679946e-15,1.1971334666175153e-13,0.004,,,,,
-2,4,1,0,schwarzschild-overtone-continuation,ell4-uniform-40,21,21,52,0.40384615384615385,0x1.9d89d89d89d8ap-2,0.8498033469442455,-0.09264595295703255,17.821250889106622,0.024052990536246353,true,5.691449808321057e-14,3.469446951953614e-16,1000,20,24,5.684350790507685e-14,0.0,2.111066529342944e-15,1.5045795515851378e-13,0.004,,,,,
-2,4,1,0,schwarzschild-overtone-continuation,ell4-uniform-40,22,11,26,0.4230769230769231,0x1.b13b13b13b13bp-2,0.8524976968850614,-0.09247985437692219,17.80995069658924,0.025626529714012254,true,1.9407257384745844e-13,9.71445146547012e-17,1000,20,24,7.815983676677653e-14,3.934640423845914e-15,4.627862503744446e-15,7.33275203030417e-14,0.004,,,,,
-2,4,1,0,schwarzschild-overtone-continuation,ell4-uniform-40,23,23,52,0.4423076923076923,0x1.c4ec4ec4ec4ecp-2,0.8552802902655003,-0.09230130415826415,17.798345582606128,0.027236404350707916,true,1.3550543769587468e-13,2.5476231888929306e-16,1000,20,24,4.618568648341741e-14,2.8807025088293517e-15,6.074366538129129e-15,4.646345301986554e-13,0.004,,,,,
-2,4,1,0,schwarzschild-overtone-continuation,ell4-uniform-40,24,6,13,0.46153846153846156,0x1.d89d89d89d89ep-2,0.8581547805207475,-0.09210946092894245,17.7864261537898,0.028881944612723226,true,5.590058372509837e-14,2.514331927660129e-16,1000,20,24,7.460711632638607e-14,0.0,0.0,1.44871130262054e-13,0.004,,,,,
-2,4,1,0,schwarzschild-overtone-continuation,ell4-uniform-40,25,25,52,0.4807692307692308,0x1.ec4ec4ec4ec4fp-2,0.8611251074485199,-0.09190339393434793,17.77418237240711,0.030562381581199134,true,8.819392567223197e-14,2.6703474716024767e-16,1000,20,24,8.526528421571783e-14,2.0929710123431638e-15,5.329359630937609e-15,7.954064221314214e-14,0.004,,,,,
-2,4,1,0,schwarzschild-overtone-continuation,ell4-uniform-40,26,1,2,0.5,0x1.0000000000000p-1,0.8641955270504099,-0.0916820711748013,17.76160349543375,0.03227683193295058,true,1.0245379651382904e-14,0.0,1000,20,24,5.3290727317797274e-14,0.0,4.460365043975677e-16,6.31497354794026e-14,0.004,,KerrQNMEFs-2/l4/s-2l4m1n0.dat,501,2.762516498527099e-15,4.9772743530784344e-14
-2,4,1,0,schwarzschild-overtone-continuation,ell4-uniform-40,27,27,52,0.5192307692307693,0x1.09d89d89d89d9p-1,0.8673706455605782,-0.0914443454990094,17.748678005593565,0.034024279891089,true,1.0766416044870328e-13,3.885780586188048e-16,1000,20,24,7.105440910115233e-15,0.0,4.9026317727264755e-15,4.3756310639472015e-14,0.004,,,,,
-2,4,1,0,schwarzschild-overtone-continuation,ell4-uniform-40,28,7,13,0.5384615384615384,0x1.13b13b13b13b1p-1,0.8706554583966998,-0.09118893822202605,17.735393533017177,0.03580355585970681,true,3.0906511314730404e-13,1.249000902703301e-16,1000,20,24,1.065864924405353e-14,2.518311877800827e-15,7.541399820839303e-15,3.2858910580224806e-13,0.004,,,,,
-2,4,1,0,schwarzschild-overtone-continuation,ell4-uniform-40,29,29,52,0.5576923076923077,0x1.1d89d89d89d8ap-1,0.8740553949255297,-0.09091441972602839,17.721736765885733,0.03761331100686686,true,1.2937333203292134e-13,3.356589068483857e-16,1000,20,24,2.7755575615628914e-17,2.613302045841073e-15,4.7009661929087876e-15,3.794133543094538e-13,0.004,,,,,
-2,4,1,0,schwarzschild-overtone-continuation,ell4-uniform-40,30,15,26,0.5769230769230769,0x1.2762762762762p-1,0.8775763701333357,-0.09061918635909033,17.70769334808508,0.03945198686491825,true,9.793853665339598e-14,4.443059973708341e-16,1000,20,24,1.7764788079573407e-14,0.0,3.684310904502452e-15,1.2600869930401046e-13,0.004,,,,,
-2,4,1,0,schwarzschild-overtone-continuation,ell4-uniform-40,31,31,52,0.5961538461538461,0x1.313b13b13b13bp-1,0.8812248445411243,-0.09030143275835013,17.693247761446283,0.04131777876019165,true,3.120734034328968e-14,2.3263411494723067e-16,1000,20,24,2.486938296365065e-14,0.0,0.0,1.9737067688736838e-13,0.004,,,,,
-2,4,1,0,schwarzschild-overtone-continuation,ell4-uniform-40,32,8,13,0.6153846153846154,0x1.3b13b13b13b14p-1,0.8850078940228127,-0.08995911847480358,17.678383189592317,0.04320859154394088,true,8.379058453350833e-14,3.331391796911832e-16,1000,20,24,1.2079367134502545e-13,0.0,0.0,3.374324858239555e-13,0.004,,,,,
-2,4,1,0,schwarzschild-overtone-continuation,ell4-uniform-40,33,33,52,0.6346153846153846,0x1.44ec4ec4ec4ecp-1,0.8889332915923719,-0.08958992744165387,17.663081359699742,0.04512198563980156,true,8.37932323682897e-14,1.3877787807814457e-17,1000,20,24,1.35003131207073e-13,0.0,0.0,2.876999822456047e-13,0.004,,,,,
-2,4,1,0,schwarzschild-overtone-continuation,ell4-uniform-40,34,17,26,0.6538461538461539,0x1.4ec4ec4ec4ec5p-1,0.8930096037534753,-0.08919121837460092,17.647322357554454,0.0470551108047649,true,8.648345192941086e-14,6.658807862121803e-16,1000,20,24,2.4869159349428928e-14,0.0,1.8429785809719355e-15,1.0569533108465073e-13,0.004,,,,,
-2,4,1,0,schwarzschild-overtone-continuation,ell4-uniform-40,35,35,52,0.6730769230769231,0x1.589d89d89d89ep-1,0.8972463046931216,-0.08875996356964114,17.63108441009329,0.04900462415229434,true,1.5876437691711877e-13,4.445768331151997e-16,1000,20,24,6.394994396368672e-14,0.0,8.18079994795577e-15,1.3322694799206105e-13,0.004,,,,,
-2,4,1,0,schwarzschild-overtone-continuation,ell4-uniform-40,36,9,13,0.6923076923076923,0x1.6276276276276p-1,0.9016539125058012,-0.08829267269880763,17.61434362804375,0.05096658780780579,true,1.8387921164151236e-13,7.632783294297951e-17,1000,20,24,4.618658093363418e-14,0.0,6.0596848366632925e-15,3.044756232665752e-13,0.004,,,,,
-2,4,1,0,schwarzschild-overtone-continuation,ell4-uniform-40,37,37,52,0.7115384615384616,0x1.6c4ec4ec4ec4fp-1,0.9062441528362871,-0.08778529698380014,17.59707369919354,0.052936339905517014,true,2.11723926232214e-14,3.394388883480595e-16,1000,20,24,1.3145043706665663e-13,0.0,3.1881782364686756e-15,1.5703750498954177e-13,0.004,,,,,
-2,4,1,0,schwarzschild-overtone-continuation,ell4-uniform-40,38,19,26,0.7307692307692307,0x1.7627627627627p-1,0.911030156940326,-0.08723310738102208,17.57924552003162,0.05490833025880906,true,4.0606852957822525e-14,1.8041124150158794e-16,1000,20,24,2.486965013644811e-14,0.0,2.4254387263195936e-15,2.869366198605744e-13,0.004,,,,,
-2,4,1,0,schwarzschild-overtone-continuation,ell4-uniform-40,39,3,4,0.75,0x1.8000000000000p-1,0.9160267033421454,-0.08663053786734698,17.56082674972022,0.05687590857589107,true,3.1051332361210874e-14,2.2247786310271853e-16,1000,20,24,5.329157976458336e-14,0.0,9.226380847435024e-16,2.048522441404127e-13,0.004,,KerrQNMEFs-2/l4/s-2l4m1n0.dat,751,3.8109375641211585e-15,4.9813453295896066e-14
-2,4,1,1,schwarzschild-overtone-continuation,ell4-uniform-40,0,0,1,0.0,0x0.0p+0,0.7966315320345032,-0.2843343494048433,18.0,0.0,true,1.1161491222267984e-13,8.512244083243195e-16,1000,20,24,0.0,0.0,5.074642299944954e-15,5.948972378527038e-14,0.004,0.1905838397194409,KerrQNMEFs-2/l4/s-2l4m1n1.dat,1,2.6927200104409418e-15,0.0
-2,4,1,1,schwarzschild-overtone-continuation,ell4-uniform-40,1,1,52,0.019230769230769232,0x1.3b13b13b13b14p-6,0.7980438186002653,-0.28429903202427,17.993787018650696,0.002247428608288369,true,2.2158227081821275e-13,7.114312260401321e-16,1000,20,24,3.552716881642389e-15,0.0,1.6014269617894045e-14,6.128842990921352e-13,0.004,0.1905546466056064,,,,
-2,4,1,1,schwarzschild-overtone-continuation,ell4-uniform-40,2,1,26,0.038461538461538464,0x1.3b13b13b13b14p-5,0.7995081916167214,-0.28424782449463193,17.987401996287574,0.004615302237723675,true,1.0480881692492569e-13,4.875529749534861e-16,1000,20,24,6.750156491253599e-14,1.8149684782055937e-15,4.412001715084738e-15,4.663376542470197e-13,0.004,0.1905144915978447,,,,
-2,4,1,1,schwarzschild-overtone-continuation,ell4-uniform-40,3,3,52,0.057692307692307696,0x1.d89d89d89d89ep-5,0.8010255801298515,-0.2841803935467338,17.980841876144382,0.007103555848636719,true,8.350766672679668e-14,8.539351410930558e-16,1000,20,24,7.460699066310968e-14,0.0,0.0,1.0246149589922806e-13,0.004,0.19046315212179027,,,,
-2,4,1,1,schwarzschild-overtone-continuation,ell4-uniform-40,4,1,13,0.07692307692307693,0x1.3b13b13b13b14p-4,0.802596976430913,-0.28409636162396606,17.974103415637003,0.009712110756997128,true,6.311849797478085e-14,1.2118257228641695e-16,1000,20,24,5.551115123125783e-17,0.0,0.0,5.415361558553841e-13,0.004,0.19040037581955666,,,,
-2,4,1,1,schwarzschild-overtone-continuation,ell4-uniform-40,5,5,52,0.09615384615384616,0x1.89d89d89d89d9p-4,0.804223439293784,-0.28399530457833294,17.96718317798601,0.012440871725188376,true,1.185452039554254e-13,2.996606141238032e-16,1000,20,24,5.68434316721799e-14,0.0,0.0,1.1226589278456794e-13,0.004,0.19032587900954603,,,,
-2,4,1,1,schwarzschild-overtone-continuation,ell4-uniform-40,6,3,26,0.11538461538461539,0x1.d89d89d89d89ep-4,0.8059060975137033,-0.28387674903625115,17.960077523045875,0.015289723682455311,true,4.679109454268685e-13,2.2982303784612184e-16,1000,20,24,3.197442988546737e-14,7.23776861244768e-15,1.0129226104955297e-14,1.3567924706541356e-13,0.004,0.19023934492530503,,,,
-2,4,1,1,schwarzschild-overtone-continuation,ell4-uniform-40,7,7,52,0.1346153846153846,0x1.13b13b13b13b1p-3,0.8076461537758785,-0.2837401694010741,17.952782597270556,0.018258528029539672,true,1.0353375872327545e-13,5.129621610332541e-16,1000,20,24,1.1368687350875242e-13,2.318213734067276e-15,1.1749102687011635e-14,5.824177078869267e-13,0.004,0.1901404217111949,,,,
-2,4,1,1,schwarzschild-overtone-continuation,ell4-uniform-40,8,2,13,0.15384615384615385,0x1.3b13b13b13b14p-3,0.8094448888859854,-0.28358498445382235,17.945294322740846,0.02134711847527744,true,1.6065966767932613e-13,1.5700924586837752e-16,1000,20,24,5.551115123125783e-17,0.0,5.030425302625293e-15,2.0392593923985532e-13,0.004,0.19002872014923103,,,,
-2,4,1,1,schwarzschild-overtone-continuation,ell4-uniform-40,9,9,52,0.17307692307692307,0x1.6276276276276p-3,0.8113036663987304,-0.2834105535073357,17.937608385163458,0.024555296343666315,true,1.050766122631463e-13,2.7755575615628914e-17,1000,20,24,7.460699887126146e-14,1.807312143953211e-15,7.556860060039144e-15,4.5775667985222375e-14,0.004,0.18990381108705068,,,,
-2,4,1,1,schwarzschild-overtone-continuation,ell4-uniform-40,10,5,26,0.19230769230769232,0x1.89d89d89d89d9p-3,0.8132239376846359,-0.2832161720613231,17.929720220747328,0.027882825280567784,true,7.611953329368443e-14,4.163336342344337e-16,1000,20,24,1.9539929006549155e-13,0.0,0.0,1.8312044280844527e-13,0.004,0.1897652225319769,,,,
-2,4,1,1,schwarzschild-overtone-continuation,ell4-uniform-40,11,11,52,0.21153846153846154,0x1.b13b13b13b13bp-3,0.8152072474806467,-0.28300106689744975,17.92162500184187,0.0313294252772074,true,7.081099581852423e-14,2.2591401799415137e-16,1000,20,24,7.460701952272535e-14,0.0,0.0,2.460831310539001e-13,0.004,0.18961243637040504,,,,
-2,4,1,1,schwarzschild-overtone-continuation,ell4-uniform-40,12,3,13,0.23076923076923078,0x1.d89d89d89d89ep-3,0.8172552399761313,-0.28276439054320013,17.91331762121587,0.03489476591384264,true,4.619629333924261e-13,4.1191555942998253e-16,1000,20,24,4.26326454606914e-14,0.0,8.412091796256955e-15,7.671892703741136e-13,0.004,0.18944488466497666,,,,
-2,4,1,1,schwarzschild-overtone-continuation,ell4-uniform-40,13,1,4,0.25,0x1.0000000000000p-2,0.8193696654919277,-0.28250521502122056,17.90479267482938,0.038578458710618324,true,1.1166437517467072e-13,4.449557262054371e-16,1000,20,24,9.947615943112002e-14,1.961830370053296e-15,3.3879997739887654e-15,2.6291431459696363e-14,0.004,0.18926194547377784,KerrQNMEFs-2/l4/s-2l4m1n1.dat,251,1.7798229048217483e-15,3.2069169247073836e-14
-2,4,1,1,schwarzschild-overtone-continuation,ell4-uniform-40,14,7,26,0.2692307692307692,0x1.13b13b13b13b1p-2,0.8215523878185634,-0.2822225247867972,17.896044442941715,0.04238004845322215,true,9.278064136983526e-14,4.695944831791985e-16,1000,20,24,9.23711071307718e-14,0.0,0.0,3.652198409662683e-13,0.004,0.1890629381265995,,,,
-2,4,1,1,schwarzschild-overtone-continuation,ell4-uniform-40,15,15,52,0.28846153846153844,0x1.2762762762762p-2,0.8238053922878225,-0.2819152087388454,17.88706686936857,0.04629900333759051,true,2.1776135271127764e-13,5.613217783960923e-16,1000,20,24,2.4869553335041473e-14,0.0,0.0,3.160530210638883e-14,0.004,0.18884711788160596,,,,
-2,4,1,1,schwarzschild-overtone-continuation,ell4-uniform-40,16,4,13,0.3076923076923077,0x1.3b13b13b13b14p-2,0.8261307946625358,-0.28158205116984136,17.87785353867796,0.05033470374995504,true,6.076075243472826e-14,3.945418707248932e-16,1000,20,24,3.55629651562559e-15,0.0,0.0,4.048732367995342e-13,0.004,0.18861366987260555,,,,
-2,4,1,1,schwarzschild-overtone-continuation,ell4-uniform-40,17,17,52,0.3269230769230769,0x1.4ec4ec4ec4ec5p-2,0.8285308509408188,-0.2812217214954727,17.868397651087534,0.054486429465065184,true,3.867902297295779e-13,5.775561153410717e-16,1000,20,24,1.249000902703301e-16,0.0,0.0,2.081542342093095e-13,0.004,0.18836170224054086,,,,
-2,4,1,1,schwarzschild-overtone-continuation,ell4-uniform-40,18,9,26,0.34615384615384615,0x1.6276276276276p-2,0.831007968184702,-0.28083276257561757,17.858691994786046,0.0587533450045569,true,9.626088202355259e-14,5.593023969348752e-16,1000,20,24,4.618568648341741e-14,0.0,5.7152228177742574e-15,3.278232737925556e-13,0.004,0.18809023832342087,,,,
-2,4,1,1,schwarzschild-overtone-continuation,ell4-uniform-40,19,19,52,0.36538461538461536,0x1.7627627627627p-2,0.8335647164983139,-0.2804135774023355,17.848728915365875,0.06313448284798825,true,1.2415450893148653e-13,6.369057972232327e-16,1000,20,24,1.4223378508051322e-14,0.0,0.0,1.6701533345359336e-13,0.004,0.1877982077550375,,,,
-2,4,1,1,schwarzschild-overtone-continuation,ell4-uniform-40,20,5,13,0.38461538461538464,0x1.89d89d89d89d9p-2,0.8362038422993646,-0.27996241388741194,17.838500282003032,0.06762872412871897,true,2.168847318679296e-13,1.0408340855860843e-16,1000,20,24,3.1974787519524794e-14,3.923660740106592e-15,3.886177074183181e-15,3.4928145700517196e-13,0.004,0.1874844362939199,,,,
-2,4,1,1,schwarzschild-overtone-continuation,ell4-uniform-40,21,21,52,0.40384615384615385,0x1.9d89d89d89d8ap-2,0.8389282830479644,-0.2794773474284782,17.827997449967285,0.07223477637254441,true,1.1558610768956214e-13,4.85722573273506e-17,1000,20,24,1.101350762130268e-13,0.0,0.0,4.2601836901991413e-13,0.004,0.18714763416857058,,,,
-2,4,1,1,schwarzschild-overtone-continuation,ell4-uniform-40,22,11,26,0.4230769230769231,0x1.b13b13b13b13bp-2,0.8417411836211535,-0.27895626086731473,17.81721121897769,0.07695114774536989,true,9.208080269275318e-14,2.3714374201337736e-16,1000,20,24,4.9739015676500384e-14,0.0,0.0,1.655690601279613e-13,0.004,0.18678638268130454,,,,
-2,4,1,1,schwarzschild-overtone-continuation,ell4-uniform-40,23,23,52,0.4423076923076923,0x1.c4ec4ec4ec4ecp-2,0.8446459145496799,-0.27839682137287075,17.8061317868453,0.08177611716293495,true,1.2745360322696797e-13,8.326672684688674e-17,1000,20,24,3.9080836092714983e-14,0.0,0.0,6.833781207288092e-14,0.004,0.1863991187592827,,,,
-2,4,1,1,schwarzschild-overtone-continuation,ell4-uniform-40,24,6,13,0.46153846153846156,0x1.d89d89d89d89ep-2,0.8476460923651735,-0.2777964536801719,17.79474869774791,0.08670769947342288,true,8.382941106160223e-14,4.449557262054371e-16,1000,20,24,2.4158569248414343e-13,0.0,1.0610038471436717e-14,4.5133798182006736e-13,0.004,0.185984117073868,,,,
-2,4,1,1,schwarzschild-overtone-continuation,ell4-uniform-40,25,25,52,0.4807692307692308,0x1.ec4ec4ec4ec4fp-2,0.8507456023432559,-0.277152308989762,17.783050784381793,0.09174360474606902,true,2.996532872117068e-14,4.163336342344337e-17,1000,20,24,3.5580223032530555e-15,0.0,2.532306526238824e-15,3.4012015315948285e-13,0.004,0.1855394692658094,,,,
-2,4,1,1,schwarzschild-overtone-continuation,ell4-uniform-40,26,1,2,0.5,0x1.0000000000000p-1,0.8539486239706134,-0.2764612286724999,17.771026103096293,0.09688119047403163,true,1.3790596766744526e-13,2.396682302503803e-16,1000,20,24,1.0302893595714027e-13,0.0,0.0,1.0206808673417459e-13,0.004,0.18506305970745765,KerrQNMEFs-2/l4/s-2l4m1n1.dat,501,7.9318811564021e-15,2.880392613397916e-14
-2,4,1,1,schwarzschild-overtone-continuation,ell4-uniform-40,27,27,52,0.5192307692307693,0x1.09d89d89d89d9p-1,0.8572596595116234,-0.27571970172133176,17.758661860978016,0.10211740521322726,true,3.5435118910632313e-13,6.78877776696119e-16,1000,20,24,5.329317891254967e-14,0.0,0.0,2.587638128687738e-13,0.004,0.18455253709918473,,,,
-2,4,1,1,schwarzschild-overtone-continuation,ell4-uniform-40,28,7,13,0.5384615384615384,0x1.13b13b13b13b1p-1,0.8606835661046096,-0.27492381463216026,17.745944333657267,0.10744872181249547,true,8.252415521998996e-14,4.577566798522237e-16,1000,20,24,3.5529576159146815e-15,1.7527816313752602e-15,4.6922522443102824e-15,1.1321749356409645e-13,0.004,0.1840052810256606,,,,
-2,4,1,1,schwarzschild-overtone-continuation,ell4-uniform-40,29,29,52,0.5576923076923077,0x1.1d89d89d89d8ap-1,0.8642255918764408,-0.27406919206090696,17.73285877240083,0.11287105791621406,true,1.6539208188254904e-13,8.326672684688674e-17,1000,20,24,2.131867170114876e-14,0.0,0.0,3.05228558471519e-14,0.004,0.18341836237690348,,,,
-2,4,1,1,schwarzschild-overtone-continuation,ell4-uniform-40,30,15,26,0.5769230769230769,0x1.2762762762762p-1,0.8678914166275772,-0.27315092616887504,17.719389298799218,0.11837968080409529,true,4.91175514800174e-14,4.85722573273506e-17,1000,20,24,2.0961283085978658e-13,0.0,0.0,3.447485444750048e-13,0.004,0.18278849625289784,,,,
-2,4,1,1,schwarzschild-overtone-continuation,ell4-uniform-40,31,31,52,0.5961538461538461,0x1.313b13b13b13bp-1,0.8716871977023326,-0.27216349199792605,17.705518785046387,0.12396909282202877,true,4.607968593141815e-13,5.623929632534478e-16,1000,20,24,1.7763834021548732e-14,1.3358825150097473e-14,1.5340072500643862e-14,5.672090208705631e-13,0.004,0.18211198559699618,,,,
-2,4,1,1,schwarzschild-overtone-continuation,ell4-uniform-40,32,8,13,0.6153846153846154,0x1.3b13b13b13b14p-1,0.8756196217160758,-0.27110064546238105,17.691228717462717,0.12963289258379823,true,4.376748688582023e-13,2.618455766672135e-16,1000,20,24,6.394914136165266e-14,0.0,0.0,3.433932557759934e-13,0.004,0.18138465330974585,,,,
-2,4,1,1,schwarzschild-overtone-continuation,ell4-uniform-40,33,33,52,0.6346153846153846,0x1.44ec4ec4ec4ecp-1,0.8796959628473507,-0.2699552995360314,17.67649904048714,0.13536360568438266,true,3.3698851682512266e-13,4.002966042486721e-16,1000,20,24,7.139228279039799e-15,0.0,1.1546319456101628e-14,4.661143083940189e-13,0.004,0.1806017599390628,,,,
-2,4,1,1,schwarzschild-overtone-continuation,ell4-uniform-40,34,17,26,0.6538461538461539,0x1.4ec4ec4ec4ec5p-1,0.8839241483982513,-0.2687193728517441,17.661307977902535,0.14115247671836467,true,9.422484721404143e-13,2.3263411494723067e-16,1000,20,24,7.105852352142588e-14,1.938293289467355e-14,1.9688937520703697e-14,7.614627924771857e-13,0.004,0.179757903161393,,,,
-2,4,1,1,schwarzschild-overtone-continuation,ell4-uniform-40,35,35,52,0.6730769230769231,0x1.589d89d89d89ep-1,0.8883128322359628,-0.2673836030727027,17.645631827534835,0.1469892117306585,true,5.0867118742119833e-14,3.189627710442956e-16,1000,20,24,3.5528969042428736e-14,0.0,0.0,3.4724965045869993e-13,0.004,0.17884689407273058,,,,
-2,4,1,1,schwarzschild-overtone-continuation,ell4-uniform-40,36,9,13,0.6923076923076923,0x1.6276276276276p-1,0.8928714764835427,-0.2659373148282441,17.62944472514427,0.15286165653233177,true,4.222352005457961e-14,1.1796119636642288e-16,1000,20,24,1.1657341758564144e-15,0.0,0.0,1.2534649037482818e-13,0.004,0.17786160366920292,,,,
-2,4,1,1,schwarzschild-overtone-continuation,ell4-uniform-40,37,37,52,0.7115384615384616,0x1.6c4ec4ec4ec4fp-1,0.897610441296449,-0.2643681284178356,17.612718372764924,0.15875539112633563,true,3.678141904041875e-13,1.2738115944464653e-16,1000,20,24,3.2030078569862574e-14,0.0,0.0,7.177274407543498e-13,0.004,0.1767937706261567,,,,
-2,4,1,1,schwarzschild-overtone-continuation,ell4-uniform-40,38,19,26,0.7307692307692307,0x1.7627627627627p-1,0.9025410815135169,-0.26266159039950615,17.5954217265332,0.16465321310110656,true,3.0484710748104746e-13,3.945418707248932e-16,1000,20,24,4.263459697621412e-14,6.823357007191899e-15,1.055237637466573e-14,5.764818489349928e-13,0.004,0.17563375830337574,,,,
-2,4,1,1,schwarzschild-overtone-continuation,ell4-uniform-40,39,3,4,0.75,0x1.8000000000000p-1,0.9076758469889177,-0.2608006998678831,17.577520639407354,0.17053447217266796,true,1.0089722484725315e-13,3.888257972851056e-16,1000,20,24,2.8434730426310334e-14,2.3551386880256627e-15,1.4254156828833717e-14,2.1243066653185452e-13,0.004,0.17437024440289475,KerrQNMEFs-2/l4/s-2l4m1n1.dat,751,1.0530891150785083e-14,4.656211865858745e-14
-2,4,1,2,schwarzschild-overtone-continuation,ell4-uniform-40,0,0,1,0.0,0x0.0p+0,0.7727095326067136,-0.47990817512116046,18.0,0.0,true,1.3622757722034222e-13,3.3335590258932494e-16,1000,20,24,0.0,0.0,0.0,2.7160257909126575e-13,0.004,0.19703142734584136,KerrQNMEFs-2/l4/s-2l4m1n2.dat,1,5.055173512955352e-15,0.0
-2,4,1,2,schwarzschild-overtone-continuation,ell4-uniform-40,1,1,52,0.019230769230769232,0x1.3b13b13b13b14p-6,0.7742082775205992,-0.47982173195935124,17.993995274757747,0.003790025166490187,true,1.6011864169946884e-13,4.545902364027965e-16,1000,20,24,4.618527789770744e-14,3.37661150723213e-15,3.5060027491513885e-15,5.841081590836475e-14,0.004,0.19697019878261857,,,,
-2,4,1,2,schwarzschild-overtone-continuation,ell4-uniform-40,2,1,26,0.038461538461538464,0x1.3b13b13b13b14p-5,0.7757653058645131,-0.47970691792777914,17.9878666684199,0.007776883727965122,true,1.457722408551724e-13,2.514331927660129e-16,1000,20,24,3.907986159373673e-14,2.9083817348740073e-15,4.95543914935044e-15,1.3058639357973942e-13,0.004,0.19689586544554508,,,,
-2,4,1,2,schwarzschild-overtone-continuation,ell4-uniform-40,3,3,52,0.057692307692307696,0x1.d89d89d89d89ep-5,0.7773815797981068,-0.47956316559404677,17.9816106064476,0.011960546245414323,true,3.0216868900318045e-13,6.581349743728024e-16,1000,20,24,1.776357381501254e-14,3.84752750796379e-15,1.524132429194428e-14,7.253155590651116e-13,0.004,0.19680819689377727,,,,
-2,4,1,2,schwarzschild-overtone-continuation,ell4-uniform-40,4,1,13,0.07692307692307693,0x1.3b13b13b13b14p-4,0.7790581255561728,-0.47938983009821035,17.975223280190747,0.016340968780871656,true,9.393300391713776e-14,4.561234287365988e-16,1000,20,24,1.7763609390349844e-14,0.0,0.0,2.8925859004058394e-13,0.004,0.1967069300487502,,,,
-2,4,1,2,schwarzschild-overtone-continuation,ell4-uniform-40,5,5,52,0.09615384615384616,0x1.89d89d89d89d9p-4,0.7807960366535116,-0.47918618523179696,17.968700637098436,0.020918087734730997,true,1.0429574786199355e-13,6.403362282114315e-16,1000,20,24,8.526515941966715e-14,0.0,4.849527372528318e-15,1.4260727238327532e-13,0.004,0.19659176759148456,,,,
-2,4,1,2,schwarzschild-overtone-continuation,ell4-uniform-40,6,3,26,0.11538461538461539,0x1.d89d89d89d89ep-4,0.7825964773428369,-0.4789514189425417,17.96203836993484,0.025691814029495205,true,1.4744831822673017e-13,2.514331927660129e-16,1000,20,24,6.394885562988552e-14,1.9523832989275485e-15,7.16244446698569e-15,2.2407634358943868e-13,0.004,0.1964623761221427,,,,
-2,4,1,2,schwarzschild-overtone-continuation,ell4-uniform-40,7,7,52,0.1346153846153846,0x1.13b13b13b13b1p-3,0.7844606863494089,-0.4786846282081161,17.955231904922428,0.03066202655981471,true,8.821181309269218e-14,2.3592239273284576e-16,1000,20,24,1.776403222318884e-14,0.0,5.2171623242943025e-15,2.6752311445045466e-13,0.004,0.1963183840585348,,,,
-2,4,1,2,schwarzschild-overtone-continuation,ell4-uniform-40,8,2,13,0.15384615384615385,0x1.3b13b13b13b14p-3,0.786389980908123,-0.47838481321241205,17.94827638872615,0.03582856481503235,true,1.638298002172978e-13,0.0,1000,20,24,4.973803070871655e-14,6.281596349703289e-15,8.188600426433445e-15,1.9000584024560825e-13,0.004,0.1961593792461721,,,,
-2,4,1,2,schwarzschild-overtone-continuation,ell4-uniform-40,9,9,52,0.17307692307692307,0x1.6276276276276p-3,0.7883857611307383,-0.4780508707469333,17.941166674177655,0.04119122056531529,true,3.6880265356719824e-13,4.454424009010536e-16,1000,20,24,1.7763580591272757e-14,0.0,5.663225774935321e-15,1.7554729067251032e-13,0.004,0.19598490624791456,,,,
-2,4,1,2,schwarzschild-overtone-continuation,ell4-uniform-40,10,5,26,0.19230769230769232,0x1.89d89d89d89d9p-3,0.7904495147336992,-0.47768158674683303,17.933897304629845,0.04674972848446969,true,2.435682563805082e-13,4.819909745438293e-16,1000,20,24,7.105644194726877e-15,0.0,6.558778181783045e-15,4.0655293911805297e-13,0.004,0.19579446327604744,,,,
-2,4,1,2,schwarzschild-overtone-continuation,ell4-uniform-40,11,11,52,0.21153846153846154,0x1.b13b13b13b13bp-3,0.7925828221590786,-0.47727562785625516,17.926462496814835,0.05250375556113146,true,8.400214757493972e-14,3.888257972851056e-16,1000,20,24,2.498001805406602e-16,0.0,0.0,2.052979796397135e-13,0.004,0.19558749872337908,,,,
-2,4,1,2,schwarzschild-overtone-continuation,ell4-uniform-40,12,3,13,0.23076923076923078,0x1.d89d89d89d89ep-3,0.7947873621245497,-0.47683153189970345,17.918856122063772,0.05845288912528962,true,1.23507907942199e-13,3.48951172420846e-16,1000,20,24,1.847412619391165e-13,0.0,1.926964694222131e-15,1.6950949711379046e-13,0.004,0.19536340724260168,,,,
-2,4,1,2,schwarzschild-overtone-continuation,ell4-uniform-40,13,1,4,0.25,0x1.0000000000000p-2,0.7970649176407547,-0.47634769711553526,17.911071685729205,0.0645966232873069,true,3.556674966573777e-13,2.618455766672135e-16,1000,20,24,3.554447978966673e-15,4.265337574760008e-15,5.546950224360272e-15,7.996072558960619e-14,0.004,0.1951215253148384,KerrQNMEFs-2/l4/s-2l4m1n2.dat,251,2.494915946531976e-15,8.327979407173871e-15
-2,4,1,2,schwarzschild-overtone-continuation,ell4-uniform-40,14,7,26,0.2692307692307692,0x1.13b13b13b13b1p-2,0.799417382538107,-0.475822369982749,17.903102304627893,0.07093434355142315,true,4.3965459775614196e-13,4.440892098500626e-16,1000,20,24,2.8424758585453476e-14,0.0,0.0,6.27738595022264e-13,0.004,0.19486112623779617,,,,
-2,4,1,2,schwarzschild-overtone-continuation,ell4-uniform-40,15,15,52,0.28846153846153844,0x1.2762762762762p-2,0.8018467685479007,-0.4752536314429036,17.894940682302586,0.07746530932334242,true,6.531584628124504e-14,2.220446049250313e-16,1000,20,24,1.172395645422603e-13,0.0,8.671119018262734e-16,2.294871543955233e-13,0.004,0.1945814144522661,,,,
-2,4,1,2,schwarzschild-overtone-continuation,ell4-uniform-40,16,4,13,0.3076923076923077,0x1.3b13b13b13b14p-2,0.8043552129860415,-0.4746393812837302,17.88657908186953,0.08418863398119796,true,1.056932319443149e-13,5.428769931944591e-16,1000,20,24,1.0658193077978728e-13,0.0,4.540052052213714e-15,4.13899720321627e-13,0.004,0.1942815191109353,,,,
-2,4,1,2,schwarzschild-overtone-continuation,ell4-uniform-40,17,17,52,0.3269230769230769,0x1.4ec4ec4ec4ec5p-2,0.8069449870907169,-0.4739773204087604,17.87800929619476,0.09110326211762301,true,2.6669618418407737e-13,4.579669976578771e-16,1000,20,24,2.487225201708917e-14,0.0,1.5100665727558131e-15,1.8987916897917244e-13,0.004,0.19396048677649624,,,,
-2,4,1,2,schwarzschild-overtone-continuation,ell4-uniform-40,18,9,26,0.34615384615384615,0x1.6276276276276p-2,0.8096185050677487,-0.47326493066620995,17.869222615100053,0.09820794348711424,true,7.876795680708785e-14,6.804363002006077e-16,1000,20,24,6.039950622743692e-14,0.0,5.016930660992626e-15,2.142333481644687e-13,0.004,0.19361727311497162,,,,
-2,4,1,2,schwarzschild-overtone-continuation,ell4-uniform-40,19,19,52,0.36538461538461536,0x1.7627627627627p-2,0.8123783338996239,-0.4724994518484145,17.86020978926979,0.10550120310232118,true,2.574492051971989e-13,2.3714374201337736e-16,1000,20,24,4.9738022480402295e-14,0.0,8.028417193618957e-15,3.3794342696901437e-13,0.004,0.19325073342508406,,,,
-2,4,1,2,schwarzschild-overtone-continuation,ell4-uniform-40,20,5,13,0.38461538461538464,0x1.89d89d89d89d9p-2,0.8152272039741794,-0.4716778553978449,17.850960990476356,0.11298130681303102,true,1.599929608248957e-13,2.9504581591051765e-16,1000,20,24,3.197790441332894e-14,0.0,0.0,4.024340242100234e-14,0.004,0.19285961181379027,,,,
-2,4,1,2,schwarzschild-overtone-continuation,ell4-uniform-40,21,21,52,0.40384615384615385,0x1.9d89d89d89d8ap-2,0.8181680205877682,-0.47079681426327447,17.841465767699102,0.12064622156604919,true,4.16308468418619e-14,2.2729511820139823e-16,1000,20,24,2.131933569020253e-14,0.0,5.637320713454655e-15,4.981002453725105e-13,0.004,0.1924425287907196,,,,
-2,4,1,2,schwarzschild-overtone-continuation,ell4-uniform-40,22,11,26,0.4230769230769231,0x1.b13b13b13b13bp-2,0.8212038763729101,-0.4698526682359612,17.83171299865082,0.12849356937694636,true,6.395501382668091e-14,2.420669712248692e-16,1000,20,24,1.4210963135005664e-13,0.0,0.0,5.041044390056302e-13,0.004,0.19199796700815605,,,,
-2,4,1,2,schwarzschild-overtone-continuation,ell4-uniform-40,23,23,52,0.4423076923076923,0x1.c4ec4ec4ec4ecp-2,0.8243380646908461,-0.4688413839551647,17.821690836163437,0.13652057383654198,true,1.255728499097747e-13,7.164218939837045e-16,1000,20,24,3.197447129593142e-14,0.0,0.0,5.0657324491962184e-14,0.004,0.19152425481659033,,,,
-2,4,1,2,schwarzschild-overtone-continuation,ell4-uniform-40,24,6,13,0.46153846153846156,0x1.d89d89d89d89ep-2,0.8275740940127154,-0.46775850859709556,17.81138664881327,0.1447239977155058,true,7.189418907804102e-13,2.3263411494723067e-16,1000,20,24,1.0659118219163544e-13,7.327682229021407e-15,7.497910738908618e-15,1.720133565541633e-13,0.004,0.1910195472356727,,,,
-2,4,1,2,schwarzschild-overtone-continuation,ell4-uniform-40,25,25,52,0.4807692307692308,0x1.ec4ec4ec4ec4fp-2,0.8309157032861229,-0.4665991160420379,17.80078695509074,0.1531000699037938,true,1.509903313490213e-13,2.706168622523819e-16,1000,20,24,2.557963260196239e-13,0.0,5.931386640585026e-15,4.4490203741322133e-13,0.004,0.19048180385254215,,,,
-2,4,1,2,schwarzschild-overtone-continuation,ell4-uniform-40,26,1,2,0.5,0x1.0000000000000p-1,0.8343668782405111,-0.4653577440383564,17.78987735032896,0.1616443995083114,true,2.3045620070634816e-13,4.535829210951031e-16,1000,20,24,2.060581410947086e-13,0.0,7.053412105031938e-15,2.371502909884818e-13,0.004,0.18990876305005422,KerrQNMEFs-2/l4/s-2l4m1n2.dat,501,9.570644082560846e-15,1.24376574590543e-13
-2,4,1,2,schwarzschild-overtone-continuation,ell4-uniform-40,27,27,52,0.5192307692307693,0x1.09d89d89d89d9p-1,0.8379318685195914,-0.46402832053142606,17.778642425529103,0.17035187440623517,true,4.746306141022291e-13,3.775166431889533e-16,1000,20,24,7.816208614199565e-14,0.0,0.0,1.6207735234714224e-14,0.004,0.18929791182893982,,,,
-2,4,1,2,schwarzschild-overtone-continuation,ell4-uniform-40,28,7,13,0.5384615384615384,0x1.13b13b13b13b1p-1,0.8416152054287157,-0.46260407687825245,17.767065677114356,0.17921654087569577,true,5.47293783732666e-14,2.118352371637509e-16,1000,20,24,8.604228440844963e-16,0.0,0.0,3.4986564412833387e-13,0.004,0.1886464503128217,,,,
-2,4,1,2,schwarzschild-overtone-continuation,ell4-uniform-40,29,29,52,0.5576923076923077,0x1.1d89d89d89d8ap-1,0.8454217199353032,-0.46107744509337123,17.755129406589976,0.18823146005325292,true,1.174848894907428e-13,2.177751704867561e-16,1000,20,24,8.526773033672253e-14,2.059905059335007e-15,1.2397269499773425e-14,6.084612104273406e-13,0.004,0.18795124980226358,,,,
-2,4,1,2,schwarzschild-overtone-continuation,ell4-uniform-40,30,15,26,0.5769230769230769,0x1.2762762762762p-1,0.8493565603355936,-0.4594399355256638,17.74281460900741,0.19738853582973417,true,3.990481954951224e-13,3.908020529499657e-16,1000,20,24,4.9738115411872385e-14,0.0,0.0,1.2363558452350014e-13,0.004,0.18720880295781558,,,,
-2,4,1,2,schwarzschild-overtone-continuation,ell4-uniform-40,31,31,52,0.5961538461538461,0x1.313b13b13b13bp-1,0.8534252086634204,-0.45768199039263613,17.73010084914056,0.20667830730175168,true,5.552358433678174e-14,5.900916318210353e-16,1000,20,24,9.947697427203281e-14,0.0,1.0663343936900019e-14,2.9640152039531383e-13,0.004,0.1864151643249159,,,,
-2,4,1,2,schwarzschild-overtone-continuation,ell4-uniform-40,32,8,13,0.6153846153846154,0x1.3b13b13b13b14p-1,0.8576334944099843,-0.45579280731650346,17.71696612435261,0.2160896969145372,true,1.7241645615296878e-13,1.5218182408308987e-16,1000,20,24,5.684700339122105e-14,0.0,0.0,5.429037360347066e-13,0.004,0.18556587893742826,,,,
-2,4,1,2,schwarzschild-overtone-continuation,ell4-uniform-40,33,33,52,0.6346153846153846,0x1.44ec4ec4ec4ecp-1,0.8619876033575541,-0.4537601253048884,17.703386713379974,0.22560970277966666,true,2.347296102437048e-13,1.5265566588595902e-16,1000,20,24,3.200102318466227e-14,0.0,1.598730792783822e-14,1.1133733647102365e-12,0.004,0.1846558961196196,,,,
-2,4,1,2,schwarzschild-overtone-continuation,ell4-uniform-40,34,17,26,0.6538461538461539,0x1.4ec4ec4ec4ec5p-1,0.8664940781646069,-0.45156996333916005,17.689337010772828,0.23522302006609846,true,4.209366052548791e-13,5.509761405760127e-16,1000,20,24,7.956560690145206e-15,8.614965834923927e-15,1.4556734393443513e-14,1.902962423543107e-13,0.004,0.1836794648019927,,,,
-2,4,1,2,schwarzschild-overtone-continuation,ell4-uniform-40,35,35,52,0.6730769230769231,0x1.589d89d89d89ep-1,0.8711598055498148,-0.44920629865410344,17.674789347729096,0.2449115714664893,true,4.451537480371452e-14,6.919785635576268e-16,1000,20,24,4.263867138040506e-14,6.295316991512245e-15,1.6476622377199303e-14,4.0701932927188923e-13,0.004,0.1826300056206056,,,,
-2,4,1,2,schwarzschild-overtone-continuation,ell4-uniform-40,36,9,13,0.6923076923076923,0x1.6276276276276p-1,0.8759919821438137,-0.44665066759501654,17.659713801868094,0.25465391997942477,true,4.4657006807529883e-13,6.834017936133214e-16,1000,20,24,1.84744789208385e-13,1.0069422934021005e-14,1.3334236103572998e-14,1.4601826100290848e-13,0.004,0.1814999537117651,,,,
-2,4,1,2,schwarzschild-overtone-continuation,ell4-uniform-40,37,37,52,0.7115384615384616,0x1.6c4ec4ec4ec4fp-1,0.8809980467077035,-0.44388166616944125,17.644078001708316,0.2644245278077611,true,7.998045436503337e-14,4.767681634571498e-16,1000,20,24,7.818816098729415e-14,0.0,1.837050112411556e-14,4.219782314658102e-13,0.004,0.18028056437139675,,,,
-2,4,1,2,schwarzschild-overtone-continuation,ell4-uniform-40,38,19,26,0.7307692307692307,0x1.7627627627627p-1,0.8861855594401763,-0.4408743194265382,17.627846937260287,0.274192811843692,true,3.1455187018573803e-13,8.083736946057739e-16,1000,20,24,1.075541985139004e-14,0.0,0.0,6.824540119616012e-14,0.004,0.17896167156560056,,,,
-2,4,1,2,schwarzschild-overtone-continuation,ell4-uniform-40,39,3,4,0.75,0x1.8000000000000p-1,0.8915619977701787,-0.4375992776851142,17.61098279808014,0.28392192718127696,true,3.0654381584029214e-13,2.7755575615628914e-17,1000,20,24,4.978038123320551e-14,0.0,0.0,1.7672741994243648e-13,0.004,0.17753138667525742,KerrQNMEFs-2/l4/s-2l4m1n2.dat,751,4.157040317942297e-15,7.833001110030513e-14
-2,4,2,0,schwarzschild-overtone-continuation,ell4-uniform-40,0,0,1,0.0,0x0.0p+0,0.8091783775322383,-0.0941639609889252,18.0,0.0,true,7.499488734293678e-14,2.237726045655905e-16,1000,20,24,0.0,1.4988010832439613e-15,4.289673373771929e-15,2.020270370000919e-13,0.004,,KerrQNMEFs-2/l4/s-2l4m2n0.dat,1,2.092556886098636e-15,0.0
-2,4,2,0,schwarzschild-overtone-continuation,ell4-uniform-40,1,1,52,0.019230769230769232,0x1.3b13b13b13b14p-6,0.8118937884195649,-0.09414830315449534,17.987422709926616,0.0014687896312303875,true,8.9428585234983e-14,2.7755575615628914e-16,1000,20,24,9.237055570607938e-14,0.0,5.332033180602347e-15,1.388489141711338e-13,0.004,,,,,
-2,4,2,0,schwarzschild-overtone-continuation,ell4-uniform-40,2,1,26,0.038461538461538464,0x1.3b13b13b13b14p-5,0.8146708854447249,-0.09412737674356667,17.974584584821795,0.002977812188186244,true,2.2183945195921934e-13,3.447170978769293e-16,1000,20,24,3.5527138442366197e-14,4.442279660508709e-15,7.772403706679521e-15,8.173654633220534e-14,0.004,,,,,
-2,4,2,0,schwarzschild-overtone-continuation,ell4-uniform-40,3,3,52,0.057692307692307696,0x1.d89d89d89d89ep-5,0.8175115180741628,-0.09410098836429909,17.961479331302755,0.004527068555297988,true,1.2403054669199418e-13,2.9504581591051765e-16,1000,20,24,7.105436304380875e-15,0.0,3.420135685938544e-15,2.0229031266334719e-13,0.004,,,,,
-2,4,2,0,schwarzschild-overtone-continuation,ell4-uniform-40,4,1,13,0.07692307692307693,0x1.3b13b13b13b14p-4,0.8204176378493032,-0.09406892800225815,17.948100352580237,0.00611654685201704,true,8.846297188665291e-14,3.608224830031759e-16,1000,20,24,2.131628505506463e-14,0.0,5.4163211947671766e-15,2.290764359148126e-13,0.004,,,,,
-2,4,2,0,schwarzschild-overtone-continuation,ell4-uniform-40,5,5,52,0.09615384615384616,0x1.89d89d89d89d9p-4,0.8233913055067472,-0.09403096774546553,17.93444072907891,0.0077462206088276956,true,7.6541000884692e-14,4.673848563465896e-16,1000,20,24,6.750157020091873e-14,0.0,0.0,8.764773077649254e-14,0.004,,,,,
-2,4,2,0,schwarzschild-overtone-continuation,ell4-uniform-40,6,3,26,0.11538461538461539,0x1.d89d89d89d89ep-4,0.8264346987666976,-0.09398686036299421,17.92049319735186,0.009416046720508251,true,7.46548832910013e-14,1.3183898417423734e-16,1000,20,24,8.881784198695318e-14,8.083736946057739e-16,5.4584887290020794e-15,3.706184541261984e-13,0.004,,,,,
-2,4,2,0,schwarzschild-overtone-continuation,ell4-uniform-40,7,7,52,0.1346153846153846,0x1.13b13b13b13b1p-3,0.8295501208660613,-0.09393633771856574,17.906250127104226,0.01112596314608573,true,2.770579297884507e-14,2.3479724158959924e-16,1000,20,24,6.039613263925944e-14,0.0,2.1544120232613907e-15,4.318467880798754e-14,0.004,,,,,
-2,4,2,0,schwarzschild-overtone-continuation,ell4-uniform-40,8,2,13,0.15384615384615385,0x1.3b13b13b13b14p-3,0.8327400099232132,-0.09387910899802752,17.891703496116513,0.012875886319837599,true,1.790180836524724e-14,1.3877787807814457e-17,1000,20,24,4.618527795471927e-14,0.0,3.5941327070641825e-15,2.1193445101087399e-13,0.004,,,,,
-2,4,2,0,schwarzschild-overtone-continuation,ell4-uniform-40,9,9,52,0.17307692307692307,0x1.6276276276276p-3,0.8360069492336256,-0.09381485872594486,17.876844862825237,0.014665708232254833,true,9.243885181758805e-14,2.6558837364083264e-16,1000,20,24,7.105427613828464e-14,0.0,0.0,2.7764953195572654e-13,0.004,,,,,
-2,4,2,0,schwarzschild-overtone-continuation,ell4-uniform-40,10,5,26,0.19230769230769232,0x1.89d89d89d89d9p-3,0.8393536786101252,-0.09374324454269073,17.861665336292948,0.016495293132762445,true,7.716553199346521e-14,4.695944831791985e-16,1000,20,24,4.9737995859376266e-14,0.0,6.72218038281991e-15,5.415096157774051e-13,0.004,,,,,
-2,4,2,0,schwarzschild-overtone-continuation,ell4-uniform-40,11,11,52,0.21153846153846154,0x1.b13b13b13b13bp-3,0.8427831068980629,-0.09366389470866575,17.846155543251946,0.01836447379809203,true,9.139610563577255e-14,4.460365043975677e-16,1000,20,24,3.555032098536221e-15,0.0,0.0,7.582652577765858e-14,0.004,,,,,
-2,4,2,0,schwarzschild-overtone-continuation,ell4-uniform-40,12,3,13,0.23076923076923078,0x1.d89d89d89d89ep-3,0.8462983258156387,-0.09357640529658343,17.830305591868502,0.020273047300429566,true,9.368072144568357e-15,4.295954340084481e-16,1000,20,24,1.4566128665499347e-13,0.0,1.5765191382383304e-15,1.9435689966272912e-13,0.004,,,,,
-2,4,2,0,schwarzschild-overtone-continuation,ell4-uniform-40,13,1,4,0.25,0x1.0000000000000p-2,0.8499026252926403,-0.09348033702603357,17.814105031815323,0.022220770197828293,true,7.551116425234118e-14,4.710277376051325e-16,1000,20,24,7.105800889312476e-15,0.0,0.0,1.246617817651181e-14,0.004,,KerrQNMEFs-2/l4/s-2l4m2n0.dat,251,1.5935302418449956e-15,3.8510861166685117e-16
-2,4,2,0,schwarzschild-overtone-continuation,ell4-uniform-40,14,7,26,0.2692307692307692,0x1.13b13b13b13b1p-2,0.8535995105084823,-0.0933752116864581,17.797542810181664,0.024207353055526244,true,1.4046984666572812e-13,6.938893903907228e-17,1000,20,24,7.460700088800624e-14,0.0,3.1448732952873907e-15,8.572647311676217e-14,0.004,,,,,
-2,4,2,0,schwarzschild-overtone-continuation,ell4-uniform-40,15,15,52,0.28846153846153844,0x1.2762762762762p-2,0.8573927208629033,-0.09326050808490607,17.780607222672792,0.026232454189774046,true,1.220496201431817e-13,7.478891656513437e-16,1000,20,24,7.460699887126146e-14,2.4588761405192513e-15,3.504244472837621e-15,5.727588827917167e-14,0.004,,,,,
-2,4,2,0,schwarzschild-overtone-continuation,ell4-uniform-40,16,4,13,0.3076923076923077,0x1.3b13b13b13b14p-2,0.8612862511515925,-0.09313565744304791,17.76328585946557,0.02829567250546411,true,2.869878200999674e-14,1.3092278833360675e-16,1000,20,24,1.6697754650801901e-13,0.0,1.900395703982448e-15,1.043760811504651e-13,0.004,,,,,
-2,4,2,0,schwarzschild-overtone-continuation,ell4-uniform-40,17,17,52,0.3269230769230769,0x1.4ec4ec4ec4ec5p-2,0.865284375265587,-0.09300003815369726,17.745565544981734,0.030396539273797034,true,6.24399536260922e-14,1.8735013540549517e-16,1000,20,24,8.171241726399288e-14,0.0,5.416890091252191e-15,9.382823139158634e-14,0.004,,,,,
-2,4,2,0,schwarzschild-overtone-continuation,ell4-uniform-40,18,9,26,0.34615384615384615,0x1.6276276276276p-2,0.8693916727890094,-0.09285296978920451,17.727432270711116,0.032534508665635724,true,8.95941038511072e-14,4.819909745438293e-16,1000,20,24,4.9737991987225836e-14,0.0,5.0823028286539414e-15,1.0987955294051567e-13,0.004,,,,,
-2,4,2,0,schwarzschild-overtone-continuation,ell4-uniform-40,19,19,52,0.36538461538461536,0x1.7627627627627p-2,0.8736130589375433,-0.09269370623297819,17.708871120075525,0.034708946818688045,true,1.2707180321682489e-13,2.2473876566261383e-16,1000,20,24,4.263257826281946e-14,2.5859275627725773e-15,6.540444004329386e-15,3.1241289265724885e-13,0.004,,,,,
-2,4,2,0,schwarzschild-overtone-continuation,ell4-uniform-40,20,5,13,0.38461538461538464,0x1.89d89d89d89d9p-2,0.8779538183617853,-0.09252142777795042,17.689866184130928,0.03691911916984131,true,9.565974336450907e-14,8.985532710617322e-16,1000,20,24,1.0664483990431525e-14,0.0,4.137070730575015e-15,2.497843902030194e-13,0.004,,,,,
-2,4,2,0,schwarzschild-overtone-continuation,ell4-uniform-40,21,21,52,0.40384615384615385,0x1.9d89d89d89d8ap-2,0.8824196434398315,-0.09233523200343578,17.670400466693238,0.03916417572624917,true,1.8675112945864644e-13,8.882868333007365e-16,1000,20,24,8.88178877775425e-14,3.3830221244504372e-15,3.615050515640691e-15,8.356078678026841e-14,0.004,,,,,
-2,4,2,0,schwarzschild-overtone-continuation,ell4-uniform-40,22,11,26,0.4230769230769231,0x1.b13b13b13b13bp-2,0.8870166778062171,-0.09213412319947338,17.650455777198843,0.04144313387589346,true,9.482006618870384e-14,9.71445146547012e-17,1000,20,24,1.0658323993947786e-14,0.0,0.0,1.673139618111173e-13,0.004,,,,,
-2,4,2,0,schwarzschild-overtone-continuation,ell4-uniform-40,23,23,52,0.4423076923076923,0x1.c4ec4ec4ec4ecp-2,0.8917515660157954,-0.09191700005622847,17.630012609281824,0.04375485824704871,true,1.1089988839784628e-13,7.575797802392804e-16,1000,20,24,6.394916281971802e-14,0.0,5.253434695803222e-15,9.815978968801708e-14,0.004,,,,,
-2,4,2,0,schwarzschild-overtone-continuation,ell4-uniform-40,24,6,13,0.46153846153846156,0x1.d89d89d89d89ep-2,0.8966315104293701,-0.09168264126912419,17.609050002637623,0.04609803700978349,true,1.3996931765558622e-13,6.938893903907228e-18,1000,20,24,2.13164187270138e-14,2.858723234770788e-15,3.0930036878016676e-15,1.2854445820798972e-13,0.004,,,,,
-2,4,2,0,schwarzschild-overtone-continuation,ell4-uniform-40,25,25,52,0.4807692307692308,0x1.ec4ec4ec4ec4fp-2,0.9016643366430258,-0.09142968862635163,17.587545385237544,0.04847115386443904,true,7.67494213860396e-14,3.331391796911832e-16,1000,20,24,1.06582093635069e-13,2.9504581591051763e-15,3.290908971131341e-15,1.364172734239431e-13,0.004,,,,,
-2,4,2,0,schwarzschild-overtone-continuation,ell4-uniform-40,26,1,2,0.5,0x1.0000000000000p-1,0.9068585690791737,-0.09115662703630178,17.565474392317984,0.050872454770919,true,8.619564502106701e-14,8.326672684688674e-17,1000,20,24,6.039614250470119e-14,0.0,0.0,2.9417348844303596e-14,0.004,,KerrQNMEFs-2/l4/s-2l4m2n0.dat,501,3.087862362326457e-15,2.8463800364698787e-14
-2,4,2,0,schwarzschild-overtone-continuation,ell4-uniform-40,27,27,52,0.5192307692307693,0x1.09d89d89d89d9p-1,0.9122235187325259,-0.09086176081151641,17.54281065776575,0.053299908224758864,true,1.653849272658429e-13,6.087272963323595e-16,1000,20,24,1.7763602275288083e-14,0.0,0.0,7.819785553726681e-14,0.004,,,,,
-2,4,2,0,schwarzschild-overtone-continuation,ell4-uniform-40,28,7,13,0.5384615384615384,0x1.13b13b13b13b1p-1,0.9177693855439942,-0.09054318534103893,17.519525572496747,0.05575115756122842,true,2.0856797604345074e-13,1.8735013540549517e-16,1000,20,24,2.8421712818535595e-14,0.0,0.0,4.384579827102713e-14,0.004,,,,,
-2,4,2,0,schwarzschild-overtone-continuation,ell4-uniform-40,29,29,52,0.5576923076923077,0x1.1d89d89d89d8ap-1,0.9235073784936187,-0.09019875303918395,17.495588003118343,0.05822346333972058,true,2.5989654674417885e-14,4.506008925723787e-16,1000,20,24,1.0658157502709278e-13,0.0,2.576974784750838e-15,5.6131628866970334e-14,0.004,,,,,
-2,4,2,0,schwarzschild-overtone-continuation,ell4-uniform-40,30,15,26,0.5769230769230769,0x1.2762762762762p-1,0.9294498573078042,-0.08982603213327825,17.470963962466076,0.06071363328783101,true,5.925263506792495e-14,1.5700924586837752e-16,1000,20,24,7.112907803094564e-15,0.0,1.4911358492086037e-15,3.491357517512096e-13,0.004,,,,,
-2,4,2,0,schwarzschild-overtone-continuation,ell4-uniform-40,31,31,52,0.5961538461538461,0x1.313b13b13b13bp-1,0.9356105007319795,-0.08942225641357579,17.445616221394427,0.06321793651147795,true,2.9111936124468633e-13,4.875529749534861e-16,1000,20,24,2.842517866562357e-14,4.311170018487907e-15,1.0627241658860378e-14,3.3464891879789825e-13,0.004,,,,,
-2,4,2,0,schwarzschild-overtone-continuation,ell4-uniform-40,32,8,13,0.6153846153846154,0x1.3b13b13b13b14p-1,0.9420045077216351,-0.08898426346910954,17.419503848277746,0.06573199762186988,true,7.308236492208936e-14,1.7235854893846466e-16,1000,20,24,7.46070918028039e-14,0.0,7.534616405478657e-15,3.44323030278146e-13,0.004,,,,,
-2,4,2,0,schwarzschild-overtone-continuation,ell4-uniform-40,33,33,52,0.6346153846153846,0x1.44ec4ec4ec4ecp-1,0.9486488397861063,-0.08850841810369456,17.392581658776066,0.0682506649702761,true,6.968805455576195e-14,2.2591401799415137e-16,1000,20,24,4.263256640436048e-14,0.0,0.0,4.975038084213528e-14,0.004,,,,,
-2,4,2,0,schwarzschild-overtone-continuation,ell4-uniform-40,34,17,26,0.6538461538461539,0x1.4ec4ec4ec4ec5p-1,0.9555625152769878,-0.08799051646322213,17.364799553149048,0.0707678451344874,true,2.2228705628912018e-13,4.163336342344337e-17,1000,20,24,5.3290705182007514e-14,0.0,0.0,1.681099102657031e-14,0.004,,,,,
-2,4,2,0,schwarzschild-overtone-continuation,ell4-uniform-40,35,35,52,0.6730769230769231,0x1.589d89d89d89ep-1,0.9627669699360868,-0.08742566474898952,17.33610171118173,0.07327629288673086,true,1.2979945904367804e-13,2.514331927660129e-16,1000,20,24,1.0658872847744044e-14,1.725372398944457e-15,2.0742534791488442e-15,2.8916994303251375e-14,0.004,,,,,
-2,4,2,0,schwarzschild-overtone-continuation,ell4-uniform-40,36,9,13,0.6923076923076923,0x1.6276276276276p-1,0.9702865029430116,-0.08680812399245728,17.306425604751897,0.0757673416539193,true,1.9868327416146185e-13,5.509761405760127e-16,1000,20,24,2.8422197317194093e-14,4.012217023063522e-15,6.504997463037233e-15,1.25165620084124e-13,0.004,,,,,
-2,4,2,0,schwarzschild-overtone-continuation,ell4-uniform-40,37,37,52,0.7115384615384616,0x1.6c4ec4ec4ec4fp-1,0.9781488347003009,-0.0861311088276057,17.27570077389684,0.07823055326136773,true,6.756617025050756e-14,3.608224830031759e-16,1000,20,24,1.0667388882858398e-14,0.0,2.729800018467121e-15,1.9658310008796085e-13,0.004,,,,,
-2,4,2,0,schwarzschild-overtone-continuation,ell4-uniform-40,38,19,26,0.7307692307692307,0x1.7627627627627p-1,0.9863858127153041,-0.08538652286671282,17.24384729186965,0.08065325639165753,true,8.235310812234924e-14,3.379462171739212e-16,1000,20,24,2.13163227303457e-14,0.0,0.0,1.8631659463949314e-13,0.004,,,,,
-2,4,2,0,schwarzschild-overtone-continuation,ell4-uniform-40,39,3,4,0.75,0x1.8000000000000p-1,0.9950343168693042,-0.08456460507214514,17.210773814803076,0.08301992878283572,true,6.626459849487098e-14,4.652682298944613e-16,1000,20,24,7.815990914943271e-14,0.0,0.0,9.072499098309469e-14,0.004,,KerrQNMEFs-2/l4/s-2l4m2n0.dat,751,4.282483846487626e-15,1.8229228382721925e-14
-2,4,2,1,schwarzschild-overtone-continuation,ell4-uniform-40,0,0,1,0.0,0x0.0p+0,0.796631532034508,-0.28433434940484453,18.0,0.0,true,5.551115123125783e-14,4.965068306494546e-16,1000,20,24,0.0,0.0,0.0,2.157597268697343e-13,0.004,0.1905838397194409,KerrQNMEFs-2/l4/s-2l4m2n1.dat,1,6.653237846477174e-15,0.0
-2,4,2,1,schwarzschild-overtone-continuation,ell4-uniform-40,1,1,52,0.019230769230769232,0x1.3b13b13b13b14p-6,0.7994363599271035,-0.28427143017142514,17.987626603821454,0.004433924666711657,true,1.5854979918309283e-13,2.0816681711721685e-16,1000,20,24,1.1368683798962255e-13,1.7979101253009106e-15,1.0741085019148343e-14,9.083877081862176e-14,0.004,0.19053081365317373,,,,
-2,4,2,1,schwarzschild-overtone-continuation,ell4-uniform-40,2,1,26,0.038461538461538464,0x1.3b13b13b13b14p-5,0.8023058990133588,-0.2841921966800755,17.975013849419618,0.008986989549730883,true,4.980337238823458e-14,2.2887833992611187e-16,1000,20,24,5.329071884747064e-14,0.0,0.0,1.831026719408895e-13,0.004,0.1904666077477766,,,,
-2,4,2,1,schwarzschild-overtone-continuation,ell4-uniform-40,3,3,52,0.057692307692307696,0x1.d89d89d89d89ep-5,0.805242032647077,-0.28409606293529055,17.962155043596717,0.013659230256935087,true,2.2561829822091437e-13,1.2118257228641695e-16,1000,20,24,3.55271369574116e-14,3.879828404108954e-15,9.781310579944584e-15,3.546046083911337e-13,0.004,0.1903908312757788,,,,
-2,4,2,1,schwarzschild-overtone-continuation,ell4-uniform-40,4,1,13,0.07692307692307693,0x1.3b13b13b13b14p-4,0.8082467473319004,-0.2839823922571703,17.949043164200482,0.018450645606064152,true,1.791882077022144e-13,6.704925035140889e-16,1000,20,24,7.105430415389283e-14,0.0,3.204296758965566e-15,1.6254635738326267e-13,0.004,0.1903030595689108,,,,
-2,4,2,1,schwarzschild-overtone-continuation,ell4-uniform-40,5,5,52,0.09615384615384616,0x1.89d89d89d89d9p-4,0.8113221398763726,-0.2838504934344081,17.935670839583622,0.02336119202115048,true,9.979663786127905e-14,3.7192730237993177e-16,1000,20,24,2.1316282072803006e-14,1.6662594659381951e-15,1.942890293094024e-15,2.452739723106787e-13,0.004,0.19020283145050323,,,,
-2,4,2,1,schwarzschild-overtone-continuation,ell4-uniform-40,6,3,26,0.11538461538461539,0x1.d89d89d89d89ep-4,0.8144704252059433,-0.2836996164330513,17.922030326246084,0.028390777249087343,true,1.921505810763117e-13,1.0408340855860843e-16,1000,20,24,2.4869199280687415e-14,3.3422138886441674e-15,4.6922522443102824e-15,5.049020902746717e-13,0.004,0.19008964637121495,,,,
-2,4,2,1,schwarzschild-overtone-continuation,ell4-uniform-40,7,7,52,0.1346153846153846,0x1.13b13b13b13b1p-3,0.8176939449064358,-0.2835289476052472,17.908113484462707,0.033539253302825964,true,1.2823724749644121e-13,5.164700352369266e-16,1000,20,24,7.106782481094284e-15,0.0,3.4488466675883937e-15,4.161040063935396e-13,0.004,0.18996296121093972,,,,
-2,4,2,1,schwarzschild-overtone-continuation,ell4-uniform-40,8,2,13,0.15384615384615385,0x1.3b13b13b13b14p-3,0.8209951765840633,-0.283337604333645,17.893911751677358,0.03880640852283718,true,6.912544913524956e-14,1.6653345369377348e-16,1000,20,24,4.61852965894403e-14,2.7420485960113413e-15,4.195776499726224e-15,7.905910553056101e-14,0.004,0.18982218670376916,,,,
-2,4,2,1,schwarzschild-overtone-continuation,ell4-uniform-40,9,9,52,0.17307692307692307,0x1.6276276276276p-3,0.8243767441386374,-0.2831246290367989,17.87941611341282,0.04419195863086193,true,1.5102755188635826e-13,1.4752290795525882e-16,1000,20,24,6.39489968018668e-14,0.0,2.673771110915334e-15,4.073837789069761e-13,0.004,0.18966668343623191,,,,
-2,4,2,1,schwarzschild-overtone-continuation,ell4-uniform-40,10,5,26,0.19230769230769232,0x1.89d89d89d89d9p-3,0.8278414290602804,-0.2828889824488039,17.86461707141193,0.04969553662913849,true,6.243205693149169e-14,4.531581184534698e-16,1000,20,24,4.973799343928228e-14,1.0948510389028343e-15,2.4756977713400195e-15,3.8402112105971193e-13,0.004,0.18949575736080732,,,,
-2,4,2,1,schwarzschild-overtone-continuation,ell4-uniform-40,11,11,52,0.21153846153846154,0x1.b13b13b13b13bp-3,0.8313921828760059,-0.2826295360720368,17.849504608683226,0.05531668137348297,true,1.3713658877363444e-13,4.236704743275018e-16,1000,20,24,8.526518363067996e-14,0.0,1.1413179091498546e-14,2.917824949085748e-13,0.004,0.18930865475710937,,,,
-2,4,2,1,schwarzschild-overtone-continuation,ell4-uniform-40,12,3,13,0.23076923076923078,0x1.d89d89d89d89ep-3,0.8350321408912469,-0.2823450636847647,17.834068151081937,0.061054824619005854,true,1.3863623014937702e-13,1.8735013540549517e-16,1000,20,24,3.197442988546737e-14,0.0,0.0,1.6745166728366983e-13,0.004,0.18910455656177214,,,,
-2,4,2,1,schwarzschild-overtone-continuation,ell4-uniform-40,13,1,4,0.25,0x1.0000000000000p-2,0.8387646373931816,-0.28203423176479286,17.81829652499629,0.06690927630162848,true,1.0747050631948813e-13,4.613190423717512e-16,1000,20,24,4.26326454606914e-14,0.0,2.6852712547870858e-15,1.8708546042851934e-13,0.004,0.18888257197423905,KerrQNMEFs-2/l4/s-2l4m2n1.dat,251,2.837048893407221e-15,4.6269437399712724e-14
-2,4,2,1,schwarzschild-overtone-continuation,ell4-uniform-40,14,7,26,0.2692307692307692,0x1.13b13b13b13b1p-2,0.842593222509132,-0.28169558866601346,17.802177910649952,0.07287920777612203,true,3.4309563264195683e-13,4.443059973708341e-16,1000,20,24,3.1974787519524794e-14,5.910308533343917e-15,7.028027442016203e-15,2.533193225873392e-13,0.004,0.18864173122945646,,,,
-2,4,2,1,schwarzschild-overtone-continuation,ell4-uniform-40,15,15,52,0.28846153846153844,0x1.2762762762762p-2,0.8465216809433341,-0.28132755235473794,17.785699790450963,0.07896363267935157,true,2.864289338439558e-14,3.2398021848425308e-16,1000,20,24,2.8423501695610523e-14,0.0,0.0,3.2039982415447846e-13,0.004,0.188380977408346,,,,
-2,4,2,1,schwarzschild-overtone-continuation,ell4-uniform-40,16,4,13,0.3076923076923077,0x1.3b13b13b13b14p-2,0.8505540528524291,-0.2809283964770978,17.768848891730997,0.08516138502521832,true,4.440892098500626e-16,1.2738115944464653e-16,1000,20,24,1.7763617183033265e-14,0.0,0.0,3.4602073632377956e-13,0.004,0.18809915713326128,,,,
-2,4,2,1,schwarzschild-overtone-continuation,ell4-uniform-40,17,17,52,0.3269230769230769,0x1.4ec4ec4ec4ec5p-2,0.8546946571631086,-0.2804962344848848,17.751611123110358,0.09147109406098373,true,1.5337288074497282e-13,2.514331927660129e-16,1000,20,24,7.12395660735882e-15,1.7979101253009106e-15,4.160374694206877e-15,4.4950603646635165e-13,0.004,0.18779500996606163,,,,
-2,4,2,1,schwarzschild-overtone-continuation,ell4-uniform-40,18,9,26,0.34615384615384615,0x1.6276276276276p-2,0.8589481176875813,-0.28002900149391824,17.733971503594745,0.09789115532131819,true,2.4034213069041515e-14,8.300030970468208e-16,1000,20,24,2.4879463843705225e-14,0.0,0.0,1.7610419070022138e-13,0.004,0.1874671562911236,,,,
-2,4,2,1,schwarzschild-overtone-continuation,ell4-uniform-40,19,19,52,0.36538461538461536,0x1.7627627627627p-2,0.8633193924551193,-0.2795244334832131,17.71591408335964,0.1044196972009038,true,1.635653568298975e-13,4.441434166503682e-16,1000,20,24,3.5532625137574024e-14,2.925284931233429e-15,5.79553433516819e-15,1.7453157940450335e-13,0.004,0.18711408342105906,,,,
-2,4,2,1,schwarzschild-overtone-continuation,ell4-uniform-40,20,5,13,0.38461538461538464,0x1.89d89d89d89d9p-2,0.8678138067536141,-0.2789800433620654,17.697421854992545,0.11105454222390122,true,2.1687427456297967e-13,6.546139416680338e-16,1000,20,24,4.9742088069856146e-14,0.0,0.0,7.330162918166701e-14,0.004,0.1867341296093422,,,,
-2,4,2,1,schwarzschild-overtone-continuation,ell4-uniform-40,21,21,52,0.40384615384615385,0x1.9d89d89d89d8ap-2,0.8724370904669413,-0.2783930933310695,17.6784766537394,0.11779316201062912,true,4.169572014156357e-13,3.0531133177191805e-16,1000,20,24,4.263337954819209e-14,5.4290359981217895e-15,6.805042272227426e-15,8.337649256255544e-14,0.004,0.18632546558554341,,,,
-2,4,2,1,schwarzschild-overtone-continuation,ell4-uniform-40,22,11,26,0.4230769230769231,0x1.b13b13b13b13bp-2,0.877195420406104,-0.2777605628368346,17.65905904503113,0.12463262471912719,true,2.878369617871144e-14,3.6088919696935627e-16,1000,20,24,3.908115395176986e-14,0.0,9.118202965892963e-15,5.563509139542236e-13,0.004,0.18588607314525254,,,,
-2,4,2,1,schwarzschild-overtone-continuation,ell4-uniform-40,23,23,52,0.4423076923076923,0x1.c4ec4ec4ec4ecp-2,0.8820954684696627,-0.2770791112608599,17.639148197234505,0.13156953345859562,true,1.6600384935924108e-13,2.514331927660129e-16,1000,20,24,4.264560871608107e-14,2.9893669801409084e-15,3.4635577716560776e-15,2.171591695372592e-13,0.004,0.18541372021934277,,,,
-2,4,2,1,schwarzschild-overtone-continuation,ell4-uniform-40,24,6,13,0.46153846153846156,0x1.d89d89d89d89ep-2,0.8871444566388081,-0.2763450342814168,17.61872173716262,0.13859995381526183,true,3.0392318291656976e-13,3.365900013051177e-16,1000,20,24,1.1013418000162312e-13,0.0,8.437147161953694e-15,3.3309207149216374e-13,0.004,0.18490593171299682,,,,
-2,4,2,1,schwarzschild-overtone-continuation,ell4-uniform-40,25,25,52,0.4807692307692308,0x1.ec4ec4ec4ec4fp-2,0.892350220023071,-0.27555421258945945,17.597755585375793,0.14571932817560157,true,1.8112580070396521e-13,1.1188630228279524e-16,1000,20,24,6.395261069848378e-14,0.0,1.8385843027689748e-15,4.3503700703892237e-13,0.004,0.18435995523174542,,,,
-2,4,2,1,schwarzschild-overtone-continuation,ell4-uniform-40,26,1,2,0.5,0x1.0000000000000p-1,0.8977212794357803,-0.27470205130782493,17.57622376767349,0.15292237394478417,true,9.465769581352885e-14,2.582350176184633e-16,1000,20,24,7.136584070361083e-15,0.0,0.0,3.35242353298367e-13,0.004,0.18377272058997413,KerrQNMEFs-2/l4/s-2l4m2n1.dat,501,5.828406534472336e-15,5.3294528664506215e-14
-2,4,2,1,schwarzschild-overtone-continuation,ell4-uniform-40,27,27,52,0.5192307692307693,0x1.09d89d89d89d9p-1,0.9032669253093322,-0.27378340803249684,17.55409819839168,0.16020296199589582,true,5.841081590836475e-14,2.237726045655905e-16,1000,20,24,1.0672587275020413e-14,0.0,2.1355566272775288e-15,1.4226943841233338e-13,0.004,0.18314079170896147,,,,
-2,4,2,1,schwarzschild-overtone-continuation,ell4-uniform-40,28,7,13,0.5384615384615384,0x1.13b13b13b13b1p-1,0.9089973151793153,-0.272792506850838,17.531348430119355,0.1675539706863178,true,1.6293233073188328e-13,2.7755575615628914e-17,1000,20,24,8.171241932633387e-14,0.0,9.450111171264515e-15,5.057979199914727e-13,0.004,0.182460309133973,,,,
-2,4,2,1,schwarzschild-overtone-continuation,ell4-uniform-40,29,29,52,0.5576923076923077,0x1.1d89d89d89d8ap-1,0.914923587500602,-0.2717228349462021,17.50794136318747,0.17496710945629507,true,5.727373620722915e-14,1.734723475976807e-16,1000,20,24,4.2633295975791143e-14,0.0,2.558937633260452e-15,3.216199406086401e-14,0.004,0.1817269209005579,,,,
-2,4,2,1,schwarzschild-overtone-continuation,ell4-uniform-40,30,15,26,0.5769230769230769,0x1.2762762762762p-1,0.9210579952455279,-0.27056701740281847,17.48384090664841,0.18243270425879238,true,1.028946170067764e-13,3.554447978966673e-16,1000,20,24,4.2633295975791143e-14,0.0,3.953391794989626e-15,6.756488594618822e-13,0.004,0.18093569881335309,,,,
-2,4,2,1,schwarzschild-overtone-continuation,ell4-uniform-40,31,31,52,0.5961538461538461,0x1.313b13b13b13bp-1,0.9274140636245928,-0.2693166644803257,17.459007580370038,0.18993943468486063,true,5.019451759977665e-13,4.695944831791985e-16,1000,20,24,6.394944855011261e-14,9.709850880706406e-15,1.1921334759842243e-14,4.0161577888190524e-13,0.004,0.18008103630016595,,,,
-2,4,2,1,schwarzschild-overtone-continuation,ell4-uniform-40,32,8,13,0.6153846153846154,0x1.3b13b13b13b14p-1,0.9340067774340701,-0.26796218378982717,17.433398045111577,0.1974740093882531,true,3.4812175537386045e-14,2.618455766672135e-16,1000,20,24,4.263260028566311e-14,0.0,0.0,3.382759009884528e-13,0.004,0.17915652277291436,,,,
-2,4,2,1,schwarzschild-overtone-continuation,ell4-uniform-40,33,33,52,0.6346153846153846,0x1.44ec4ec4ec4ecp-1,0.9408528050713553,-0.26649254725950094,17.406964543832657,0.20502076189922896,true,4.063940407194689e-13,2.0816681711721685e-17,1000,20,24,7.461132910002844e-14,0.0,1.1827393001361067e-14,4.4046934046646295e-13,0.004,0.1781547877229921,,,,
-2,4,2,1,schwarzschild-overtone-continuation,ell4-uniform-40,34,17,26,0.6538461538461539,0x1.4ec4ec4ec4ec5p-1,0.9479707683061257,-0.2648949992058703,17.37965423265264,0.21256114258005168,true,3.7851930189987175e-14,3.191891195797325e-16,1000,20,24,3.552752709864308e-14,0.0,0.0,4.931510199427613e-13,0.004,0.17706730538558915,,,,
-2,4,2,1,schwarzschild-overtone-continuation,ell4-uniform-40,35,35,52,0.6730769230769231,0x1.589d89d89d89ep-1,0.9553815696519126,-0.26315468673383197,17.351408373373502,0.22007307343983784,true,3.399531182602658e-14,2.7755575615628914e-16,1000,20,24,8.173420888352552e-14,0.0,5.541392156607407e-15,9.655545242568243e-14,0.004,0.17588414739568406,,,,
-2,4,2,1,schwarzschild-overtone-continuation,ell4-uniform-40,36,9,13,0.6923076923076923,0x1.6276276276276p-1,0.9631087929335941,-0.2612541863026189,17.322161350609345,0.22753011942852347,true,7.725748393604648e-14,2.514331927660129e-16,1000,20,24,3.552714763002508e-14,0.0,1.6504651808933464e-15,1.0438363874735792e-13,0.004,0.1745936659117394,,,,
-2,4,2,1,schwarzschild-overtone-continuation,ell4-uniform-40,37,37,52,0.7115384615384616,0x1.6c4ec4ec4ec4fp-1,0.9711791978058338,-0.25917288938213634,17.29183946431427,0.23490041048592364,true,8.528478622453147e-14,2.2729511820139823e-16,1000,20,24,9.592969401422216e-14,0.0,0.0,4.3812523470196863e-13,0.004,0.17318208237552477,,,,
-2,4,2,1,schwarzschild-overtone-continuation,ell4-uniform-40,38,19,26,0.7307692307692307,0x1.7627627627627p-1,0.9796233361542621,-0.25688619366450516,17.2603594313726,0.2421452194617557,true,3.0664673470028113e-14,4.561234287365988e-16,1000,20,24,4.2654251707746565e-14,0.0,0.0,4.837344534502412e-13,0.004,0.17163294605928603,,,,
-2,4,2,1,schwarzschild-overtone-continuation,ell4-uniform-40,39,3,4,0.75,0x1.8000000000000p-1,0.9884763283961829,-0.25436442088992867,17.227626505622776,0.24921705604432834,true,2.6590858931594525e-13,2.3263411494723067e-16,1000,20,24,1.7860642818682268e-14,0.0,1.0823962785272514e-14,1.3053805733838342e-13,0.004,0.1699264095559216,KerrQNMEFs-2/l4/s-2l4m2n1.dat,751,3.3514211068838185e-15,2.584139488528795e-14
-2,4,2,2,schwarzschild-overtone-continuation,ell4-uniform-40,0,0,1,0.0,0x0.0p+0,0.7727095326067077,-0.4799081751211636,18.0,0.0,true,1.4601826100290848e-13,5.836925621952896e-16,1000,20,24,0.0,1.878377932716794e-15,3.4755478145461824e-15,4.5436207906947824e-14,0.004,0.19703142734584458,KerrQNMEFs-2/l4/s-2l4m2n2.dat,1,1.6504651808933464e-15,0.0
-2,4,2,2,schwarzschild-overtone-continuation,ell4-uniform-40,1,1,52,0.019230769230769232,0x1.3b13b13b13b14p-6,0.7756839359330865,-0.47974920747932337,17.988016871864147,0.007479867676649698,true,1.8401590789008415e-13,6.790550617843254e-16,1000,20,24,1.065814329515579e-14,3.5130270542131337e-15,3.624839920960301e-15,4.999245397151508e-13,0.004,0.19691556329256407,,,,
-2,4,2,2,schwarzschild-overtone-continuation,ell4-uniform-40,2,1,26,0.038461538461538464,0x1.3b13b13b13b14p-5,0.7787287581561362,-0.47956139749319854,17.975838348908006,0.015153202317578485,true,1.4238583238573986e-14,1.2118257228641695e-16,1000,20,24,8.881786643232067e-14,0.0,0.0,7.803849170958016e-14,0.004,0.19678670228793335,,,,
-2,4,2,2,schwarzschild-overtone-continuation,ell4-uniform-40,3,3,52,0.057692307692307696,0x1.d89d89d89d89ep-5,0.7818459431557075,-0.47934375355617004,17.9634569332088,0.023020172491283422,true,9.247724624739315e-14,4.445768331151997e-16,1000,20,24,3.552999964401906e-15,0.0,0.0,2.54713714371639e-13,0.004,0.1966444448650275,,,,
-2,4,2,2,schwarzschild-overtone-continuation,ell4-uniform-40,4,1,13,0.07692307692307693,0x1.3b13b13b13b14p-4,0.7850375395445158,-0.47909519698961195,17.950864745525877,0.03108089040349094,true,1.5297568026775142e-13,3.469446951953614e-16,1000,20,24,5.329070529494524e-14,0.0,0.0,2.9516001048565656e-13,0.004,0.19648835562617417,,,,
-2,4,2,2,schwarzschild-overtone-continuation,ell4-uniform-40,5,5,52,0.09615384615384616,0x1.89d89d89d89d9p-4,0.7883057078942867,-0.478814555561286,17.938053502430304,0.039335402118385564,true,3.40101597777409e-13,5.200468367758596e-16,1000,20,24,4.6185395105742607e-14,0.0,0.0,4.578592058668828e-13,0.004,0.19631796062051757,,,,
-2,4,2,2,schwarzschild-overtone-continuation,ell4-uniform-40,6,3,26,0.11538461538461539,0x1.d89d89d89d89ep-4,0.791652728593941,-0.4785005562478609,17.925014491382267,0.04778367660737409,true,2.400071085616914e-13,5.224024053540252e-16,1000,20,24,1.1368688536720932e-13,3.078742732723249e-15,5.084045691930022e-15,3.5139665427169304e-13,0.004,0.19613274441410963,,,,
-2,4,2,2,schwarzschild-overtone-continuation,ell4-uniform-40,7,7,52,0.1346153846153846,0x1.13b13b13b13b1p-3,0.7950810104114986,-0.47815181714711574,17.91173854354459,0.05642559346426922,true,1.0111200389500899e-13,2.2982303784612184e-16,1000,20,24,7.816012260087532e-14,0.0,0.0,5.575044364460956e-14,0.004,0.19593214681410373,,,,
-2,4,2,2,schwarzschild-overtone-continuation,ell4-uniform-40,8,2,13,0.15384615384615385,0x1.3b13b13b13b14p-3,0.798593099840722,-0.4777668384305986,17.898216004091257,0.06526092910008827,true,8.001989732359667e-14,1.3877787807814457e-16,1000,20,24,4.618548632435367e-14,0.0,3.142637229273806e-15,2.08409888060689e-13,0.004,0.19571555920248784,,,,
-2,4,2,2,schwarzschild-overtone-continuation,ell4-uniform-40,9,9,52,0.17307692307692307,0x1.6276276276276p-3,0.8021916913242091,-0.4773439922100062,17.884436699739478,0.0742893412003184,true,1.0050554159525262e-13,5.4672143489065705e-16,1000,20,24,1.776376354932154e-14,0.0,0.0,4.31786273913303e-13,0.004,0.1954823204276672,,,,
-2,4,2,2,schwarzschild-overtone-continuation,ell4-uniform-40,10,5,26,0.19230769230769232,0x1.89d89d89d89d9p-3,0.8058796384568895,-0.4768815111699927,17.87038990319388,0.08351035119119048,true,3.3566682027244203e-13,3.48951172420846e-16,1000,20,24,6.75015656035365e-14,0.0,0.0,7.680047518301892e-14,0.004,0.19523171219386584,,,,
-2,4,2,2,schwarzschild-overtone-continuation,ell4-uniform-40,11,11,52,0.21153846153846154,0x1.b13b13b13b13bp-3,0.8096599662884174,-0.4763774757955894,17.856064294151345,0.09292332441890025,true,4.272987515733212e-13,6.134939766467765e-16,1000,20,24,7.114582967285246e-15,0.0,0.0,7.640399661428379e-14,0.004,0.19496295387824644,,,,
-2,4,2,2,schwarzschild-overtone-continuation,ell4-uniform-40,12,3,13,0.23076923076923078,0x1.d89d89d89d89ep-3,0.8135358848596219,-0.47582979999323594,17.841447916462553,0.1025274476942067,true,4.788196138486738e-13,1.2738115944464653e-16,1000,20,24,7.105915231829363e-15,0.0,0.0,3.5010456645585305e-13,0.004,0.19467519669371294,,,,
-2,4,2,2,schwarzschild-overtone-continuation,ell4-uniform-40,13,1,4,0.25,0x1.0000000000000p-2,0.817510804127762,-0.4752362148695807,17.826528130987473,0.11232170379363106,true,1.6554702265001074e-13,4.0418684730288697e-16,1000,20,24,1.0674833712922319e-14,0.0,0.0,4.72991493285745e-14,0.004,0.1943675171012301,KerrQNMEFs-2/l4/s-2l4m2n2.dat,251,1.616509124176106e-15,2.154984073329094e-14
-2,4,2,2,schwarzschild-overtone-continuation,ell4-uniform-40,14,7,26,0.2692307692307692,0x1.13b13b13b13b1p-2,0.8215883504583903,-0.47459425039022857,17.811291563616706,0.12230484243432244,true,1.8401590789008415e-13,2.706168622523819e-16,1000,20,24,6.395323708646427e-14,0.0,0.0,2.4969189799096853e-13,0.004,0.19403890935804913,,,,
-2,4,2,2,schwarzschild-overtone-continuation,ell4-uniform-40,15,15,52,0.28846153846153844,0x1.2762762762762p-2,0.8257723848883982,-0.4739012145900575,17.79572404784575,0.13247534715044382,true,4.924995387751503e-13,3.469446951953614e-16,1000,20,24,1.4921695861718975e-13,0.0,0.0,6.08191481737563e-14,0.004,0.1936882770678141,,,,
-2,4,2,2,schwarzschild-overtone-continuation,ell4-uniform-40,16,4,13,0.3076923076923077,0x1.3b13b13b13b14p-2,0.8300670233967808,-0.4731541699454973,17.779810561198815,0.14283139739042272,true,1.7495085916501027e-13,5.953312170681638e-16,1000,20,24,2.4869553335041473e-14,0.0,4.443666789242129e-15,3.1749117541931914e-13,0.004,0.19331442357320638,,,,
-2,4,2,2,schwarzschild-overtone-continuation,ell4-uniform-40,17,17,52,0.3269230769230769,0x1.4ec4ec4ec4ec5p-2,0.834476659457156,-0.4723499064443766,17.76353515468209,0.15337082502169586,true,1.6971646423471945e-13,2.45228796256662e-16,1000,20,24,1.065991175285873e-14,0.0,0.0,4.339040205894243e-13,0.004,0.19291604100120388,,,,
-2,4,2,2,schwarzschild-overtone-continuation,ell4-uniform-40,18,9,26,0.34615384615384615,0x1.6276276276276p-2,0.8390059891906125,-0.47148491079769916,17.746880874317736,0.16409106426773507,true,3.358735681043252e-13,1.2118257228641695e-16,1000,20,24,4.973827029727001e-14,0.0,7.947987303456223e-15,9.018086245416415e-13,0.004,0.19249169773350538,,,,
-2,4,2,2,schwarzschild-overtone-continuation,ell4-uniform-40,19,19,52,0.36538461538461536,0x1.7627627627627p-2,0.843660039490791,-0.47055533112521153,17.72982967364895,0.1749890939016383,true,4.179207445442953e-13,4.002966042486721e-16,1000,20,24,1.0302965376958344e-13,0.0,0.0,1.5780608687885554e-13,0.004,0.1920398240284648,,,,
-2,4,2,2,schwarzschild-overtone-continuation,ell4-uniform-40,20,5,13,0.38461538461538464,0x1.89d89d89d89d9p-2,0.8484441995560033,-0.4695569363076056,17.712362315914902,0.1860613702729912,true,2.412185323914849e-13,6.296066476805203e-16,1000,20,24,3.1974724275056306e-14,0.0,0.0,1.1573888395598499e-12,0.004,0.1915586954637289,,,,
-2,4,2,2,schwarzschild-overtone-continuation,ell4-uniform-40,21,21,52,0.40384615384615385,0x1.9d89d89d89d8ap-2,0.853364256339884,-0.4684850690250006,17.69445826436958,0.19730374943579934,true,4.030461287590254e-13,3.469446951953614e-17,1000,20,24,9.592336971665104e-14,0.0,0.0,7.134234759584218e-14,0.004,0.19104641379743387,,,,
-2,4,2,2,schwarzschild-overtone-continuation,ell4-uniform-40,22,11,26,0.4230769230769231,0x1.b13b13b13b13bp-2,0.8584264345232077,-0.46733459128460686,17.67609555893797,0.20871139625792762,true,3.7273452641780277e-13,6.894341957538586e-16,1000,20,24,3.198834605247224e-14,0.0,0.0,2.0257478690497747e-13,0.004,0.19050088475644708,,,,
-2,4,2,2,schwarzschild-overtone-continuation,ell4-uniform-40,23,23,52,0.4423076923076923,0x1.c4ec4ec4ec4ecp-2,0.8636374417201039,-0.46609982096732816,17.65725067707295,0.22027867790398445,true,2.193279234397146e-13,4.081579843510303e-16,1000,20,24,1.1368760004871267e-13,3.2581783028960286e-15,4.531559934397256e-15,7.058716617979212e-13,0.004,0.18991979214769686,,,,
-2,4,2,2,schwarzschild-overtone-continuation,ell4-uniform-40,24,6,13,0.46153846153846156,0x1.d89d89d89d89ep-2,0.8690045197663104,-0.4647744575760508,17.637898376262374,0.2319990384625494,true,1.0480505352461478e-13,3.290674871864012e-16,1000,20,24,5.3306669474789955e-14,0.0,3.580361673049448e-15,4.782987168225453e-15,0.004,0.1893005675450725,,,,
-2,4,2,2,schwarzschild-overtone-continuation,ell4-uniform-40,25,25,52,0.4807692307692308,0x1.ec4ec4ec4ec4fp-2,0.8745355031000827,-0.46335149492510685,17.618011515137827,0.2438648506941388,true,1.9152759841255846e-13,4.002966042486721e-16,1000,20,24,4.2635175185881226e-14,0.0,0.0,6.486135372888586e-14,0.004,0.18864035462143586,,,,
-2,4,2,2,schwarzschild-overtone-continuation,ell4-uniform-40,26,1,2,0.5,0x1.0000000000000p-1,0.8802388854463224,-0.461823117938704,17.597560849518896,0.2558672398513217,true,6.01080938469374e-14,9.226380847435024e-16,1000,20,24,9.237082252896225e-14,0.0,0.0,1.590236272969208e-13,0.004,0.18793596695864398,KerrQNMEFs-2/l4/s-2l4m2n2.dat,501,3.2826762290599817e-15,1.1378016277611872e-13
-2,4,2,2,schwarzschild-overtone-continuation,ell4-uniform-40,27,27,52,0.5192307692307693,0x1.09d89d89d89d9p-1,0.8861238962589155,-0.4601805799833832,17.576514798958502,0.2679958731893308,true,3.027490044851083e-13,4.577566798522237e-16,1000,20,24,8.172719613637118e-14,0.0,6.88696318607943e-15,9.248748207013488e-13,0.004,0.18718383786083595,,,,
-2,4,2,2,schwarzschild-overtone-continuation,ell4-uniform-40,28,7,13,0.5384615384615384,0x1.13b13b13b13b1p-1,0.892200588677636,-0.45841405618544967,17.554839178406176,0.2802387070364917,true,1.0562977157717417e-13,5.095246377785861e-16,1000,20,24,7.107250751695513e-14,2.4582102826059027e-15,9.625704052615406e-15,8.138666303408692e-13,0.004,0.18637996029228543,,,,
-2,4,2,2,schwarzschild-overtone-continuation,ell4-uniform-40,29,29,52,0.5576923076923077,0x1.1d89d89d89d8ap-1,0.8984799411274293,-0.4565124668944593,17.53249688840222,0.2925816809762697,true,1.0019109251294436e-13,2.8177377798042847e-16,1000,20,24,5.68440964831269e-14,0.0,7.150387920919873e-15,1.668286593997042e-13,0.004,0.18551981452561425,,,,
-2,4,2,2,schwarzschild-overtone-continuation,ell4-uniform-40,30,15,26,0.5769230769230769,0x1.2762762762762p-1,0.9049739751472912,-0.4544632637281549,17.509447555716708,0.3050083455914549,true,2.621450744082711e-13,4.081579843510303e-16,1000,20,24,1.5633678756070531e-13,0.0,1.4130832128153975e-15,2.72329176333611e-13,0.004,0.18459828036866782,,,,
-2,4,2,2,schwarzschild-overtone-continuation,ell4-uniform-40,31,31,52,0.5961538461538461,0x1.313b13b13b13bp-1,0.9116958926039359,-0.45225216829946985,17.485647114428804,0.3174994060231187,true,8.881784197001252e-15,4.163336342344337e-16,1000,20,24,1.2434577177193496e-13,0.0,0.0,5.389479531361246e-13,0.004,0.18360952986650425,,,,
-2,4,2,2,schwarzschild-overtone-continuation,ell4-uniform-40,32,8,13,0.6153846153846154,0x1.3b13b13b13b14p-1,0.9186602361476919,-0.4498628505288073,17.461047315005043,0.3300321578475175,true,8.724516533583705e-14,2.2729511820139823e-16,1000,20,24,1.7801777952136252e-14,2.401779625492033e-15,3.1854889249513125e-15,6.594687384920864e-14,0.004,0.18254689504217822,,,,
-2,4,2,2,schwarzschild-overtone-continuation,ell4-uniform-40,33,33,52,0.6346153846153846,0x1.44ec4ec4ec4ecp-1,0.9258830776311606,-0.447276529008293,17.435595145807532,0.3425797837953086,true,1.3188178508919595e-13,2.5476231888929306e-16,1000,20,24,1.7055758532237202e-13,0.0,7.468261590855958e-15,2.674936252458489e-13,0.004,0.1814027033882938,,,,
-2,4,2,2,schwarzschild-overtone-continuation,ell4-uniform-40,34,17,26,0.6538461538461539,0x1.4ec4ec4ec4ec5p-1,0.933382240263031,-0.4444714696399474,17.409232147434476,0.35511046860639467,true,2.3160859559832574e-13,5.946838538569096e-16,1000,20,24,3.553064942939281e-14,0.0,0.0,4.025908116024372e-13,0.004,0.18016807121136955,,,,
-2,4,2,2,schwarzschild-overtone-continuation,ell4-uniform-40,35,35,52,0.6730769230769231,0x1.589d89d89d89ep-1,0.9411775615257153,-0.4414223498414177,17.381893595089362,0.36758627325768645,true,8.313368986542871e-14,5.593023969348752e-16,1000,20,24,2.1316354352825292e-14,2.5559253454202264e-15,1.0703868553921004e-14,3.5012259171285187e-13,0.004,0.178832641194746,,,,
-2,4,2,2,schwarzschild-overtone-continuation,ell4-uniform-40,36,9,13,0.6923076923076923,0x1.6276276276276p-1,0.9492912053324811,-0.4380994426256391,17.35350751743691,0.379961686449202,true,2.549861090497202e-13,2.6945789820192466e-16,1000,20,24,1.2435044301690522e-13,0.0,7.422943172148165e-15,3.546046083911337e-13,0.004,0.1773842451038681,,,,
-2,4,2,2,schwarzschild-overtone-continuation,ell4-uniform-40,37,37,52,0.7115384615384616,0x1.6c4ec4ec4ec4fp-1,0.9577480334422347,-0.434467555608808,17.323993511725185,0.39218173662548234,true,7.319824254247074e-13,9.020562075079397e-17,1000,20,24,1.1270267596300763e-14,9.97920061029037e-15,2.448387902800748e-14,4.674249370258633e-13,0.004,0.17580846448246523,,,,
-2,4,2,2,schwarzschild-overtone-continuation,ell4-uniform-40,38,19,26,0.7307692307692307,0x1.7627627627627p-1,0.9665760475083288,-0.43048463085315125,17.29326130386541,0.4041794954278263,true,1.1744459514081265e-13,2.1510571102112408e-16,1000,20,24,5.685425984875427e-14,0.0,0.0,2.4752625878218566e-13,0.004,0.17408804994987623,,,,
-2,4,2,2,schwarzschild-overtone-continuation,ell4-uniform-40,39,3,4,0.75,0x1.8000000000000p-1,0.9758069136044228,-0.42609986627396873,17.26120898839035,0.4158727223123644,true,7.651233088623773e-14,3.0531133177191805e-16,1000,20,24,1.422396751169702e-14,0.0,0.0,1.182578797702635e-13,0.004,0.17220214073123563,KerrQNMEFs-2/l4/s-2l4m2n2.dat,751,3.575193960459936e-15,2.843390408871591e-14
-2,4,3,0,schwarzschild-overtone-continuation,ell4-uniform-40,0,0,1,0.0,0x0.0p+0,0.8091783775322383,-0.0941639609889252,18.0,0.0,true,7.499488734293678e-14,2.237726045655905e-16,1000,20,24,0.0,1.4988010832439613e-15,4.289673373771929e-15,2.020270370000919e-13,0.004,,KerrQNMEFs-2/l4/s-2l4m3n0.dat,1,2.092556886098636e-15,0.0
-2,4,3,0,schwarzschild-overtone-continuation,ell4-uniform-40,1,1,52,0.019230769230769232,0x1.3b13b13b13b14p-6,0.8132465063117944,-0.09414168529621544,17.981146004436567,0.00219285998359012,true,1.596982402506342e-13,5.428769931944591e-16,1000,20,24,4.26325651183704e-14,0.0,0.0,2.085919684541963e-14,0.004,,,,,
-2,4,3,0,schwarzschild-overtone-continuation,ell4-uniform-40,2,1,26,0.038461538461538464,0x1.3b13b13b13b14p-5,0.8173973018902166,-0.09411394481907892,17.96192335848071,0.004425527237249849,true,7.523643219358522e-14,6.97902344841692e-16,1000,20,24,2.4868997581799628e-14,0.0,1.5334170564795399e-15,2.984282794425784e-13,0.004,,,,,
-2,4,3,0,schwarzschild-overtone-continuation,ell4-uniform-40,3,3,52,0.057692307692307696,0x1.d89d89d89d89ep-5,0.8216337151034044,-0.09408047772589581,17.942320619611934,0.006698165257685583,true,3.1539714670296176e-14,1.5959455978986625e-16,1000,20,24,5.684342055487388e-14,0.0,2.0122792321330962e-15,1.3384188675816343e-13,0.004,,,,,
-2,4,3,0,schwarzschild-overtone-continuation,ell4-uniform-40,4,1,13,0.07692307692307693,0x1.3b13b13b13b14p-4,0.8259588613719289,-0.09404100319300383,17.922325765119954,0.009010921196957768,true,1.547294054676068e-13,1.3877787807814457e-16,1000,20,24,3.9079876493809224e-14,0.0,0.0,5.933038491635175e-14,0.004,,,,,
-2,4,3,0,schwarzschild-overtone-continuation,ell4-uniform-40,5,5,52,0.09615384615384616,0x1.89d89d89d89d9p-4,0.8303760332337381,-0.0939952197626811,17.90192615076235,0.011363923374696003,true,7.834902959056915e-14,4.561234287365988e-16,1000,20,24,7.460698969507206e-14,1.5632082117998628e-15,3.486171011448121e-15,2.5063171053490123e-13,0.004,,,,,
-2,4,3,0,schwarzschild-overtone-continuation,ell4-uniform-40,6,3,26,0.11538461538461539,0x1.d89d89d89d89ep-4,0.834888714107263,-0.09394280352056883,17.881108465546355,0.013757278465271977,true,9.52529947309062e-14,4.449557262054371e-16,1000,20,24,1.0658181835077042e-14,0.0,4.543465649580129e-15,3.3548941196247925e-13,0.004,,,,,
-2,4,3,0,schwarzschild-overtone-continuation,ell4-uniform-40,7,7,52,0.1346153846153846,0x1.13b13b13b13b1p-3,0.8395005934342483,-0.09388340606871094,17.859858682181613,0.016191068312883295,true,2.5995307283867336e-13,4.673848563465896e-16,1000,20,24,1.776376354932154e-14,0.0,0.0,4.276708211418558e-14,0.004,,,,,
-2,4,3,0,schwarzschild-overtone-continuation,ell4-uniform-40,8,2,13,0.15384615384615385,0x1.3b13b13b13b14p-3,0.8442155833733639,-0.09381665226670158,17.838162002686097,0.018665346319839664,true,2.7670179116217667e-14,3.417008968066607e-16,1000,20,24,7.105428382510794e-14,0.0,1.970645868709653e-15,1.509903313490213e-14,0.004,,,,,
-2,4,3,0,schwarzschild-overtone-continuation,ell4-uniform-40,9,9,52,0.17307692307692307,0x1.6276276276276p-3,0.8490378372411022,-0.09374213770893214,17.81600279855111,0.02118013334404742,true,7.410836404987419e-14,7.632783294297951e-17,1000,20,24,4.618528837973896e-14,1.7598545234107034e-15,2.769027319221402e-15,1.6042519099626927e-13,0.004,,,,,
-2,4,3,0,schwarzschild-overtone-continuation,ell4-uniform-40,10,5,26,0.19230769230769232,0x1.89d89d89d89d9p-3,0.8539717699264809,-0.09365942590089622,17.793364544784815,0.023735413030784542,true,3.475547814546182e-14,3.356589068483857e-16,1000,20,24,5.684355607997985e-14,0.0,3.911493330073137e-15,1.771377449045729e-13,0.004,,,,,
-2,4,3,0,schwarzschild-overtone-continuation,ell4-uniform-40,11,11,52,0.21153846153846154,0x1.b13b13b13b13bp-3,0.859022080541264,-0.09356804509107272,17.77022974704911,0.026331126490658916,true,1.885869941294751e-13,1.1188630228279524e-16,1000,20,24,1.776376354932154e-14,3.814978374347606e-15,5.007420466164264e-15,3.0056179503974836e-13,0.004,,,,,
-2,4,3,0,schwarzschild-overtone-continuation,ell4-uniform-40,12,3,13,0.23076923076923078,0x1.d89d89d89d89ep-3,0.8641937776093822,-0.0934674847076669,17.74657986098397,0.028967166219920088,true,6.796886549149213e-14,2.7755575615628914e-17,1000,20,24,1.2079238471010523e-13,0.0,0.0,5.768076084429014e-14,0.004,,,,,
-2,4,3,0,schwarzschild-overtone-continuation,ell4-uniform-40,13,1,4,0.25,0x1.0000000000000p-2,0.8694922071486838,-0.09335719134043167,17.722395202668178,0.03164336914022433,true,1.4028791494166597e-13,2.118352371637509e-16,1000,20,24,4.973829401405394e-14,2.8449465006019636e-15,4.808768621619121e-15,1.4014251614210977e-13,0.004,,KerrQNMEFs-2/l4/s-2l4m3n0.dat,251,1.3911054626160788e-15,7.11566907508978e-15
-2,4,3,0,schwarzschild-overtone-continuation,ell4-uniform-40,14,7,26,0.2692307692307692,0x1.13b13b13b13b1p-2,0.874923084057568,-0.09323656419720279,17.697654848992176,0.034359508611970846,true,3.094078234777321e-14,6.97902344841692e-16,1000,20,24,3.553262513757402e-15,0.0,5.881301029635769e-16,1.3092726022663342e-13,0.004,,,,,
-2,4,3,0,schwarzschild-overtone-continuation,ell4-uniform-40,15,15,52,0.28846153846153844,0x1.2762762762762p-2,0.8804925272899499,-0.09310494995170647,17.672336526518308,0.03711528524731937,true,5.0293960796413466e-14,6.620737537031165e-16,1000,20,24,9.237067058459682e-14,0.0,0.0,1.325613730061798e-13,0.004,,,,,
-2,4,3,0,schwarzschild-overtone-continuation,ell4-uniform-40,16,4,13,0.3076923076923077,0x1.3b13b13b13b14p-2,0.8862070993873755,-0.0929616368834029,17.646416487151686,0.03991031631478098,true,1.214519038141505e-13,4.847302891456678e-16,1000,20,24,7.460718892904919e-14,0.0,2.899129329695441e-15,1.4786036772077035e-13,0.004,,,,,
-2,4,3,0,schwarzschild-overtone-continuation,ell4-uniform-40,17,17,52,0.3269230769230769,0x1.4ec4ec4ec4ec5p-2,0.8920738510404301,-0.09280584819090157,17.619869368654722,0.04274412348538589,true,6.677047783012432e-14,5.129621610332541e-16,1000,20,24,7.460702629898568e-14,0.0,0.0,7.766992054490195e-14,0.004,,,,,
-2,4,3,0,schwarzschild-overtone-continuation,ell4-uniform-40,18,9,26,0.34615384615384615,0x1.6276276276276p-2,0.8981003714768745,-0.0926367343368128,17.592668037674958,0.04561611861865993,true,6.043693577936914e-14,3.314002943249781e-16,1000,20,24,2.1671555318041243e-13,0.0,1.3438543480794007e-15,1.37441843889147e-13,0.004,,,,,
-2,4,3,0,schwarzschild-overtone-continuation,ell4-uniform-40,19,19,52,0.36538461538461536,0x1.7627627627627p-2,0.9042948456271708,-0.0924533642525726,17.564783412523557,0.0485255872224973,true,4.961889645281098e-14,3.5571561302006606e-16,1000,20,24,1.5987214099465485e-13,1.0007415106216803e-15,1.4582246917392214e-15,1.1027035547636206e-13,0.004,,,,,
-2,4,3,0,schwarzschild-overtone-continuation,ell4-uniform-40,20,5,13,0.38461538461538464,0x1.89d89d89d89d9p-2,0.9106661192059844,-0.09225471519568883,17.53618426240778,0.05147166914115906,true,8.001034651640428e-14,4.531581184534698e-16,1000,20,24,1.065864924405353e-14,0.0,0.0,2.8244213396813658e-14,0.004,,,,,
-2,4,3,0,schwarzschild-overtone-continuation,ell4-uniform-40,21,21,52,0.40384615384615385,0x1.9d89d89d89d8ap-2,0.9172237730803396,-0.09203966100633533,17.5068369791624,0.054453335925249896,true,3.3777064469487104e-14,2.618455766672135e-16,1000,20,24,5.329071241002151e-14,0.0,0.0,7.913670965569572e-14,0.004,,,,,
-2,4,3,0,schwarzschild-overtone-continuation,ell4-uniform-40,22,11,26,0.4230769230769231,0x1.b13b13b13b13bp-2,0.9239782085834018,-0.09180695845354316,17.476705316714952,0.057469364211219454,true,4.965068306494546e-14,2.2887833992611187e-16,1000,20,24,5.684343410739902e-14,0.0,3.650675994272797e-15,1.8782991868384435e-13,0.004,,,,,
-2,4,3,0,schwarzschild-overtone-continuation,ell4-uniform-40,23,23,52,0.4423076923076923,0x1.c4ec4ec4ec4ecp-2,0.9309407457933808,-0.09155523128893815,17.445750092511133,0.06051830427710664,true,6.894976610050558e-14,0.0,1000,20,24,6.039616482650282e-14,0.0,1.3256011772999124e-15,2.082342781400547e-13,0.004,,,,,
-2,4,3,0,schwarzschild-overtone-continuation,ell4-uniform-40,24,6,13,0.46153846153846156,0x1.d89d89d89d89ep-2,0.9381237372506203,-0.09128295153444158,17.41392884385359,0.06359844273592798,true,1.4670075518060814e-14,2.237726045655905e-16,1000,20,24,3.552869800483006e-14,0.0,1.0054454872387961e-15,2.200967234718368e-13,0.004,,,,,
-2,4,3,0,schwarzschild-overtone-continuation,ell4-uniform-40,25,25,52,0.4807692307692308,0x1.ec4ec4ec4ec4fp-2,0.9455407001613457,-0.09098841741238671,17.38119543051098,0.06670775806324254,true,1.3397535560972721e-13,1.1443916996305594e-16,1000,20,24,1.776723261942178e-14,0.0,0.0,2.0932871655763217e-13,0.004,,,,,
-2,4,3,0,schwarzschild-overtone-continuation,ell4-uniform-40,26,1,2,0.5,0x1.0000000000000p-1,0.9532064708714908,-0.0906697271739542,17.34749957291484,0.06984386731149422,true,5.74426431766485e-14,2.9052345828309734e-16,1000,20,24,7.107067024200057e-15,0.0,0.0,1.736292266697234e-13,0.004,,KerrQNMEFs-2/l4/s-2l4m3n0.dat,501,1.6504651808933464e-15,1.7819879337485572e-14
-2,4,3,0,schwarzschild-overtone-continuation,ell4-uniform-40,27,27,52,0.5192307692307693,0x1.09d89d89d89d9p-1,0.9611373863411915,-0.09032474788286614,17.31278631264758,0.07300396191317174,true,9.35977930910351e-14,4.443059973708341e-16,1000,20,24,5.684342055487388e-14,0.0,0.0,5.979929587523103e-14,0.004,,,,,
-2,4,3,0,schwarzschild-overtone-continuation,ell4-uniform-40,28,7,13,0.5384615384615384,0x1.13b13b13b13b1p-1,0.9693514985815402,-0.08995107794861257,17.276995378539578,0.0761847298789531,true,5.5876323710897766e-14,4.518280359883027e-16,1000,20,24,7.46070918028039e-14,0.0,2.4034229095605786e-15,6.758076290323766e-14,0.004,,,,,
-2,4,3,0,schwarzschild-overtone-continuation,ell4-uniform-40,29,29,52,0.5576923076923077,0x1.1d89d89d89d8ap-1,0.977868829630814,-0.08954600185458976,17.2400604372743,0.07938226090174973,true,1.3065377012206863e-13,8.884223316973178e-16,1000,20,24,8.526667439466742e-14,2.6577322408464374e-15,4.5317511820470034e-15,1.5257873832616256e-13,0.004,,,,,
-2,4,3,0,schwarzschild-overtone-continuation,ell4-uniform-40,30,15,26,0.5769230769230769,0x1.2762762762762p-1,0.9867116767892814,-0.0891064350563227,17.20190820155483,0.0825919298038358,true,6.040266291023252e-14,1.3877787807814457e-16,1000,20,24,7.110846302088116e-15,0.0,0.0,2.714762053482276e-14,0.004,,,,,
-2,4,3,0,schwarzschild-overtone-continuation,ell4-uniform-40,31,31,52,0.5961538461538461,0x1.313b13b13b13bp-1,0.9959049807033565,-0.08862885638606907,17.162457361099943,0.08580825229952575,true,1.1122550935330533e-13,4.577566798522237e-16,1000,20,24,2.842173992357375e-14,0.0,3.911099408516181e-15,1.8655182901798756e-13,0.004,,,,,
-2,4,3,0,schwarzschild-overtone-continuation,ell4-uniform-40,32,8,13,0.6153846153846154,0x1.3b13b13b13b14p-1,1.0054767727858058,-0.08810922441857874,17.12161729120414,0.08902470502064677,true,1.4656625984618587e-14,2.582350176184633e-16,1000,20,24,1.0662124734890939e-14,0.0,0.0,9.187818319258412e-14,0.004,,,,,
-2,4,3,0,schwarzschild-overtone-continuation,ell4-uniform-40,33,33,52,0.6346153846153846,0x1.44ec4ec4ec4ecp-1,1.015458723814401,-0.08754287302244745,17.079286479193815,0.09223349891616027,true,6.830786442981918e-14,5.061588988174682e-16,1000,20,24,3.9079971207315474e-14,0.0,0.0,4.780512569197231e-14,0.004,,,,,
-2,4,3,0,schwarzschild-overtone-continuation,ell4-uniform-40,34,17,26,0.6538461538461539,0x1.4ec4ec4ec4ec5p-1,1.0258868230186737,-0.08692437957606558,17.035350589118906,0.09542529110507537,true,8.102924544854813e-14,2.0014830212433605e-16,1000,20,24,4.9738008927881733e-14,0.0,4.082240392577815e-15,2.6528523047284316e-13,0.004,,,,,
-2,4,3,0,schwarzschild-overtone-continuation,ell4-uniform-40,35,35,52,0.6730769230769231,0x1.589d89d89d89ep-1,1.0368022275401376,-0.08624739681246657,16.989680056834114,0.09858881443696446,true,9.616351679017001e-14,6.667118051786499e-16,1000,20,24,2.842173992357375e-14,0.0,0.0,1.1192457806447013e-13,0.004,,,,,
-2,4,3,0,schwarzschild-overtone-continuation,ell4-uniform-40,36,9,13,0.6923076923076923,0x1.6276276276276p-1,1.048252337388625,-0.08550443556694665,16.942127067217864,0.10171039544731852,true,1.1987858993847683e-13,3.48951172420846e-16,1000,20,24,1.1013476144692566e-13,0.0,4.254509675899614e-15,1.9281157318404047e-13,0.004,,,,,
-2,4,3,0,schwarzschild-overtone-continuation,ell4-uniform-40,37,37,52,0.7115384615384616,0x1.6c4ec4ec4ec4fp-1,1.0602921733926953,-0.0846865801782181,16.89252170622285,0.10477331854488552,true,2.0298569199779814e-14,4.85722573273506e-17,1000,20,24,4.618568648341741e-14,0.0,1.6432144662310227e-15,2.478042661426013e-13,0.004,,,,,
-2,4,3,0,schwarzschild-overtone-continuation,ell4-uniform-40,38,19,26,0.7307692307692307,0x1.7627627627627p-1,1.0729861692018612,-0.08378310984231531,16.84066699233577,0.10775697456516044,true,1.6628161271769187e-14,4.85722573273506e-17,1000,20,24,6.39489968018668e-14,0.0,7.929792726436376e-16,5.515473566030869e-14,0.004,,,,,
-2,4,3,0,schwarzschild-overtone-continuation,ell4-uniform-40,39,3,4,0.75,0x1.8000000000000p-1,1.0864105399409647,-0.08278098596117307,16.78633235737532,0.11063570086038861,true,7.352493367599773e-14,2.6945789820192466e-16,1000,20,24,7.460785977431399e-14,0.0,1.4988010832439613e-15,6.641658129244662e-14,0.004,,KerrQNMEFs-2/l4/s-2l4m3n0.dat,751,2.4415836985165615e-15,4.278149249756131e-14
-2,4,3,1,schwarzschild-overtone-continuation,ell4-uniform-40,0,0,1,0.0,0x0.0p+0,0.7966315320345015,-0.28433434940484187,18.0,0.0,true,2.513215369983957e-13,6.059128614320849e-16,1000,20,24,0.0,4.308824046522781e-15,7.199349044417092e-15,4.5775667985222375e-14,0.004,0.19058383971943865,KerrQNMEFs-2/l4/s-2l4m3n1.dat,1,1.535362579956271e-15,0.0
-2,4,3,1,schwarzschild-overtone-continuation,ell4-uniform-40,1,1,52,0.019230769230769232,0x1.3b13b13b13b14p-6,0.8008328238993501,-0.28424377781269006,17.981444699918665,0.006620006338588235,true,2.356754282391489e-13,2.8177377798042847e-16,1000,20,24,7.105448533393129e-15,0.0,6.762570671530283e-15,8.007533111303811e-14,0.004,0.1905069686131699,,,,
-2,4,3,1,schwarzschild-overtone-continuation,ell4-uniform-40,2,1,26,0.038461538461538464,0x1.3b13b13b13b14p-5,0.8051193892141305,-0.28413639923241046,17.96253881976452,0.013357264773737327,true,4.473830168990681e-13,4.449557262054371e-16,1000,20,24,1.4210854821081122e-14,0.0,1.174333123444362e-14,8.745045719366567e-13,0.004,0.19041869740376932,,,,
-2,4,3,1,schwarzschild-overtone-continuation,ell4-uniform-40,3,3,52,0.057692307692307696,0x1.d89d89d89d89ep-5,0.8094942201936062,-0.2840114230591784,17.94327054567782,0.020212287951470426,true,3.412559027082929e-14,4.90457592513324e-16,1000,20,24,7.105429263424878e-14,0.0,3.670878183063095e-15,2.1363275972070088e-13,0.004,0.1903184997099846,,,,
-2,4,3,1,schwarzschild-overtone-continuation,ell4-uniform-40,4,1,13,0.07692307692307693,0x1.3b13b13b13b14p-4,0.81396047481187,-0.2838680013393741,17.923627458277885,0.027185540115976046,true,1.6464214418073738e-13,3.8163916471489756e-16,1000,20,24,2.8421714724359436e-14,0.0,0.0,1.5887473803080438e-13,0.004,0.1902058109136171,,,,
-2,4,3,1,schwarzschild-overtone-continuation,ell4-uniform-40,5,5,52,0.09615384615384616,0x1.89d89d89d89d9p-4,0.8185214893875652,-0.2837052238360113,17.903596489779446,0.034277429562466884,true,9.351742730906599e-14,2.5447867175859907e-16,1000,20,24,2.4869866970231707e-14,0.0,2.396642123083981e-15,7.247971273254743e-13,0.004,0.19008002487190442,,,,
-2,4,3,1,schwarzschild-overtone-continuation,ell4-uniform-40,6,3,26,0.11538461538461539,0x1.d89d89d89d89ep-4,0.8231807923978935,-0.28352211255135246,17.88316387709249,0.0414883001075497,true,1.450160378255041e-13,6.342923343242401e-16,1000,20,24,1.421114100945431e-14,0.0,0.0,1.6226463087673084e-13,0.004,0.18994049026824714,,,,
-2,4,3,1,schwarzschild-overtone-continuation,ell4-uniform-40,7,7,52,0.1346153846153846,0x1.13b13b13b13b1p-3,0.8279421196701896,-0.28331761563510627,17.8623151104384,0.04881842143548675,true,9.759056157607289e-14,3.189627710442956e-16,1000,20,24,7.460830893718047e-14,1.923763753981895e-15,5.7614050176587034e-15,3.8216785813377884e-13,0.004,0.1897865065535467,,,,
-2,4,3,1,schwarzschild-overtone-continuation,ell4-uniform-40,8,2,13,0.15384615384615385,0x1.3b13b13b13b14p-3,0.8328094311217311,-0.28309060059556945,17.84103487694698,0.05626797815528422,true,1.5698726303504987e-13,8.671119018262734e-16,1000,20,24,2.4869243568008203e-14,0.0,0.0,1.5812818886204448e-13,0.004,0.18961731942305896,,,,
-2,4,3,1,schwarzschild-overtone-continuation,ell4-uniform-40,9,9,52,0.17307692307692307,0x1.6276276276276p-3,0.8377869292433993,-0.28283984671767,17.819306998621382,0.06383705737589553,true,6.35171778696642e-14,2.2247786310271853e-16,1000,20,24,1.7765134997060886e-14,0.0,0.0,3.158011390669487e-13,0.004,0.18943211576479335,,,,
-2,4,3,1,schwarzschild-overtone-continuation,ell4-uniform-40,10,5,26,0.19230769230769232,0x1.89d89d89d89d9p-3,0.8428790795527238,-0.28256403657621154,17.79711436396913,0.0715256345737642,true,7.388048333931287e-14,2.914335439641036e-16,1000,20,24,9.71445146547012e-17,0.0,0.0,3.1050728985216815e-13,0.004,0.18923001800486228,,,,
-2,4,3,1,schwarzschild-overtone-continuation,ell4-uniform-40,11,11,52,0.21153846153846154,0x1.b13b13b13b13bp-3,0.8480906332768883,-0.28226174651401337,17.774438852487933,0.07933355748725739,true,2.437208354994666e-13,4.649058915617843e-16,1000,20,24,4.6186687265724704e-14,1.7351120105244293e-15,2.9546328455357126e-15,2.686853492105509e-13,0.004,0.1890100777630222,,,,
-2,4,3,1,schwarzschild-overtone-continuation,ell4-uniform-40,12,3,13,0.23076923076923078,0x1.d89d89d89d89ep-3,0.8534266525678808,-0.2819314359323042,17.751261251073462,0.08726052772530732,true,9.81025129326275e-14,2.7755575615628914e-16,1000,20,24,3.197539887627095e-14,0.0,3.797547027170516e-15,1.0391687510491465e-13,0.004,0.18877126871656552,,,,
-2,4,3,1,schwarzschild-overtone-continuation,ell4-uniform-40,13,1,4,0.25,0x1.0000000000000p-2,0.8588925386009663,-0.28157143521384803,17.72756116126343,0.09530607972002596,true,1.4336655154100542e-13,5.061588988174682e-16,1000,20,24,4.973861878765122e-14,0.0,6.805042272227426e-15,3.0280632357425076e-13,0.004,0.1885124785529152,KerrQNMEFs-2/l4/s-2l4m3n1.dat,251,3.3009303617866928e-15,4.619329188516703e-14
-2,4,3,1,schwarzschild-overtone-continuation,ell4-uniform-40,14,7,26,0.2692307692307692,0x1.13b13b13b13b1p-2,0.8644940629667733,-0.28117993206714803,17.703316896058055,0.10346955658394644,true,1.8703749067541858e-13,3.7192730237993177e-16,1000,20,24,7.815970586180256e-14,0.0,7.560121544895368e-15,2.5309968354083785e-13,0.004,0.18823249986973506,,,,
-2,4,3,1,schwarzschild-overtone-continuation,ell4-uniform-40,15,15,52,0.28846153846153844,0x1.2762762762762p-2,0.8702374028374823,-0.2807549560409957,17.678505364845247,0.11175008234825269,true,6.43668973480993e-14,4.965068306494546e-16,1000,20,24,2.8423349238884996e-14,0.0,2.196025632989205e-15,8.054559009987823e-14,0.004,0.18793001985538627,,,,
-2,4,3,1,schwarzschild-overtone-continuation,ell4-uniform-40,16,4,13,0.3076923076923077,0x1.3b13b13b13b14p-2,0.8761291804723976,-0.2802943609111101,17.653101944708308,0.12014652995538785,true,3.0227440240156574e-14,1.3183898417423734e-16,1000,20,24,5.32933144313582e-14,0.0,1.9389211565826713e-15,3.216705250865325e-13,0.004,0.1876036085508431,,,,
-2,4,3,1,schwarzschild-overtone-continuation,ell4-uniform-40,17,17,52,0.3269230769230769,0x1.4ec4ec4ec4ec5p-2,0.8821765077303192,-0.2797958045826812,17.627080336083264,0.12865748425323223,true,1.553398410898039e-13,2.2982303784612184e-16,1000,20,24,3.552752709864308e-14,2.7938161855448883e-15,5.412835399120699e-15,8.103015814732677e-13,0.004,0.1872517054555121,,,,
-2,4,3,1,schwarzschild-overtone-continuation,ell4-uniform-40,18,9,26,0.34615384615384615,0x1.6276276276276p-2,0.8883870363807378,-0.27925672608146734,17.600412400373614,0.137281199082301,true,1.8028982764968433e-13,4.85722573273506e-17,1000,20,24,8.526534964886823e-14,0.0,0.0,2.5169321602652177e-13,0.004,0.18687260419190602,,,,
-2,4,3,1,schwarzschild-overtone-continuation,ell4-uniform-40,19,19,52,0.36538461538461536,0x1.7627627627627p-2,0.8947690151571899,-0.2786743191180958,17.57306797667516,0.14601554735433633,true,2.1967293710008916e-13,1.2412670766236366e-16,1000,20,24,7.105427899702067e-14,2.3135566778103808e-15,2.6372178930022424e-15,2.015856865600241e-13,0.004,0.18646443488550316,,,,
-2,4,3,1,schwarzschild-overtone-continuation,ell4-uniform-40,20,5,13,0.38461538461538464,0x1.89d89d89d89d9p-2,0.9013313546825057,-0.2780455016012796,17.545014674218756,0.15485796278009864,true,6.087748789764829e-14,2.7344877050525285e-16,1000,20,24,2.1316282072803006e-14,1.942097114741681e-15,2.112343365827712e-15,1.1818114201063558e-13,0.004,0.18602514384328978,,,,
-2,4,3,1,schwarzschild-overtone-continuation,ell4-uniform-40,21,21,52,0.40384615384615385,0x1.9d89d89d89d8ap-2,0.9080837016253195,-0.2773668803391501,17.516217636466383,0.16380537160227807,true,7.361172160711316e-14,3.4506610788621483e-16,1000,20,24,2.1318468435059098e-14,0.0,0.0,2.110676174020366e-13,0.004,0.18555247002353836,,,,
-2,4,3,1,schwarzschild-overtone-continuation,ell4-uniform-40,22,11,26,0.4230769230769231,0x1.b13b13b13b13bp-2,0.915036523732582,-0.2766347099969553,17.486639271961185,0.1728541123087171,true,4.0529071293288376e-14,1.249000902703301e-16,1000,20,24,9.947840307111122e-14,0.0,5.811463456374355e-15,9.121899379115751e-14,0.004,0.18504391767514183,,,,
-2,4,3,1,schwarzschild-overtone-continuation,ell4-uniform-40,23,23,52,0.4423076923076923,0x1.c4ec4ec4ec4ecp-2,0.9222012077391561,-0.2758448451622258,17.45623894599751,0.18199984081730913,true,1.3207921623731732e-13,6.78877776696119e-16,1000,20,24,7.144837234390162e-15,0.0,0.0,7.590451188887414e-14,0.004,0.18449672438004608,,,,
-2,4,3,1,schwarzschild-overtone-continuation,ell4-uniform-40,24,6,13,0.46153846153846156,0x1.d89d89d89d89ep-2,0.929590172604448,-0.2749926840927416,17.424972625874283,0.19123741800533808,true,1.0650204612835799e-13,1.5959455978986625e-16,1000,20,24,4.973997400481225e-14,0.0,7.520890379115718e-15,3.8333009140977917e-13,0.004,0.1839078235481365,,,,
-2,4,3,1,schwarzschild-overtone-continuation,ell4-uniform-40,25,25,52,0.4807692307692308,0x1.ec4ec4ec4ec4fp-2,0.9372170010944963,-0.2740731023676608,17.392792470861085,0.20056077565838143,true,2.1389903813544238e-13,1.1796119636642288e-16,1000,20,24,1.7788617486884397e-14,4.712893470324691e-15,5.253654653572345e-15,1.9196215205063264e-13,0.004,0.18327380017702322,,,,
-2,4,3,1,schwarzschild-overtone-continuation,ell4-uniform-40,26,1,2,0.5,0x1.0000000000000p-1,0.9450965934540831,-0.273080374203056,17.35964635591321,0.20996275587791297,true,6.94939311146163e-14,3.3486903561235222e-16,1000,20,24,3.5658083926151344e-15,0.0,0.0,1.0990310757252544e-13,0.004,0.18259083838271,KerrQNMEFs-2/l4/s-2l4m3n1.dat,501,2.5201084469941663e-15,2.5005478529488604e-14
-2,4,3,1,schwarzschild-overtone-continuation,ell4-uniform-40,27,27,52,0.5192307692307693,0x1.09d89d89d89d9p-1,0.9532453478490157,-0.2720080785937025,17.325477315501253,0.21943491762928546,true,1.474324343089618e-13,2.2591401799415137e-16,1000,20,24,2.845693772106297e-14,0.0,0.0,1.0156568776377748e-13,0.004,0.18185465880682056,,,,
-2,4,3,1,schwarzschild-overtone-continuation,ell4-uniform-40,28,7,13,0.5384615384615384,0x1.13b13b13b13b1p-1,0.9616813734738231,-0.27084898665249324,17.290222890459287,0.22896730231654483,true,8.427521548433486e-14,2.6945789820192466e-16,1000,20,24,3.553823728406967e-14,0.0,1.3035550213368962e-14,5.75309472803113e-13,0.004,0.18106044347842953,,,,
-2,4,3,1,schwarzschild-overtone-continuation,ell4-uniform-40,29,29,52,0.5576923076923077,0x1.1d89d89d89d8ap-1,0.9704247438143996,-0.26959492546706393,17.25381435623377,0.2385481478732272,true,2.449288879097283e-13,6.938893903907228e-17,1000,20,24,7.816303232019902e-14,4.664258210240747e-15,1.0932737676018179e-14,7.077150611047714e-13,0.004,0.1802027450058758,,,,
-2,4,3,1,schwarzschild-overtone-continuation,ell4-uniform-40,30,15,26,0.5769230769230769,0x1.2762762762762p-1,0.9794977996678425,-0.26823661237774743,17.216175804952638,0.2481635376228288,true,1.0982771496798272e-13,6.414255875545683e-16,1000,20,24,5.685171917768199e-14,1.5423711185402538e-15,2.437438961788735e-15,7.126060039361909e-13,0.004,0.17927537602896915,,,,
-2,4,3,1,schwarzschild-overtone-continuation,ell4-uniform-40,31,31,52,0.5961538461538461,0x1.313b13b13b13bp-1,0.9889255143528687,-0.26676345165431004,17.17722304578132,0.2577969657452163,true,2.896020111469917e-13,1.7772239894833365e-16,1000,20,24,1.7767817958208732e-14,0.0,0.0,4.6116905799021773e-14,0.004,0.1782712735746217,,,,
-2,4,3,1,schwarzschild-overtone-continuation,ell4-uniform-40,32,8,13,0.6153846153846154,0x1.3b13b13b13b14p-1,0.9987359373834017,-0.26516328289317204,17.136862277292224,0.2674287950791687,true,1.3429146829960616e-13,1.6653345369377348e-16,1000,20,24,1.4258587865049564e-14,0.0,7.224131730597634e-15,2.8236810976542325e-13,0.004,0.17718233118527085,,,,
-2,4,3,1,schwarzschild-overtone-continuation,ell4-uniform-40,33,33,52,0.6346153846153846,0x1.44ec4ec4ec4ecp-1,1.0089607381533596,-0.26342206674599705,17.09498847089535,0.2770355744359706,true,7.856740153113387e-15,4.236704743275018e-16,1000,20,24,5.68479994304305e-14,0.0,1.047676473872146e-14,3.5696493169953176e-13,0.004,0.17599918920977162,,,,
-2,4,3,1,schwarzschild-overtone-continuation,ell4-uniform-40,34,17,26,0.6538461538461539,0x1.4ec4ec4ec4ec5p-1,1.0196358785321227,-0.2615234883271521,17.051483384018844,0.2865891704334783,true,1.7519094186854488e-13,8.275921921288956e-16,1000,20,24,1.435067942883752e-14,3.4043319511094436e-15,4.311326371230795e-15,1.141112695391529e-13,0.004,0.1747109701296621,,,,
-2,4,3,1,schwarzschild-overtone-continuation,ell4-uniform-40,35,35,52,0.6730769230769231,0x1.589d89d89d89ep-1,1.0308024536770997,-0.25944845106021164,17.006213093050285,0.2960556512795046,true,1.312131443737577e-13,2.2591401799415137e-16,1000,20,24,5.3292121854015934e-14,0.0,7.772354148366362e-15,4.621942590879402e-14,0.004,0.17330494072281358,,,,
-2,4,3,1,schwarzschild-overtone-continuation,ell4-uniform-40,36,9,13,0.6923076923076923,0x1.6276276276276p-1,1.0425077553557507,-0.25717442258624396,16.959024894974643,0.3053938340686614,true,3.7405204711101454e-13,1.3183898417423734e-16,1000,20,24,3.200216664857519e-14,0.0,0.0,5.185551663005061e-13,0.004,0.17176607542218028,,,,
-2,4,3,1,schwarzschild-overtone-continuation,ell4-uniform-40,37,37,52,0.7115384615384616,0x1.6c4ec4ec4ec4fp-1,1.0548066340645321,-0.25467457768133916,16.909743366673563,0.31455336834740527,true,2.858568817910783e-13,4.934426949698985e-16,1000,20,24,3.198025317604075e-14,4.9464142581768705e-15,5.274435786004485e-15,4.3770100273622407e-13,0.004,0.17007648407949263,,,,
-2,4,3,1,schwarzschild-overtone-continuation,ell4-uniform-40,38,19,26,0.7307692307692307,0x1.7627627627627p-1,1.067763269203547,-0.25191665760366216,16.858165281446336,0.32347216917292637,true,1.5511369252661373e-13,5.978733960281817e-16,1000,20,24,1.1726384815329227e-13,0.0,0.0,4.848008226013691e-13,0.004,0.1682146502752049,,,,
-2,4,3,1,schwarzschild-overtone-continuation,ell4-uniform-40,39,3,4,0.75,0x1.8000000000000p-1,1.0814535071760512,-0.2488614252306987,16.804052945860608,0.332072919302818,true,4.5723939179186944e-14,6.245004513516506e-17,1000,20,24,1.4432899320127035e-15,0.0,0.0,1.4681833753031038e-13,0.004,0.1661543995258357,KerrQNMEFs-2/l4/s-2l4m3n1.dat,751,7.056687937132857e-15,3.6105982186949276e-14
-2,4,3,2,schwarzschild-overtone-continuation,ell4-uniform-40,0,0,1,0.0,0x0.0p+0,0.7727095326067109,-0.4799081751211623,18.0,0.0,true,1.4383281002407287e-13,1.7772239894833365e-16,1000,20,24,0.0,0.0,0.0,2.0756978600089177e-13,0.004,0.19703142734584472,KerrQNMEFs-2/l4/s-2l4m3n2.dat,1,1.837746106097754e-15,0.0
-2,4,3,2,schwarzschild-overtone-continuation,ell4-uniform-40,1,1,52,0.019230769230769232,0x1.3b13b13b13b14p-6,0.7771633431412608,-0.47967667931632013,17.98201573091416,0.011168600858160934,true,1.4184462410561038e-13,6.938893903907228e-17,1000,20,24,7.815971712348908e-14,0.0,0.0,2.0381711230644616e-13,0.004,0.1968610253693837,,,,
-2,4,3,2,schwarzschild-overtone-continuation,ell4-uniform-40,2,1,26,0.038461538461538464,0x1.3b13b13b13b14p-5,0.7817072905161798,-0.4794159193677146,17.963718373006863,0.022525451240196972,true,6.656599510731003e-14,6.777420539824541e-16,1000,20,24,3.907985431695508e-14,0.0,1.5553031891404223e-15,4.0655390929916354e-13,0.004,0.1966779533900972,,,,
-2,4,3,2,schwarzschild-overtone-continuation,ell4-uniform-40,3,3,52,0.057692307692307696,0x1.d89d89d89d89ep-5,0.786344443791977,-0.47912456452305247,17.945095357756152,0.03407148309737868,true,3.158482846797721e-13,7.28550816809042e-16,1000,20,24,3.907988989231917e-14,0.0,0.0,3.109233445932044e-13,0.004,0.196481678838886,,,,
-2,4,3,2,schwarzschild-overtone-continuation,ell4-uniform-40,4,1,13,0.07692307692307693,0x1.3b13b13b13b14p-4,0.7910780399640485,-0.4788011872201715,17.92613345951803,0.04580754990607277,true,1.2638688408937167e-13,3.469446951953614e-16,1000,20,24,5.329083573785919e-14,0.0,0.0,3.609808855992622e-13,0.004,0.19627163010023202,,,,
-2,4,3,2,schwarzschild-overtone-continuation,ell4-uniform-40,5,5,52,0.09615384615384616,0x1.89d89d89d89d9p-4,0.7959114966661142,-0.47844425483205544,17.90681874954628,0.05773441381156806,true,1.0131464898392437e-13,3.5821094699185227e-16,1000,20,24,9.237089341887228e-14,0.0,0.0,2.37535842023752e-13,0.004,0.19604719320648867,,,,
-2,4,3,2,schwarzschild-overtone-continuation,ell4-uniform-40,6,3,26,0.11538461538461539,0x1.d89d89d89d89ep-4,0.8008484260999991,-0.47805212050314627,17.8871365457137,0.06985273111021022,true,4.502039649983605e-13,3.122502256758253e-16,1000,20,24,4.973861878765122e-14,0.0,6.408593517931132e-15,3.250538872945566e-13,0.004,0.19580770816846893,,,,
-2,4,3,2,schwarzschild-overtone-continuation,ell4-uniform-40,7,7,52,0.1346153846153846,0x1.13b13b13b13b1p-3,0.805892650340149,-0.4776230129570926,17.867071357434952,0.08216303583131727,true,4.884311091384564e-13,1.8041124150158794e-16,1000,20,24,7.460714343138857e-14,0.0,0.0,6.145610646431968e-13,0.004,0.19555246489418476,,,,
-2,4,3,2,schwarzschild-overtone-continuation,ell4-uniform-40,8,2,13,0.15384615384615385,0x1.3b13b13b13b14p-3,0.8110482181824201,-0.47715502513747104,17.84660682522336,0.09466572114141113,true,8.675098290975413e-14,2.2247786310271853e-16,1000,20,24,4.2634734753448e-14,0.0,1.1457506993117875e-14,1.0117954537624066e-12,0.004,0.19528069864011,,,,
-2,4,3,2,schwarzschild-overtone-continuation,ell4-uniform-40,9,9,52,0.17307692307692307,0x1.6276276276276p-3,0.8163194237316271,-0.476646101520926,17.82572565423219,0.1073610182465232,true,1.6822952724093657e-13,4.577566798522237e-16,1000,20,24,1.0658719261875218e-14,0.0,0.0,4.990266631755953e-13,0.004,0.19499158493063892,,,,
-2,4,3,2,schwarzschild-overtone-continuation,ell4-uniform-40,10,5,26,0.19230769230769232,0x1.89d89d89d89d9p-3,0.8217108269521692,-0.4760940239157236,17.804409541031852,0.12024897241290056,true,3.3937249765157416e-14,2.306595211858756e-16,1000,20,24,9.237162316478351e-14,0.0,0.0,7.388128414954812e-13,0.004,0.19468423387062594,,,,
-2,4,3,2,schwarzschild-overtone-continuation,ell4-uniform-40,11,11,52,0.21153846153846154,0x1.b13b13b13b13bp-3,0.8272272764401248,-0.4754963955277226,17.782639092765294,0.1333294156600783,true,9.12406112035498e-14,1.2412670766236366e-16,1000,20,24,3.908033342660716e-14,0.0,0.0,5.8078991302579e-14,0.004,0.1943576837635948,,,,
-2,4,3,2,schwarzschild-overtone-continuation,ell4-uniform-40,12,3,13,0.23076923076923078,0x1.d89d89d89d89ep-3,0.8328739347167223,-0.47485062303817965,17.76039373769056,0.1466019356005271,true,6.613798998647079e-13,5.468975410105057e-16,1000,20,24,5.684561432780947e-14,0.0,0.0,2.527117343106539e-13,0.004,0.19401089393294674,,,,
-2,4,3,2,schwarzschild-overtone-continuation,ell4-uniform-40,13,1,4,0.25,0x1.0000000000000p-2,0.8386563063913607,-0.47415389639310673,17.737651625957565,0.16006583980397995,true,2.993319402868791e-13,7.632783294297951e-17,1000,20,24,1.778056055693871e-14,0.0,1.616509124176106e-15,3.454774304639003e-14,0.004,0.1936427366257298,KerrQNMEFs-2/l4/s-2l4m3n2.dat,251,3.0832434554370492e-15,3.9081043070997826e-14
-2,4,3,2,schwarzschild-overtone-continuation,ell4-uniform-40,14,7,26,0.2692307692307692,0x1.13b13b13b13b1p-2,0.8445802696006607,-0.47340316594983983,17.71438951928803,0.1737201149483514,true,1.950193886835753e-13,2.582350176184633e-16,1000,20,24,4.6186478771198966e-14,0.0,6.611422389910714e-15,8.101920508338772e-14,0.004,0.1932519878566538,,,,
-2,4,3,2,schwarzschild-overtone-continuation,ell4-uniform-40,15,15,52,0.28846153846153844,0x1.2762762762762p-2,0.8506521111991975,-0.47259511656109887,17.69058266799612,0.18756337987768204,true,1.5371453753111985e-13,4.90457592513324e-16,1000,20,24,1.136946437092698e-13,0.0,0.0,5.563757269951509e-13,0.004,0.192837317023795,,,,
-2,4,3,2,schwarzschild-overtone-continuation,ell4-uniform-40,16,4,13,0.3076923076923077,0x1.3b13b13b13b14p-2,0.8568785662612046,-0.4717261380973413,17.666204673525005,0.20159383151490337,true,1.05861963116107e-13,4.809409384954737e-16,1000,20,24,1.0658233554585335e-13,0.0,0.0,5.05884472412605e-13,0.004,0.19239727509553523,,,,
-2,4,3,2,schwarzschild-overtone-continuation,ell4-uniform-40,17,17,52,0.3269230769230769,0x1.4ec4ec4ec4ec5p-2,0.8632668625532496,-0.47079229181110444,17.641227334354376,0.21580918236552454,true,2.0179884753027053e-13,6.429251234118251e-16,1000,20,24,7.147801729532276e-15,0.0,0.0,1.7164837881290802e-13,0.004,0.19193028112916394,,,,
-2,4,3,2,schwarzschild-overtone-continuation,ell4-uniform-40,18,9,26,0.34615384615384615,0x1.6276276276276p-2,0.8698247707601912,-0.4697892718277192,17.615620472740094,0.23020658808678604,true,1.03578512786223e-13,7.642869566678791e-16,1000,20,24,1.0658748533705623e-13,0.0,0.0,1.3786234362395643e-13,0.004,0.19143460683354846,,,,
-2,4,3,2,schwarzschild-overtone-continuation,ell4-uniform-40,19,19,52,0.36538461538461536,0x1.7627627627627p-2,0.8765606613960794,-0.46871236089958673,17.58935173928272,0.2447825632734422,true,1.9056757497736727e-13,1.3472894910096233e-16,1000,20,24,2.131933569020253e-14,2.7217452008024307e-15,1.1710090180710446e-14,1.186167599922413e-12,0.004,0.19090835882913412,,,,
-2,4,3,2,schwarzschild-overtone-continuation,ell4-uniform-40,20,5,13,0.38461538461538464,0x1.89d89d89d89d9p-2,0.8834835695145319,-0.4675563793783158,17.56238639173863,0.2595328832070015,true,4.4853010194856324e-14,2.237726045655905e-16,1000,20,24,2.1317438523750435e-14,0.0,9.613050554510056e-15,3.795931590070537e-13,0.004,0.19034945818474214,,,,
-2,4,3,2,schwarzschild-overtone-continuation,ell4-uniform-40,21,21,52,0.40384615384615385,0x1.9d89d89d89d8ap-2,0.8906032685590294,-0.46631562613059646,17.534687043781236,0.2744524688093099,true,3.615235312367958e-13,1.1188630228279524e-16,1000,20,24,1.6343572745023566e-13,5.241910691967345e-15,8.777083671441753e-15,7.765027777091619e-13,0.004,0.1897556167188357,,,,
-2,4,3,2,schwarzschild-overtone-continuation,ell4-uniform-40,22,11,26,0.4230769230769231,0x1.b13b13b13b13bp-2,0.8979303549734803,-0.46498380983664367,17.506213378543805,0.2895352514021356,true,8.572762336764768e-14,2.9504581591051765e-16,1000,20,24,1.1369823482567452e-13,0.0,0.0,3.799870285460537e-13,0.004,0.1891243094370361,,,,
-2,4,3,2,schwarzschild-overtone-continuation,ell4-uniform-40,23,23,52,0.4423076923076923,0x1.c4ec4ec4ec4ecp-2,0.9054763455436765,-0.46355396874648924,17.476921820686922,0.30477401306252444,true,5.96139109438448e-14,4.443059973708341e-16,1000,20,24,7.465067297525976e-14,0.0,3.4617779371235145e-15,4.2689609946852696e-13,0.004,0.18845274233141335,,,,
-2,4,3,2,schwarzschild-overtone-continuation,ell4-uniform-40,24,6,13,0.46153846153846156,0x1.d89d89d89d89ep-2,0.9132537898799126,-0.46201837650628014,17.44676515936407,0.3201601973251585,true,2.0568235179620716e-13,4.506008925723787e-16,1000,20,24,8.171288600330073e-14,2.4405974948771956e-15,9.46444779611722e-15,1.1000329070999949e-12,0.004,0.18773781458003083,,,,
-2,4,3,2,schwarzschild-overtone-continuation,ell4-uniform-40,25,25,52,0.4807692307692308,0x1.ec4ec4ec4ec4fp-2,0.9212764010084725,-0.4603684310716835,17.4156921127444,0.3356836836440902,true,9.100362079739732e-14,6.183017822721088e-16,1000,20,24,1.7767461554221255e-13,0.0,0.0,6.735100059396622e-13,0.004,0.186976073945418,,,,
-2,4,3,2,schwarzschild-overtone-continuation,ell4-uniform-40,26,1,2,0.5,0x1.0000000000000p-1,0.9295592077511566,-0.4585945229550055,17.383646822556706,0.351332517286212,true,1.4906851726360828e-13,8.720122076511833e-16,1000,20,24,3.5556441528666336e-14,0.0,0.0,1.776317981169372e-13,0.004,0.18616366385963176,KerrQNMEFs-2/l4/s-2l4m3n2.dat,501,3.2953244754398602e-15,9.606812180372234e-14
-2,4,3,2,schwarzschild-overtone-continuation,ell4-uniform-40,27,27,52,0.5192307692307693,0x1.09d89d89d89d9p-1,0.9381187334873902,-0.45668587804622995,17.35056826432139,0.3670925840490548,true,2.8872800736222656e-13,1.5218182408308987e-16,1000,20,24,6.75034087219109e-14,0.0,0.0,3.942614400945213e-13,0.004,0.18529626027708512,,,,
-2,4,3,2,schwarzschild-overtone-continuation,ell4-uniform-40,28,7,13,0.5384615384615384,0x1.13b13b13b13b1p-1,0.9469732070825572,-0.4546303689213832,17.316389555307488,0.38294721617929034,true,2.4180035580326763e-13,2.45228796256662e-16,1000,20,24,3.197924142248426e-14,0.0,0.0,1.1930140681158709e-13,0.004,0.1843689958405616,,,,
-2,4,3,2,schwarzschild-overtone-continuation,ell4-uniform-40,29,29,52,0.5576923076923077,0x1.1d89d89d89d8ap-1,0.9561428133244594,-0.45241428678474355,17.28103713752694,0.39887671183966045,true,4.365873523408883e-14,2.45228796256662e-16,1000,20,24,3.1985263293373255e-14,0.0,5.165818938893381e-15,2.5119320369037486e-13,0.004,0.18337636819155234,,,,
-2,4,3,2,schwarzschild-overtone-continuation,ell4-uniform-40,30,15,26,0.5769230769230769,0x1.2762762762762p-1,0.9656499922741988,-0.4500220638133351,17.244429806843343,0.4148577450329629,true,2.0336182767720087e-14,3.7192730237993177e-16,1000,20,24,8.171333853599596e-14,0.0,0.0,7.160723346098895e-14,0.004,0.18231212829444962,,,,
-2,4,3,2,schwarzschild-overtone-continuation,ell4-uniform-40,31,31,52,0.5961538461538461,0x1.313b13b13b13bp-1,0.9755197997015296,-0.4474359324337365,17.20647755096702,0.43086263546332626,true,6.936895214610187e-14,3.0436364816617974e-16,1000,20,24,4.269327238345212e-14,0.0,4.111199483355482e-15,4.224294587836348e-13,0.004,0.1811691433338066,,,,
-2,4,3,2,schwarzschild-overtone-continuation,ell4-uniform-40,32,8,13,0.6153846153846154,0x1.3b13b13b13b14p-1,0.9857803445213894,-0.4446355035957896,17.167080147908838,0.4468584375433225,true,2.4516338899971513e-13,5.721958498152797e-16,1000,20,24,1.3501408690988043e-13,0.0,0.0,2.658225421959041e-13,0.004,0.17993922693602776,,,,
-2,4,3,2,schwarzschild-overtone-continuation,ell4-uniform-40,33,33,52,0.6346153846153846,0x1.44ec4ec4ec4ecp-1,0.9964633242919712,-0.44159723986528676,17.126125461163387,0.4628057933574716,true,7.12109199069003e-14,7.632783294297951e-17,1000,20,24,1.4512211798297082e-14,0.0,0.0,3.4653189073629074e-14,0.004,0.17861292693786662,,,,
-2,4,3,2,schwarzschild-overtone-continuation,ell4-uniform-40,34,17,26,0.6538461538461539,0x1.4ec4ec4ec4ec5p-1,1.0076046869996154,-0.43829379030003884,17.083487346708587,0.47865747391164665,true,1.268455921114883e-13,3.11864493316497e-16,1000,20,24,4.271924833261429e-14,0.0,0.0,2.690407375002631e-13,0.004,0.1771792573335757,,,,
-2,4,3,2,schwarzschild-overtone-continuation,ell4-uniform-40,35,35,52,0.6730769230769231,0x1.589d89d89d89ep-1,1.019245457491493,-0.43469314129769926,17.03902305708251,0.49435650338483367,true,2.0253584144909416e-14,4.443059973708341e-16,1000,20,24,8.527553599687071e-14,0.0,0.0,3.952393967665557e-14,0.004,0.17562535584951028,,,,
-2,4,3,2,schwarzschild-overtone-continuation,ell4-uniform-40,36,9,13,0.6923076923076923,0x1.6276276276276p-1,1.0314327815056503,-0.4307575188415499,16.99256998515455,0.509833717514851,true,1.6181431075802852e-13,4.847302891456678e-16,1000,20,24,3.554118527056729e-14,2.9624445261614194e-15,1.1562454454811244e-14,5.999906545010152e-13,0.004,0.1739360409787437,,,,
-2,4,3,2,schwarzschild-overtone-continuation,ell4-uniform-40,37,37,52,0.7115384615384616,0x1.6c4ec4ec4ec4fp-1,1.0442212616482238,-0.42644194946195685,16.94394152800012,0.5250045418151861,true,4.802559431823153e-13,5.810469165661947e-16,1000,20,24,1.705880708979907e-13,0.0,1.5766730566536975e-14,7.50174994882676e-13,0.004,0.17209323088841372,,,,
-2,4,3,2,schwarzschild-overtone-continuation,ell4-uniform-40,38,19,26,0.7307692307692307,0x1.7627627627627p-1,1.0576746917331905,-0.42169234417658435,16.89292175867941,0.5397646748989783,true,2.2403409359891383e-14,2.5673907444456745e-16,1000,20,24,4.98034961342355e-14,0.0,0.0,1.1686214096612364e-13,0.004,0.1700751691067291,,,,
-2,4,3,2,schwarzschild-overtone-continuation,ell4-uniform-40,39,3,4,0.75,0x1.8000000000000p-1,1.07186834510124,-0.4164429020638733,16.839258452565023,0.5539842042173287,true,4.271574971572196e-14,4.779784928769661e-16,1000,20,24,1.0302893595714027e-13,0.0,0.0,2.5262548583483234e-13,0.004,0.16785537438398637,KerrQNMEFs-2/l4/s-2l4m3n2.dat,751,2.9504581591051763e-15,1.1270267596300763e-14
-2,4,4,0,schwarzschild-overtone-continuation,ell4-uniform-40,0,0,1,0.0,0x0.0p+0,0.8091783775322384,-0.09416396098892725,18.0,0.0,true,7.474431704668392e-14,2.514331927660129e-16,1000,20,24,0.0,0.0,2.3592239273284576e-15,1.8337940561039148e-13,0.004,,KerrQNMEFs-2/l4/s-2l4m4n0.dat,1,4.051933808678556e-15,0.0
-2,4,4,0,schwarzschild-overtone-continuation,ell4-uniform-40,1,1,52,0.019230769230769232,0x1.3b13b13b13b14p-6,0.8146032439163339,-0.09413504546828617,17.974848344079547,0.002916844398953021,true,7.469284796383989e-14,2.5476231888929306e-16,1000,20,24,6.938893903907228e-18,0.0,0.0,1.1811854716751778e-13,0.004,,,,,
-2,4,4,0,schwarzschild-overtone-continuation,ell4-uniform-40,2,1,26,0.038461538461538464,0x1.3b13b13b13b14p-5,0.8201399363181511,-0.09410044098142965,17.949176754389075,0.005873032555917897,true,7.232657794854416e-14,1.7235854893846466e-16,1000,20,24,2.8421712818535595e-14,0.0,1.5463617361248926e-15,1.4571016336180839e-13,0.004,,,,,
-2,4,4,0,schwarzschild-overtone-continuation,ell4-uniform-40,3,3,52,0.057692307692307696,0x1.d89d89d89d89ep-5,0.8257927303609947,-0.09405984155452714,17.92296615684008,0.008869103079335939,true,1.9056757497736727e-13,4.494775313252277e-16,1000,20,24,7.815971825928302e-14,3.824331575279093e-15,8.214947085849458e-15,3.685330437424725e-13,0.004,,,,,
-2,4,4,0,schwarzschild-overtone-continuation,ell4-uniform-40,4,1,13,0.07692307692307693,0x1.3b13b13b13b14p-4,0.831566149617838,-0.09401292047331133,17.89619641359982,0.011905590729849237,true,8.530790740541077e-14,4.531581184534698e-16,1000,20,24,2.842170943040401e-14,0.0,1.72000610102791e-15,1.6667742439507203e-13,0.004,,,,,
-2,4,4,0,schwarzschild-overtone-continuation,ell4-uniform-40,5,5,52,0.09615384615384616,0x1.89d89d89d89d9p-4,0.83746498524631,-0.09395932848190232,17.868846241463263,0.014983024309029837,true,1.1029539121477288e-13,1.8319205572553517e-16,1000,20,24,3.469446951953614e-17,2.210013198821679e-15,5.482850345299051e-15,5.739756401999348e-14,0.004,,,,,
-2,4,4,0,schwarzschild-overtone-continuation,ell4-uniform-40,6,3,26,0.11538461538461539,0x1.d89d89d89d89ep-4,0.8434943176179087,-0.09389869178694492,17.84089312213225,0.01810192420774268,true,1.0002191411795442e-13,2.7344877050525285e-16,1000,20,24,7.105549329298523e-15,1.9516433206440762e-15,3.675518411721572e-15,1.554293201963985e-13,0.004,,,,,
-2,4,4,0,schwarzschild-overtone-continuation,ell4-uniform-40,7,7,52,0.1346153846153846,0x1.13b13b13b13b1p-3,0.849659540190779,-0.09383060984136593,17.812313203407967,0.021262799560161853,true,1.1719244156470936e-13,4.934426949698985e-16,1000,20,24,5.684358826714503e-14,0.0,0.0,9.629288854206394e-14,0.004,,,,,
-2,4,4,0,schwarzschild-overtone-continuation,ell4-uniform-40,8,2,13,0.15384615384615385,0x1.3b13b13b13b14p-3,0.8559663859129122,-0.09375465287837158,17.783081190157418,0.024466144940114183,true,2.6156062778119388e-14,1.8735013540549517e-16,1000,20,24,2.8421712818535595e-14,0.0,0.0,2.5323055527426155e-13,0.004,,,,,
-2,4,4,0,schwarzschild-overtone-continuation,ell4-uniform-40,9,9,52,0.17307692307692307,0x1.6276276276276p-3,0.8624209564863915,-0.09367035916141417,17.753170223739648,0.027712436525187047,true,2.1538326677728037e-13,2.9504581591051765e-16,1000,20,24,3.552756030195431e-14,0.0,0.0,4.318340008871832e-13,0.004,,,,,
-2,4,4,0,schwarzschild-overtone-continuation,ell4-uniform-40,10,5,26,0.19230769230769232,0x1.89d89d89d89d9p-3,0.8690297548752347,-0.09357723191041974,17.722551748379185,0.03100212764063131,true,3.7177057572564685e-14,2.9052345828309734e-16,1000,20,24,4.263259181533998e-14,0.0,0.0,2.7605958383111312e-14,0.004,,,,,
-2,4,4,0,schwarzschild-overtone-continuation,ell4-uniform-40,11,11,52,0.21153846153846154,0x1.b13b13b13b13bp-3,0.8757997215006037,-0.0934747358577888,17.691195362729317,0.03433564357886237,true,4.5644615832486406e-14,2.220446049250313e-16,1000,20,24,2.1316571191421636e-14,0.0,2.1995746437198207e-15,1.3718619402506938e-13,0.004,,,,,
-2,4,4,0,schwarzschild-overtone-continuation,ell4-uniform-40,12,3,13,0.23076923076923078,0x1.d89d89d89d89ep-3,0.8827382746401607,-0.0933622933801878,17.659068654588218,0.037713375570989284,true,2.2644195468014703e-15,3.0436364816617974e-16,1000,20,24,3.5527269602522885e-14,0.0,2.67898823023899e-15,1.6704676985627628e-13,0.004,,,,,
-2,4,4,0,schwarzschild-overtone-continuation,ell4-uniform-40,13,1,4,0.25,0x1.0000000000000p-2,0.8898533556352078,-0.09323928014206181,17.62613701638923,0.04113567376293753,true,1.0761629500010523e-13,5.311767472816653e-16,1000,20,24,1.2789771954186947e-13,0.0,3.6515463551728534e-15,1.6221615985857842e-13,0.004,,KerrQNMEFs-2/l4/s-2l4m4n0.dat,251,2.5004677505336322e-15,3.9097026984329055e-14
-2,4,4,0,schwarzschild-overtone-continuation,ell4-uniform-40,14,7,26,0.2692307692307692,0x1.13b13b13b13b1p-2,0.8971534796135516,-0.09310502017596589,17.592363438684934,0.04460283902012943,true,7.665042798749637e-14,2.3592239273284576e-16,1000,20,24,7.105427899702067e-14,0.0,0.0,2.592287791614023e-13,0.004,,,,,
-2,4,4,0,schwarzschild-overtone-continuation,ell4-uniform-40,15,15,52,0.28846153846153844,0x1.2762762762762p-2,0.9046477925612593,-0.09295878031083157,17.557708278353605,0.04811511334945409,true,4.076983236545434e-14,3.469446951953614e-17,1000,20,24,7.105505419728616e-14,0.0,2.2648022476336705e-15,1.2687668362298202e-14,0.004,,,,,
-2,4,4,0,schwarzschild-overtone-continuation,ell4-uniform-40,16,4,13,0.3076923076923077,0x1.3b13b13b13b14p-2,0.9123461357281462,-0.09279976384234516,17.52212899767623,0.05167266868398408,true,1.00682967016851e-13,5.551115123125783e-17,1000,20,24,4.26326454606914e-14,0.0,5.6343818499726694e-15,1.682506272911219e-13,0.004,,,,,
-2,4,4,0,schwarzschild-overtone-continuation,ell4-uniform-40,17,17,52,0.3269230769230769,0x1.4ec4ec4ec4ec5p-2,0.9202591185357717,-0.09262710331966756,17.485579869715718,0.0552755937228742,true,6.141450319825084e-15,2.6558837364083264e-16,1000,20,24,4.9737999247507645e-14,0.0,0.0,1.0209127041528239e-13,0.004,,,,,
-2,4,4,0,schwarzschild-overtone-continuation,ell4-uniform-40,18,9,26,0.34615384615384615,0x1.6276276276276p-2,0.9283982013813149,-0.0924398522970815,17.448011644565817,0.058923878452603745,true,1.5495150120774248e-13,7.782704976483342e-16,1000,20,24,6.394887031178609e-14,0.0,0.0,3.405617045266823e-14,0.004,,,,,
-2,4,4,0,schwarzschild-overtone-continuation,ell4-uniform-40,19,19,52,0.36538461538461536,0x1.7627627627627p-2,0.9367757900064598,-0.0922369758687621,17.409371169978357,0.06261739589379217,true,1.7613050586941572e-14,4.518280359883027e-16,1000,20,24,8.526513280872096e-14,0.0,3.248351116999021e-15,1.4960270705188336e-13,0.004,,,,,
-2,4,4,0,schwarzschild-overtone-continuation,ell4-uniform-40,20,5,13,0.38461538461538464,0x1.89d89d89d89d9p-2,0.9454053434402971,-0.09201733976621063,17.369600958564995,0.06635588051468203,true,1.357381026741138e-14,4.47545209131181e-16,1000,20,24,1.421616631318792e-14,0.0,7.027150473277823e-16,3.416890603644046e-14,0.004,,,,,
-2,4,4,0,schwarzschild-overtone-continuation,ell4-uniform-40,21,21,52,0.40384615384615385,0x1.9d89d89d89d8ap-2,0.9543014979475506,-0.09177969775018445,17.328638692156208,0.07013890262271882,true,2.3961277670048557e-14,2.7755575615628914e-17,1000,20,24,9.947599849501529e-14,0.0,0.0,2.1846300548576003e-14,0.004,,,,,
-2,4,4,0,schwarzschild-overtone-continuation,ell4-uniform-40,22,11,26,0.4230769230769231,0x1.b13b13b13b13bp-2,0.9634802099405293,-0.09152267696884313,17.28641665187813,0.07396583788118022,true,2.107568273961394e-13,6.269627593800408e-16,1000,20,24,2.842192627001133e-14,0.0,0.0,1.2681760323380612e-13,0.004,,,,,
-2,4,4,0,schwarzschild-overtone-continuation,ell4-uniform-40,23,23,52,0.4423076923076923,0x1.c4ec4ec4ec4ecp-2,0.972958921476144,-0.09124476087797673,17.242861059978477,0.07783583088797996,true,4.691818790212633e-14,4.449557262054371e-16,1000,20,24,3.552752709864308e-14,0.0,0.0,3.1502174826002614e-14,0.004,,,,,
-2,4,4,0,schwarzschild-overtone-continuation,ell4-uniform-40,24,6,13,0.46153846153846156,0x1.d89d89d89d89ep-2,0.9827567527984966,-0.09094426922244121,17.197891316227683,0.0817477514840692,true,6.261815335348879e-14,1.734723475976807e-16,1000,20,24,5.684439463438819e-14,0.0,0.0,1.2151034703421617e-13,0.004,,,,,
-2,4,4,0,schwarzschild-overtone-continuation,ell4-uniform-40,25,25,52,0.4807692307692308,0x1.ec4ec4ec4ec4fp-2,0.9928947274582131,-0.09061933445407673,17.15141910765138,0.08570014210985744,true,2.7949409857725205e-14,9.020562075079397e-17,1000,20,24,1.2079231610048497e-13,0.0,0.0,6.536413896531491e-14,0.004,,,,,
-2,4,4,0,schwarzschild-overtone-continuation,ell4-uniform-40,26,1,2,0.5,0x1.0000000000000p-1,1.0033960369163821,-0.09026787380091053,17.103347365118804,0.08969115407246545,true,2.6216312930574477e-14,1.2118257228641695e-16,1000,20,24,1.421616631318792e-14,0.0,0.0,5.6805242124354586e-14,0.004,,KerrQNMEFs-2/l4/s-2l4m4n0.dat,501,2.227763199644762e-15,2.4903186571042144e-14
-2,4,4,0,schwarzschild-overtone-continuation,ell4-uniform-40,27,27,52,0.5192307692307693,0x1.09d89d89d89d9p-1,1.0142863533261806,-0.08988755599359541,17.053569033540587,0.09371846998737746,true,1.4172291530680029e-13,3.927683650008203e-16,1000,20,24,8.52656749080552e-14,0.0,0.0,1.1253719159216212e-13,0.004,,,,,
-2,4,4,0,schwarzschild-overtone-continuation,ell4-uniform-40,28,7,13,0.5384615384615384,0x1.13b13b13b13b1p-1,1.0255942015221844,-0.08947576137963341,17.001965613595612,0.09777920886191618,true,3.9554490188677036e-14,5.721958498152797e-16,1000,20,24,4.263257318062316e-14,0.0,2.198304668706422e-15,2.30476738034161e-13,0.004,,,,,
-2,4,4,0,schwarzschild-overtone-continuation,ell4-uniform-40,29,29,52,0.5576923076923077,0x1.1d89d89d89d8ap-1,1.0373514043356125,-0.089029533790313,16.948405421237325,0.10186980922071251,true,1.7485219603417007e-14,5.881301029635769e-16,1000,20,24,8.526628476568654e-14,0.0,1.1133411481696098e-15,8.564476581771517e-14,0.004,,,,,
-2,4,4,0,schwarzschild-overtone-continuation,ell4-uniform-40,30,15,26,0.5769230769230769,0x1.2762762762762p-1,1.0495936194792546,-0.08854552203363728,16.892741495691563,0.10598588422662708,true,2.0801206852337318e-14,1.1188630228279524e-16,1000,20,24,1.2789812611695176e-13,0.0,0.0,3.829545308012999e-14,0.004,,,,,
-2,4,4,0,schwarzschild-overtone-continuation,ell4-uniform-40,31,31,52,0.5961538461538461,0x1.313b13b13b13bp-1,1.0623609918197516,-0.08801990821863084,16.83480906569397,0.1101220407678222,true,3.795355502301743e-14,3.7192730237993177e-16,1000,20,24,1.4214757307157084e-14,0.0,0.0,1.2750330212911152e-13,0.004,,,,,
-2,4,4,0,schwarzschild-overtone-continuation,ell4-uniform-40,32,8,13,0.6153846153846154,0x1.3b13b13b13b14p-1,1.0756989524797607,-0.08744831919714875,16.774422455108464,0.1142716517299355,true,6.028214548029264e-14,3.6638411145107034e-16,1000,20,24,8.526549420866006e-14,0.0,0.0,7.250495895035609e-14,0.004,,,,,
-2,4,4,0,schwarzschild-overtone-continuation,ell4-uniform-40,33,33,52,0.6346153846153846,0x1.44ec4ec4ec4ecp-1,1.0896592067842668,-0.08682571612708613,16.7113712694775,0.11842656680190652,true,1.220357330473039e-13,1.1796119636642288e-16,1000,20,24,6.106226635438361e-16,1.7101241535490975e-15,3.4188121094163242e-15,2.030763012305536e-13,0.004,,,,,
-2,4,4,0,schwarzschild-overtone-continuation,ell4-uniform-40,34,17,26,0.6538461538461539,0x1.4ec4ec4ec4ec5p-1,1.1043009679402132,-0.08614625534583108,16.64541564948304,0.122576741639873,true,1.0209616005065755e-13,5.468975410105057e-16,1000,20,24,2.1316932584180632e-14,2.010699415441723e-15,3.943856339151536e-15,3.2963865882154703e-13,0.004,,,,,
-2,4,4,0,schwarzschild-overtone-continuation,ell4-uniform-40,35,35,52,0.6730769230769231,0x1.589d89d89d89ep-1,1.119692514608,-0.08540311113126493,16.576280297990756,0.12670975720071134,true,9.358198888203669e-15,6.280369834735101e-16,1000,20,24,7.106129885878562e-14,0.0,2.9698465908722937e-15,1.9173217344016693e-13,0.004,,,,,
-2,4,4,0,schwarzschild-overtone-continuation,ell4-uniform-40,36,9,13,0.6923076923076923,0x1.6276276276276p-1,1.1359131814810268,-0.08458824710306037,16.503646872188316,0.13081018922700818,true,2.2496745864810213e-14,2.498001805406602e-16,1000,20,24,8.526524122886352e-14,0.0,2.638970003411226e-15,7.788671492077182e-14,0.004,,,,,
-2,4,4,0,schwarzschild-overtone-continuation,ell4-uniform-40,37,37,52,0.7115384615384616,0x1.6c4ec4ec4ec4fp-1,1.153055937942776,-0.08369211730378166,16.427144161755756,0.1348587700530545,true,6.90684547029207e-14,2.2729511820139823e-16,1000,20,24,1.2789889710022523e-13,1.3322676295501878e-15,3.287161382254389e-15,1.9666387369717913e-13,0.004,,,,,
-2,4,4,0,schwarzschild-overtone-continuation,ell4-uniform-40,38,19,26,0.7307692307692307,0x1.7627627627627p-1,1.171230779592278,-0.08270326927607186,16.346335215787654,0.13883125748985423,true,2.4962248165241262e-14,2.636779683484747e-16,1000,20,24,8.526892743168601e-14,0.0,0.0,2.2757134799389713e-14,0.004,,,,,
-2,4,4,0,schwarzschild-overtone-continuation,ell4-uniform-40,39,3,4,0.75,0x1.8000000000000p-1,1.1905692658382516,-0.08160780780090016,16.260700180615178,0.14269688231566313,true,2.025966904339278e-14,8.989550626504553e-16,1000,20,24,5.685480861879557e-14,0.0,4.236704743275018e-16,2.9999039675253696e-14,0.004,,KerrQNMEFs-2/l4/s-2l4m4n0.dat,751,7.216449660063518e-16,7.29169135308877e-15
-2,4,4,1,schwarzschild-overtone-continuation,ell4-uniform-40,0,0,1,0.0,0x0.0p+0,0.7966315320345059,-0.2843343494048447,18.0,0.0,true,1.2790077635248396e-13,1.0817777879298014e-15,1000,20,24,0.0,0.0,2.4582102826059027e-15,1.8687292946692428e-13,0.004,0.19058383971943915,KerrQNMEFs-2/l4/s-2l4m4n1.dat,1,5.20267141095764e-15,0.0
-2,4,4,1,schwarzschild-overtone-continuation,ell4-uniform-40,1,1,52,0.019230769230769232,0x1.3b13b13b13b14p-6,0.802233220641166,-0.2842160791331848,17.97524119636854,0.00880570507169674,true,1.4786036772077035e-13,2.92505449144803e-16,1000,20,24,2.1316304942680313e-14,0.0,5.056087786996822e-15,4.9437721424040166e-14,0.004,0.1904831143039837,,,,
-2,4,4,1,schwarzschild-overtone-continuation,ell4-uniform-40,2,1,26,0.038461538461538464,0x1.3b13b13b13b14p-5,0.8079487423730056,-0.28408046626046785,17.94997600391433,0.01772639108830698,true,3.00363242467518e-13,2.8177377798042847e-16,1000,20,24,7.105593374119197e-15,5.126297777653475e-15,6.0647044203266556e-15,1.79952049611341e-13,0.004,0.19037078351163064,,,,
-2,4,4,1,schwarzschild-overtone-continuation,ell4-uniform-40,3,3,52,0.057692307692307696,0x1.d89d89d89d89ep-5,0.8137824105247137,-0.28392659120414,17.924185266778903,0.026763657275570805,true,2.736155399523499e-13,3.891352488241671e-16,1000,20,24,2.1316373552165015e-14,4.5819403245542585e-15,5.731375151869636e-15,2.491451289195758e-13,0.004,0.19024623624418574,,,,
-2,4,4,1,schwarzschild-overtone-continuation,ell4-uniform-40,4,1,13,0.07692307692307693,0x1.3b13b13b13b14p-4,0.8197387871477945,-0.28375347215876373,17.897848747128325,0.03591909233464729,true,5.106060410683998e-14,3.290674871864012e-16,1000,20,24,6.394892000434763e-14,0.0,1.1827393001361067e-14,7.75319223537933e-13,0.004,0.19010882003972784,,,,
-2,4,4,1,schwarzschild-overtone-continuation,ell4-uniform-40,5,5,52,0.09615384615384616,0x1.89d89d89d89d9p-4,0.8258227026947917,-0.2835600596972357,17.870945041719416,0.04519426823503532,true,1.3229088850834795e-13,4.506008925723787e-16,1000,20,24,2.1316828684389942e-14,0.0,0.0,2.0487679201389506e-13,0.004,0.18995783748084333,,,,
-2,4,4,1,schwarzschild-overtone-continuation,ell4-uniform-40,6,3,26,0.11538461538461539,0x1.d89d89d89d89ep-4,0.8320392776559917,-0.2833452307886628,17.843451490181085,0.05459073299830337,true,1.6347369586723516e-13,5.117875266520903e-16,1000,20,24,3.552713678800501e-14,1.790180836524724e-15,2.3188782643185826e-15,9.189964554499735e-14,0.004,0.18979254221454153,,,,
-2,4,4,1,schwarzschild-overtone-continuation,ell4-uniform-40,7,7,52,0.1346153846153846,0x1.13b13b13b13b1p-3,0.8383939464375172,-0.28310778215642984,17.815344073993785,0.06411000231198884,true,1.5257873832616256e-13,4.443059973708341e-16,1000,20,24,5.551115123125783e-17,0.0,0.0,4.579498662597545e-13,0.004,0.189612134533104,,,,
-2,4,4,1,schwarzschild-overtone-continuation,ell4-uniform-40,8,2,13,0.15384615384615385,0x1.3b13b13b13b14p-3,0.8448924837672045,-0.2828464228881027,17.78659730499788,0.0737535497850457,true,2.5140980168870636e-13,3.7238012298709097e-16,1000,20,24,2.842562584091839e-14,3.3399081181809284e-15,5.617333549722722e-15,5.851215348863257e-13,0.004,0.18941575645691608,,,,
-2,4,4,1,schwarzschild-overtone-continuation,ell4-uniform-40,9,9,52,0.17307692307692307,0x1.6276276276276p-3,0.8515410339584517,-0.2825597661948173,17.757184102089496,0.08352279562278125,true,4.914205796774639e-13,1.3472894910096233e-16,1000,20,24,8.52655800409205e-14,6.628180228947167e-15,8.62265274246159e-15,1.395380309374162e-13,0.004,0.18920248625122404,,,,
-2,4,4,1,schwarzschild-overtone-continuation,ell4-uniform-40,10,5,26,0.19230769230769232,0x1.89d89d89d89d9p-3,0.8583461434139857,-0.28224632020114054,17.727075654551754,0.09341909345912536,true,5.347726616659151e-14,1.249000902703301e-16,1000,20,24,2.842172298292793e-14,0.0,0.0,2.5341778676399896e-13,0.004,0.18897133229753857,,,,
-2,4,4,1,schwarzschild-overtone-continuation,ell4-uniform-40,11,11,52,0.21153846153846154,0x1.b13b13b13b13bp-3,0.8653147968127516,-0.2819044776266837,17.696241270224945,0.10344371503584104,true,1.5364780722441276e-13,2.582350176184633e-16,1000,20,24,7.107378653578542e-15,2.7577367830154345e-15,5.450279209566123e-15,4.464139273541756e-13,0.004,0.18872122622747642,,,,
-2,4,4,1,schwarzschild-overtone-continuation,ell4-uniform-40,12,3,13,0.23076923076923078,0x1.d89d89d89d89ep-3,0.8724544574957309,-0.281532504196902,17.6646482064309,0.11359783235996418,true,6.657192024819206e-14,3.5005327124830286e-16,1000,20,24,8.326672684688674e-17,0.0,0.0,2.6102209844638566e-13,0.004,0.18845101521049637,,,,
-2,4,4,1,schwarzschild-overtone-continuation,ell4-uniform-40,13,1,4,0.25,0x1.0000000000000p-2,0.879773112653641,-0.28112852559252505,17.632261481216233,0.12388249690022235,true,4.3158982986779407e-14,2.237726045655905e-16,1000,20,24,9.947697427203281e-14,0.0,2.234280737922546e-15,6.222767469229943e-13,0.004,0.18815945326906072,KerrQNMEFs-2/l4/s-2l4m4n1.dat,251,2.638970003411226e-15,2.8423349238884996e-14
-2,4,4,1,schwarzschild-overtone-continuation,ell4-uniform-40,14,7,26,0.2692307692307692,0x1.13b13b13b13b1p-2,0.8872793240232818,-0.28069051271268985,17.5990436620696,0.13429861529713977,true,6.549826576191286e-14,1.5959455978986625e-16,1000,20,24,4.263964701143492e-14,7.771561172376096e-16,7.637979387994094e-15,5.939071839388599e-13,0.004,0.1878451914712383,,,,
-2,4,4,1,schwarzschild-overtone-continuation,ell4-uniform-40,15,15,52,0.28846153846153844,0x1.2762762762762p-2,0.894982284924544,-0.2802162649857291,17.564954628767623,0.14484692095650506,true,4.649170765099484e-14,4.163336342344337e-17,1000,20,24,3.553446523884356e-14,0.0,1.6476622377199301e-15,6.226537737777479e-13,0.004,0.18750676682361328,,,,
-2,4,4,1,schwarzschild-overtone-continuation,ell4-uniform-40,16,4,13,0.3076923076923077,0x1.3b13b13b13b14p-2,0.9028918846214881,-0.27970339141152134,17.529951306407273,0.15552794076692716,true,2.320118565710946e-13,3.908020529499657e-16,1000,20,24,5.551115123125783e-16,4.0961813528580004e-15,5.0527346400535616e-15,3.0518881931316874e-13,0.004,0.18714258965426617,,,,
-2,4,4,1,schwarzschild-overtone-continuation,ell4-uniform-40,17,17,52,0.3269230769230769,0x1.4ec4ec4ec4ec5p-2,0.9110187811745591,-0.27914928895810276,17.49398736395273,0.166341956023057,true,1.1369030711563004e-13,6.938893903907228e-18,1000,20,24,9.237337453144941e-14,0.0,0.0,9.368072144568357e-15,0.004,0.1867509292343358,,,,
-2,4,4,1,schwarzschild-overtone-continuation,ell4-uniform-40,18,9,26,0.34615384615384615,0x1.6276276276276p-2,0.9193744841755084,-0.27855111786032594,17.457012872742535,0.17728895643899217,true,9.33274368541829e-14,2.7755575615628914e-16,1000,20,24,1.4221692604176232e-14,0.0,1.0053497077208614e-15,1.6676244628739507e-13,0.004,0.1863298973373915,,,,
-2,4,4,1,schwarzschild-overtone-continuation,ell4-uniform-40,19,19,52,0.36538461538461536,0x1.7627627627627p-2,0.9279714490316446,-0.2779057732757543,17.4189739183157,0.18836858589058558,true,3.574849180676073e-14,4.506008925723787e-16,1000,20,24,9.43689570931383e-16,0.0,0.0,1.7900045638869705e-13,0.004,0.18587742937365878,,,,
-2,4,4,1,schwarzschild-overtone-continuation,ell4-uniform-40,20,5,13,0.38461538461538464,0x1.89d89d89d89d9p-2,0.936823184805983,-0.27720985263844006,17.379812157582773,0.1995800782178131,true,4.6897166265737003e-14,2.237726045655905e-16,1000,20,24,1.4211830463658726e-14,0.0,0.0,7.69595197256282e-14,0.004,0.1853912626602327,,,,
-2,4,4,1,schwarzschild-overtone-continuation,ell4-uniform-40,21,21,52,0.40384615384615385,0x1.9d89d89d89d8ap-2,0.945944378041272,-0.2764596179078258,17.33946431171279,0.21092218103039773,true,2.30422395702168e-13,5.342948306008566e-16,1000,20,24,3.552869800483006e-14,0.0,6.329245045284193e-15,1.781823215860205e-13,0.004,0.18486891129273386,,,,
-2,4,4,1,schwarzschild-overtone-continuation,ell4-uniform-40,22,11,26,0.4230769230769231,0x1.b13b13b13b13bp-2,0.9553510355226048,-0.275650951730494,17.297861583045833,0.22239306496834527,true,2.0127630015193384e-13,3.469446951953614e-17,1000,20,24,6.394923171135289e-14,0.0,0.0,2.4068416355745915e-13,0.004,0.1843076369644487,,,,
-2,4,4,1,schwarzschild-overtone-continuation,ell4-uniform-40,23,23,52,0.4423076923076923,0x1.c4ec4ec4ec4ecp-2,0.9650606495955846,-0.27477930630516356,17.254928981757928,0.2339902152416074,true,8.651907554666057e-14,1.3472894910096233e-16,1000,20,24,4.9738022480402295e-14,0.0,6.143707791072001e-15,4.775231203600638e-13,0.004,0.18370441492752249,,,,
-2,4,4,1,schwarzschild-overtone-continuation,ell4-uniform-40,24,6,13,0.46153846153846156,0x1.d89d89d89d89ep-2,0.9750923904951863,-0.27383964345199124,17.210584544733255,0.24571030146662254,true,4.612171651982431e-14,5.60334479738423e-16,1000,20,24,7.106893047768712e-14,0.0,7.852032228899707e-15,3.595282722707988e-13,0.004,0.18305589409817855,,,,
-2,4,4,1,schwarzschild-overtone-continuation,ell4-uniform-40,25,25,52,0.4807692307692308,0x1.ec4ec4ec4ec4fp-2,0.9854673312102818,-0.2728263640163153,17.164738424945547,0.25754902077366704,true,1.2499356074575257e-13,6.938893903907228e-17,1000,20,24,4.263314238284327e-14,0.0,0.0,4.320703315263202e-13,0.004,0.18235835006085757,,,,
-2,4,4,1,schwarzschild-overtone-continuation,ell4-uniform-40,26,1,2,0.5,0x1.0000000000000p-1,0.9962087117840737,-0.2717332242569658,17.117291824312428,0.26950090779642943,true,5.35564958840998e-14,7.114312260401321e-16,1000,20,24,1.4232089213012222e-14,1.1710090180710446e-15,3.420135685938544e-15,1.6716700009803198e-13,0.004,0.18160762940663167,KerrQNMEFs-2/l4/s-2l4m4n1.dat,501,1.4271872719387392e-15,1.4366560488860628e-14
-2,4,4,1,schwarzschild-overtone-continuation,ell4-uniform-40,27,27,52,0.5192307692307693,0x1.09d89d89d89d9p-1,1.0073422517346158,-0.2705532362436468,17.068135736083068,0.2815591033623502,true,8.133624509657248e-14,2.423651445728339e-16,1000,20,24,6.397669210494447e-14,0.0,3.614624287906422e-15,9.539574784253315e-14,0.004,0.18079908342446813,,,,
-2,4,4,1,schwarzschild-overtone-continuation,ell4-uniform-40,28,7,13,0.5384615384615384,0x1.13b13b13b13b1p-1,1.0188965216142574,-0.26927854846373617,17.017149453806724,0.29371507132059255,true,1.9701751404735542e-13,4.718958039861916e-16,1000,20,24,2.843233262637584e-14,0.0,0.0,1.143167488152889e-13,0.004,0.17992748861516472,,,,
-2,4,4,1,schwarzschild-overtone-continuation,ell4-uniform-40,29,29,52,0.5576923076923077,0x1.1d89d89d89d8ap-1,1.030903387813062,-0.2679003017439211,16.964198792040108,0.3059582497509133,true,7.163614592989342e-14,5.468975410105057e-16,1000,20,24,1.4211288389453755e-14,0.0,0.0,2.246723857243891e-13,0.004,0.17898695076845295,,,,
-2,4,4,1,schwarzschild-overtone-continuation,ell4-uniform-40,30,15,26,0.5769230769230769,0x1.2762762762762p-1,1.0433985488336295,-0.26640845412022024,16.90913394811233,0.31827561846744923,true,5.2560823755821785e-14,2.396682302503803e-16,1000,20,24,4.974802710516532e-14,0.0,0.0,5.634335362609912e-14,0.004,0.17797078836354216,,,,
-2,4,4,1,schwarzschild-overtone-continuation,ell4-uniform-40,31,31,52,0.5961538461538461,0x1.313b13b13b13bp-1,1.0564221868348318,-0.26479156628969314,16.85178691291274,0.33065115879680546,true,6.664630995526672e-14,4.467376080957673e-16,1000,20,24,1.2789942714852983e-13,0.0,0.0,2.2096651466230916e-13,0.004,0.17687138972101019,,,,
-2,4,4,1,schwarzschild-overtone-continuation,ell4-uniform-40,32,8,13,0.6153846153846154,0x1.3b13b13b13b14p-1,1.0700197658618729,-0.2630365365242545,16.79196830953009,0.3430651733726223,true,1.349872324446061e-13,4.875529749534861e-16,1000,20,24,1.3500353064935396e-13,0.0,0.0,4.5775667985222375e-14,0.004,0.1756800365003142,,,,
-2,4,4,1,schwarzschild-overtone-continuation,ell4-uniform-40,33,33,52,0.6346153846153846,0x1.44ec4ec4ec4ecp-1,1.0842430187455487,-0.26112827008671674,16.729463498273777,0.355493422101389,true,1.1407216070035185e-13,3.576728904403046e-16,1000,20,24,1.4212589332811784e-14,0.0,0.0,3.28828793474262e-13,0.004,0.1743866835791102,,,,
-2,4,4,1,schwarzschild-overtone-continuation,ell4-uniform-40,34,17,26,0.6538461538461539,0x1.4ec4ec4ec4ec5p-1,1.09915117951943,-0.259049262751965,16.664027730047945,0.3679060139122796,true,3.339420935829569e-13,2.7755575615628914e-17,1000,20,24,2.1316571191421636e-14,0.0,0.0,9.015448475654658e-14,0.004,0.17297968172841696,,,,
-2,4,4,1,schwarzschild-overtone-continuation,ell4-uniform-40,35,35,52,0.6730769230769231,0x1.589d89d89d89ep-1,1.1148125394617374,-0.25677907021343105,16.59538004938738,0.380265969907582,true,7.408174753353608e-14,2.7755575615628914e-16,1000,20,24,5.688254509362935e-14,0.0,0.0,1.3464492636985346e-13,0.004,0.1714454242864487,,,,
-2,4,4,1,schwarzschild-overtone-continuation,ell4-uniform-40,36,9,13,0.6923076923076923,0x1.6276276276276p-1,1.131306435809282,-0.25429362369549385,16.52319553137028,0.39252733809462215,true,6.407208558155529e-14,1.4304896245381993e-16,1000,20,24,1.1370440044023687e-13,0.0,2.8951074449790722e-15,2.520081057020376e-13,0.004,0.1697678913990034,,,,
-2,4,4,1,schwarzschild-overtone-continuation,ell4-uniform-40,37,37,52,0.7115384615384616,0x1.6c4ec4ec4ec4fp-1,1.1487258281206574,-0.25156433497420266,16.447095263270775,0.4046326865187444,true,1.7215546523173005e-13,2.9504581591051765e-16,1000,20,24,8.881784197001252e-16,3.2501293141927617e-15,6.778727589240029e-15,3.948510021061867e-13,0.004,0.16792805398937014,,,,
-2,4,4,1,schwarzschild-overtone-continuation,ell4-uniform-40,38,19,26,0.7307692307692307,0x1.7627627627627p-1,1.1671806869516808,-0.24855690786674492,16.3666332195385,0.4165097194812618,true,1.7840686395894066e-13,2.6945789820192466e-16,1000,20,24,5.687116766346677e-14,3.2425355437371536e-15,3.2719809557605568e-15,3.6772302822334104e-13,0.004,0.16590308220211888,,,,
-2,4,4,1,schwarzschild-overtone-continuation,ell4-uniform-40,39,3,4,0.75,0x1.8000000000000p-1,1.186802527861036,-0.24522973233647147,16.281278772022972,0.42806663196799855,true,5.6398018348676894e-14,4.163336342344337e-17,1000,20,24,1.2789812611695176e-13,0.0,0.0,7.142281391417066e-14,0.004,0.16366527580312568,KerrQNMEFs-2/l4/s-2l4m4n1.dat,751,5.91473856174601e-15,4.718447854656915e-14
-2,4,4,2,schwarzschild-overtone-continuation,ell4-uniform-40,0,0,1,0.0,0x0.0p+0,0.772709532606712,-0.47990817512116113,18.0,0.0,true,1.736405847100622e-13,2.5476231888929306e-16,1000,20,24,0.0,0.0,0.0,2.4193041091143997e-13,0.004,0.19703142734584114,KerrQNMEFs-2/l4/s-2l4m4n2.dat,1,3.3879997739887654e-15,0.0
-2,4,4,2,schwarzschild-overtone-continuation,ell4-uniform-40,1,1,52,0.019230769230769232,0x1.3b13b13b13b14p-6,0.7786465083281381,-0.4796041547843662,17.97599176921731,0.014856272063552597,true,4.432677732802473e-13,4.718958039861916e-16,1000,20,24,7.105434980893438e-15,0.0,0.0,1.5689364450645047e-13,0.004,0.19680658806150092,,,,
-2,4,4,2,schwarzschild-overtone-continuation,ell4-uniform-40,2,1,26,0.038461538461538464,0x1.3b13b13b13b14p-5,0.7847009753344447,-0.47927054291746485,17.951506063416712,0.029894029690439958,true,1.573780983530558e-13,4.443059973708341e-16,1000,20,24,7.632783294297951e-17,0.0,3.967397163063965e-15,3.5741429678717355e-13,0.004,0.19656964337771884,,,,
-2,4,4,2,schwarzschild-overtone-continuation,ell4-uniform-40,3,3,52,0.057692307692307696,0x1.d89d89d89d89ep-5,0.7908773224472555,-0.47890580181091874,17.92652353794783,0.04511589582499491,true,8.371994471384158e-14,7.386582113839282e-16,1000,20,24,4.263279002046025e-14,1.0990647210786425e-15,2.3321291051203735e-15,2.0416708621318834e-13,0.004,0.19631998275437654,,,,
-2,4,4,2,schwarzschild-overtone-continuation,ell4-uniform-40,4,1,13,0.07692307692307693,0x1.3b13b13b13b14p-4,0.7971801890832079,-0.47850828993422967,17.90102372953617,0.060524479258258476,true,2.5572752891079575e-14,5.765966151911114e-16,1000,20,24,4.9738022480402295e-14,0.0,5.232202079573946e-15,1.6889408021831845e-13,0.004,0.19605695446322355,,,,
-2,4,4,2,schwarzschild-overtone-continuation,ell4-uniform-40,5,5,52,0.09615384615384616,0x1.89d89d89d89d9p-4,0.8036144849410036,-0.47807625294488826,17.87498496927505,0.0761223646890002,true,5.119984600655243e-13,1.1313802142906541e-15,1000,20,24,4.9738022480402295e-14,6.630039596465037e-15,1.1621468652974849e-14,5.283915176082472e-13,0.004,0.19577986201690353,,,,
-2,4,4,2,schwarzschild-overtone-continuation,ell4-uniform-40,6,3,26,0.11538461538461539,0x1.d89d89d89d89ep-4,0.8101854116792703,-0.47760781372734934,17.848384286949184,0.09191210114141554,true,1.476087334889245e-13,1.6653345369377348e-16,1000,20,24,2.7755575615628914e-17,0.0,0.0,2.3037916942134693e-13,0.004,0.19548796021274192,,,,
-2,4,4,2,schwarzschild-overtone-continuation,ell4-uniform-40,7,7,52,0.1346153846153846,0x1.13b13b13b13b1p-3,0.8168984868337043,-0.47710096133510926,17.821197305622555,0.1078961884758941,true,1.4563959633143237e-13,4.440892098500626e-16,1000,20,24,5.684385254002266e-14,0.0,5.1610446135306005e-15,6.853377145383073e-13,0.004,0.1951804507409243,,,,
-2,4,4,2,schwarzschild-overtone-continuation,ell4-uniform-40,8,2,13,0.15384615384615385,0x1.3b13b13b13b14p-3,0.8237595702592844,-0.4765535386891167,17.79339812527106,0.12407706168311844,true,2.698867911512218e-13,2.996606141238032e-16,1000,20,24,4.996003610813204e-16,0.0,1.0501002090078621e-14,8.054824666979836e-13,0.004,0.1948564772987562,,,,
-2,4,4,2,schwarzschild-overtone-continuation,ell4-uniform-40,9,9,52,0.17307692307692307,0x1.6276276276276p-3,0.8307748934269036,-0.4759632288625501,17.76495919405277,0.14045707259662024,true,1.275587795736338e-13,5.117875266520903e-16,1000,20,24,1.0658258129592922e-13,0.0,2.44312138127538e-15,2.0258452209910593e-13,0.004,0.19451512014351252,,,,
-2,4,4,2,schwarzschild-overtone-continuation,ell4-uniform-40,10,5,26,0.19230769230769232,0x1.89d89d89d89d9p-3,0.8379510919554909,-0.47532753975435443,17.73585116559279,0.15703846859276072,true,2.435459888374148e-13,6.661699538672011e-16,1000,20,24,1.4235228361939208e-14,0.0,0.0,1.3218723942148017e-13,0.004,0.1941553900054053,,,,
-2,4,4,2,schwarzschild-overtone-continuation,ell4-uniform-40,11,11,52,0.21153846153846154,0x1.b13b13b13b13bp-3,0.845295241821707,-0.4746437869211065,17.706042740404506,0.17382336776748536,true,7.924348566781726e-14,4.85722573273506e-17,1000,20,24,3.552713678800501e-14,0.0,0.0,3.2108356230352806e-13,0.004,0.19377622126909852,,,,
-2,4,4,2,schwarzschild-overtone-continuation,ell4-uniform-40,12,3,13,0.23076923076923078,0x1.d89d89d89d89ep-3,0.8528148997619956,-0.4739090742975811,17.67550048926408,0.19081372998301932,true,2.0438961644885536e-13,2.996606141238032e-16,1000,20,24,1.4213564962188567e-14,0.0,4.119810118670014e-15,6.2803698347351e-14,0.004,0.19337646431682998,,,,
-2,4,4,2,schwarzschild-overtone-continuation,ell4-uniform-40,13,1,4,0.25,0x1.0000000000000p-2,0.8605181484682187,-0.4731202724893965,17.644188655993204,0.20801132306099668,true,1.2484594899548427e-13,2.2887833992611187e-16,1000,20,24,3.555007110342465e-14,1.7244233337941968e-15,3.8921195473125236e-15,1.4786036772077035e-13,0.004,0.1929548769072558,KerrQNMEFs-2/l4/s-2l4m4n2.dat,251,3.1441076983065966e-15,1.0751730459138481e-14
-2,4,4,2,schwarzschild-overtone-continuation,ell4-uniform-40,14,7,26,0.2692307692307692,0x1.13b13b13b13b1p-2,0.8684136472821659,-0.472273994264551,17.612068936676263,0.22541768325657913,true,3.4638958368304884e-14,2.5673907444456745e-16,1000,20,24,0.0,0.0,0.0,6.042224978733284e-14,0.004,0.19251011444189786,,,,
-2,4,4,2,schwarzschild-overtone-continuation,ell4-uniform-40,15,15,52,0.28846153846153844,0x1.2762762762762p-2,0.8765106892187281,-0.4713665668022827,17.579100231812184,0.24303406897444085,true,1.4036872454256045e-13,3.0436364816617974e-16,1000,20,24,2.842257677890751e-14,0.0,0.0,1.6597355218691933e-13,0.004,0.1920407189438705,,,,
-2,4,4,2,schwarzschild-overtone-continuation,ell4-uniform-40,16,4,13,0.3076923076923077,0x1.3b13b13b13b14p-2,0.8848192652989161,-0.47039400017456345,17.545238367284096,0.26086140647433675,true,5.883469768860719e-14,3.2398021848425308e-16,1000,20,24,9.238363186946432e-14,7.850462293418876e-16,1.0776171487442689e-14,5.089210030438902e-13,0.004,0.19154510654046528,,,,
-2,4,4,2,schwarzschild-overtone-continuation,ell4-uniform-40,17,17,52,0.3269230769230769,0x1.4ec4ec4ec4ec5p-2,0.8933501373570203,-0.4693519514341717,17.510435779263744,0.27890022605096304,true,2.5433559371059917e-14,1.3877787807814457e-17,1000,20,24,5.684352728092187e-14,0.0,2.899893189269637e-15,4.050960254169386e-14,0.004,0.1910215532010366,,,,
-2,4,4,2,schwarzschild-overtone-continuation,ell4-uniform-40,18,9,26,0.34615384615384615,0x1.6276276276276p-2,0.9021149207098995,-0.46823568355885387,17.47464115724963,0.29715058684669277,true,8.101433657963767e-14,2.2215299868541707e-16,1000,20,24,1.4214757307157084e-14,0.0,1.8881953058541512e-15,1.6262156371966543e-13,0.004,0.19046817843215316,,,,
-2,4,4,2,schwarzschild-overtone-continuation,ell4-uniform-40,19,19,52,0.36538461538461536,0x1.7627627627627p-2,0.9111261783515667,-0.46704001834766395,17.437799038304725,0.31561198804945334,true,1.5712538975297114e-13,3.469446951953614e-16,1000,20,24,7.817515421509416e-14,0.0,0.0,1.7896354368194486e-13,0.004,0.1898829265711014,,,,
-2,4,4,2,schwarzschild-overtone-continuation,ell4-uniform-40,20,5,13,0.38461538461538464,0x1.89d89d89d89d9p-2,0.9203975286745519,-0.46575928217522095,17.399849344169787,0.33428326371872685,true,1.075246270717511e-13,2.3592239273284576e-16,1000,20,24,2.1323508862248838e-14,0.0,2.673771110915334e-15,1.735383355853033e-13,0.004,0.18926354524311734,,,,
-2,4,4,2,schwarzschild-overtone-continuation,ell4-uniform-40,21,21,52,0.40384615384615385,0x1.9d89d89d89d8ap-2,0.9299437691408652,-0.46438724327218067,17.360726851202827,0.3531624578408873,true,5.1347544833954104e-14,8.296839822321556e-16,1000,20,24,5.68473218546349e-14,1.790180836524724e-15,8.331297329690976e-15,5.105336163913988e-13,0.004,0.1886075604536284,,,,
-2,4,4,2,schwarzschild-overtone-continuation,ell4-uniform-40,22,11,26,0.4230769230769231,0x1.b13b13b13b13bp-2,0.9397810188506324,-0.4629170389019177,17.320360580953967,0.3722466754011229,true,8.836482589302081e-14,1.942890293094024e-16,1000,20,24,2.1334777765716796e-14,0.0,0.0,4.382188526487628e-13,0.004,0.1879122476680559,,,,
-2,4,4,2,schwarzschild-overtone-continuation,ell4-uniform-40,23,23,52,0.4423076923076923,0x1.c4ec4ec4ec4ecp-2,0.9499268836176424,-0.461341090426534,17.278673096486134,0.3915319042202723,true,1.7012326738566593e-13,4.518280359883027e-16,1000,20,24,9.948645275071487e-14,0.0,0.0,3.443109304634601e-13,0.004,0.18717459808217551,,,,
-2,4,4,2,schwarzschild-overtone-continuation,ell4-uniform-40,24,6,13,0.46153846153846156,0x1.d89d89d89d89ep-2,0.9604006479977037,-0.45965100377522616,17.23557968616076,0.41101280096929316,true,2.072298414168378e-13,4.506008925723787e-16,1000,20,24,2.8427129924377134e-14,0.0,1.336885555457667e-15,2.594712584393255e-13,0.004,0.18639127909530365,,,,
-2,4,4,2,schwarzschild-overtone-continuation,ell4-uniform-40,25,25,52,0.4807692307692308,0x1.ec4ec4ec4ec4fp-2,0.9712234997838428,-0.45783745221240907,17.190987412275298,0.4306824330447411,true,1.5369593295478967e-13,3.7192730237993177e-16,1000,20,24,2.1320907500235726e-14,0.0,6.772360450213455e-15,5.970171229405396e-13,0.004,0.1855585877538617,,,,
-2,4,4,2,schwarzschild-overtone-continuation,ell4-uniform-40,26,1,2,0.5,0x1.0000000000000p-1,0.9824187938552928,-0.4558900375066212,17.144793996399006,0.45053196573100196,true,1.4132088146300375e-13,4.445768331151997e-16,1000,20,24,2.1317438523750435e-14,0.0,5.584598387299587e-15,2.803244324491038e-13,0.004,0.18467239561653762,KerrQNMEFs-2/l4/s-2l4m4n2.dat,501,3.8909317787439015e-15,7.32410687763558e-15
-2,4,4,2,schwarzschild-overtone-continuation,ell4-uniform-40,27,27,52,0.5192307692307693,0x1.09d89d89d89d9p-1,0.9940123640486254,-0.4537971245626601,17.096886506076284,0.47055028110338737,true,7.906783589979252e-14,5.129621610332541e-16,1000,20,24,2.1351237002952224e-14,0.0,0.0,7.01885770842038e-14,0.004,0.18372808307929447,,,,
-2,4,4,2,schwarzschild-overtone-continuation,ell4-uniform-40,28,7,13,0.5384615384615384,0x1.13b13b13b13b1p-1,1.0060328940507806,-0.4515456432119093,17.047139798206707,0.4907235111782635,true,6.771741609105993e-14,5.551115123125783e-16,1000,20,24,2.848430738093266e-14,0.0,0.0,3.416197920472356e-13,0.004,0.18272046065515316,,,,
-2,4,4,2,schwarzschild-overtone-continuation,ell4-uniform-40,29,29,52,0.5576923076923077,0x1.1d89d89d89d8ap-1,1.0185123613957447,-0.4491208490377063,16.995414662072086,0.5110344625203669,true,2.6401467683696793e-13,3.394388883480595e-16,1000,20,24,2.844793502339404e-14,4.2711132545550575e-15,8.510422543011842e-15,3.668039773040925e-13,0.004,0.18164367398049872,,,,
-2,4,4,2,schwarzschild-overtone-continuation,ell4-uniform-40,30,15,26,0.5769230769230769,0x1.2762762762762p-1,1.0314865727643527,-0.44650603266931216,16.941555588546816,0.5314619023374177,true,3.2624360264908745e-13,4.613190423717512e-16,1000,20,24,4.2674321619146444e-14,0.0,0.0,1.7319763854383378e-13,0.004,0.18049108834821,,,,
-2,4,4,2,schwarzschild-overtone-continuation,ell4-uniform-40,31,31,52,0.5961538461538461,0x1.313b13b13b13bp-1,1.0449958143500806,-0.44368216365649943,16.88538806989197,0.551979666246485,true,1.2878587085651816e-13,5.311767472816653e-16,1000,20,24,9.952454341106685e-14,0.0,5.3579045697976356e-15,5.771582996041881e-13,0.004,0.1792551472466358,,,,
-2,4,4,2,schwarzschild-overtone-continuation,ell4-uniform-40,32,8,13,0.6153846153846154,0x1.3b13b13b13b14p-1,1.0590856486658589,-0.4406274504648588,16.82671530434557,0.5725555342274719,true,4.2780337774645346e-14,2.237726045655905e-16,1000,20,24,7.816096254050241e-14,1.1957467920563633e-15,2.7217452008024307e-15,1.7380405819090706e-13,0.004,0.17792719756438385,,,,
-2,4,4,2,schwarzschild-overtone-continuation,ell4-uniform-40,33,33,52,0.6346153846153846,0x1.44ec4ec4ec4ecp-1,1.07380789972194,-0.43731679175278154,16.76531413799321,0.5931498020449777,true,4.61938172120776e-14,2.5673907444456745e-16,1000,20,24,7.105982447430965e-14,0.0,1.6011864169946884e-15,1.3958254417063957e-13,0.004,0.17649727158205666,,,,
-2,4,4,2,schwarzschild-overtone-continuation,ell4-uniform-40,34,17,26,0.6538461538461539,0x1.4ec4ec4ec4ec5p-1,1.0892218833574534,-0.4337210850580751,16.700930017895235,0.6137134479550187,true,4.5200014116678687e-13,2.2215299868541707e-16,1000,20,24,9.948217825448325e-14,7.447602459741819e-15,8.591863848803995e-15,3.478814712695562e-13,0.004,0.17495381227629636,,,,
-2,4,4,2,schwarzschild-overtone-continuation,ell4-uniform-40,35,35,52,0.6730769230769231,0x1.589d89d89d89ep-1,1.1053959607474384,-0.4298063460218897,16.633270647043922,0.6341857546573468,true,2.1858980361504284e-13,1.4304896245381993e-16,1000,20,24,7.109624149004087e-14,0.0,0.0,2.5146901973071503e-13,0.004,0.17328332328409163,,,,
-2,4,4,2,schwarzschild-overtone-continuation,ell4-uniform-40,36,9,13,0.6923076923076923,0x1.6276276276276p-1,1.1224095240236773,-0.4255325722316492,16.561997910777162,0.6544911875842608,true,9.706778380059866e-14,2.3479724158959924e-16,1000,20,24,1.3500476320665668e-13,0.0,0.0,2.9321862355439303e-13,0.004,0.1714699172889778,,,,
-2,4,4,2,schwarzschild-overtone-continuation,ell4-uniform-40,37,37,52,0.7115384615384616,0x1.6c4ec4ec4ec4fp-1,1.1403555688401625,-0.4208522573045083,16.486717465363927,0.6745352419336285,true,1.3192065960296266e-13,3.469446951953614e-16,1000,20,24,2.135787485786098e-14,0.0,0.0,1.4300775841839746e-13,0.004,0.1694947252492959,,,,
-2,4,4,2,schwarzschild-overtone-continuation,ell4-uniform-40,38,19,26,0.7307692307692307,0x1.7627627627627p-1,1.15934407834759,-0.41570841736250824,16.40696510904395,0.6941988343085326,true,8.143317496275171e-14,2.2247786310271853e-16,1000,20,24,5.685035733124713e-14,0.0,0.0,4.756236902225643e-13,0.004,0.16733511156098102,,,,
-2,4,4,2,schwarzschild-overtone-continuation,ell4-uniform-40,39,3,4,0.75,0x1.8000000000000p-1,1.1795065513118315,-0.41003192399892446,16.322188636930324,0.7133305993673802,true,1.089141801926391e-13,4.875529749534861e-16,1000,20,24,7.817515421509416e-14,1.9389211565826713e-15,5.9383960505938e-15,1.551136925266137e-14,0.004,0.16496361311075372,KerrQNMEFs-2/l4/s-2l4m4n2.dat,751,4.284080064381688e-15,5.044861242362657e-14
